child_lemma	child_pos	child_case	child_number	parent_lemma	parent_pos	parent_case	parent_number	text	sentence	sentence_id	child_lemma_total
gümnaasium	NOUN	Gen	Sing	lõpetamine	NOUN	Par	Sing	gümnaasiumi lõpetamist	Üha rohkem leidub noori , kes pärast ___gümnaasiumi___ ___lõpetamist___ soovivad astuda kõrgkooli .	9	37
aine_tund	NOUN	Gen	Plur	kokku_langevus	NOUN	Par	Plur	ainetundide kokkulangevusi	Tegelikult saab vaba ainevalikut rakendada vaid algul , mida hiljem , seda enam on läbivõtmata ___ainetundide___ ___kokkulangevusi___ .	65	1
kannatlikkus	NOUN	Par	Sing	arvestamine	NOUN	Par	Sing	kannatlikkust arvestamist	Olen õppinud ___kannatlikkust___ ja teistega ___arvestamist___ .	71	1
nädal	NOUN	Nom	Sing	aeg	NOUN	Par	Sing	nädal aega	Kolmandas klassis ( meie 9. kl ) viibitakse ___nädal___ ___aega___ kohustuslikul tööpraktikal .	136	225
põhi_kool	NOUN	Gen	Sing	lõpetamine	NOUN	Par	Sing	põhikooli lõpetamist	Tänu sellele oli meie klassis üks õpilane , kes enne ___põhikooli___ ___lõpetamist___ leidis enda unistuste elukutse .	139	23
kool	NOUN	Gen	Sing	ühis_elamu	NOUN	Par	Sing	kooli ühiselamut	Tiinat ehmatas see , et Tai ___kooli___ ___ühiselamut___ ümbritses kivimüür , mille peal oli okastraat .	144	1013
kooli_päev	NOUN	Gen	Sing	lõpp	NOUN	Par	Sing	koolipäeva lõppu	Kui Eestis on kombeks pärast ___koolipäeva___ ___lõppu___ minna klassikaaslastega kuhugi istuma , näiteks kohvikusse , kellelegi külla , soojal ajal parki või mõne mäe otsa , siis Inglismaal minnakse harilikult kohe koju ja varakult magama .	164	46
kasvatus	NOUN	Gen	Sing	tund	NOUN	Par	Plur	kasvatuse tunde	Võimlas jälgisime väga vahvaid kehalise ___kasvatuse___ ___tunde___ .	237	43
maa_ilm	NOUN	Gen	Sing	naine	NOUN	Par	Plur	Maailma naisi	___Maailma___ rikkamaid ___naisi___ on Inglise kuninganna Elizabeth II , kelle valduses on 5,3 miljardi naela väärtuses kalliskive , kinnisvara , maale , maad ja aktsiaid .	358	223
edu	NOUN	Nom	Sing	saladus	NOUN	Par	Plur	edu saladusi	Üks ___edu___ ___saladusi___ on oskus säilitada huvi ja positiivsust igapäevases elus : olla krooniline entusiast ning võtta iga päeva kui kõige olulisemat oma elus .	378	49
külg	NOUN	Gen	Plur	tundmine	NOUN	Par	Sing	külgede tundmist	Eneseusaldus tähendab vaid oma tugevate ja nõrkade ___külgede___ ___tundmist___ .	452	28
elekter	NOUN	Gen	Sing	olemas_olu	NOUN	Par	Sing	elektri olemasolu	Selleks on vaja ainult ___elektri___ , telefoni ja arvuti ___olemasolu___ .	485	11
aju	NOUN	Gen	Sing	talitlus_mehhanism	NOUN	Par	Sing	aju talitlusmehhanismi	Teised usuvad , et kui õpitakse paremini tundma inimese ___aju___ ___talitlusmehhanismi___ , luuakse neid teadmisi kasutades esimesed tõeliselt intelligentsed arvutid .	517	7
tegemine	NOUN	Gen	Sing	programm	NOUN	Par	Sing	tegemise programmi	Võib osta mõne lehekülgede ___tegemise___ ___programmi___ , näiteks Microsoft Frontpage’i , ja siis tuleb lihtsalt katsetada .	535	87
hulk	NOUN	Gen	Sing	sõda	NOUN	Par	Plur	hulga sõdu	Saja aasta sisse saame paigutada kaks verist maailmasõda ja veel terve ___hulga___ lokaalseid ___sõdu___ , kommunismi ja fašismi tõusu ja languse , siia mahub peaaegu kogu teadus- ja tehnikarevolutsioon , kogu modernistlik kunstimaailm , ka infoühiskonna sünd .	570	45
sajand	NOUN	Gen	Sing	algus	NOUN	Par	Sing	sajandi algust	Ajakirja Luup * toimetus valis enne uue ___sajandi___ ___algust___ välja XX . sajandi 25 kuulsamat eestlast , kelle tegevus on Eestit kõige rohkem mõjutanud .	572	71
sajand	NOUN	Gen	Sing	suur_kuju	NOUN	Par	Sing	sajandi suurkuju	Toimetuse nimekirja kõrval kasutati ka Eesti Entsüklopeediakirjastuse materjale , mille järgi valiti sada ___sajandi___ ___suurkuju___ .	581	71
sajand	NOUN	Gen	Sing	suur_kuju	NOUN	Par	Sing	sajandi suurkuju	Toimetuse nimekirja kõrval kasutati ka Eesti Entsüklopeediakirjastuse materjale , mille järgi valiti sada ___sajandi___ ___suurkuju___ .	585	71
nime_kiri	NOUN	Gen	Sing	pretendent	NOUN	Par	Plur	Nimekirja pretendente	___Nimekirja___ ___pretendente___ oli kokku 500.	597	39
inimene	NOUN	Gen	Sing	saatus	NOUN	Par	Sing	inimese saatust	Astroloogide arvates mõjutavad tähed ___inimese___ ___saatust___ .	653	1323
eestlane	NOUN	Gen	Sing	võidu_tahe	NOUN	Par	Sing	eestlase võidutahet	Kristina Smigun kehastab ___eestlase___ ___võidutahet___ ja eneseületust .	698	119
jalutus_käik	NOUN	Gen	Sing	tee	NOUN	Par	Sing	jalutuskäigu teed	Mis kell sa magama lähed , mis kell sa ärkad , mis kell sa treenid , venitad , sööd , saunas käid , lõõgastuva ___jalutuskäigu___ ___teed___ .	740	8
kuu	NOUN	Gen	Sing	aeg	NOUN	Par	Sing	kuu aega	Kevadel luban endale ___kuu___ ___aega___ vaba inimese elu .	747	156
inimene	NOUN	Gen	Sing	elu	NOUN	Par	Sing	inimese elu	Kevadel luban endale kuu aega vaba ___inimese___ ___elu___ .	747	1323
kuu	NOUN	Nom	Sing	aeg	NOUN	Par	Sing	Kuu aega	___Kuu___ ___aega___ , sest kauem ei suudaks .	748	156
paastu	NOUN	Gen	Sing	algus	NOUN	Par	Sing	paastu algust	Eestlaste vastlapäev on kevadiste liikuvate tähtpäevade seas esimene ning kuulutab katoliku kirikukalendris ___paastu___ ___algust___ .	778	2
poiss	NOUN	Gen	Sing	mõte	NOUN	Par	Plur	poisi mõtteid	Tüdrukud lasksid poistel värvitud mune valida , sest värvide järgi sai teada ___poisi___ ___mõtteid___ .	833	262
kamp	NOUN	Nom	Sing	mardi_jooksja	NOUN	Par	Plur	kamp mardijooksjaid	Mida suurem ___kamp___ ___mardijooksjaid___ , seda rohkem lapsi peremehele ja rikkalikku põllusaaki .	850	7
muna	NOUN	Par	Sing	kana	NOUN	Par	Sing	muna kana	Ega ___muna___ ___kana___ õpeta .	869	49
valik	NOUN	Nom	Sing	muusika_video	NOUN	Par	Plur	valik muusikavideoid	Siin on suur tantsupõrand , suurepärane aparatuur ja lai ___valik___ ___muusikavideoid___ .	925	56
klient	NOUN	Gen	Plur	vajadus	NOUN	Par	Plur	klientide vajadusi	Arhitekt Madis Eeki poolt ehitatud värvilistest klaasidest hoone on kahekorruseline ja spetsiaalselt ___klientide___ ___vajadusi___ ja söögikoha nõudmisi arvestav .	938	47
söögi_koht	NOUN	Gen	Sing	nõudmine	NOUN	Par	Plur	söögikoha nõudmisi	Arhitekt Madis Eeki poolt ehitatud värvilistest klaasidest hoone on kahekorruseline ja spetsiaalselt klientide vajadusi ja ___söögikoha___ ___nõudmisi___ arvestav .	938	5
inimene	NOUN	Gen	Plur	suitsetamis_harjumus	NOUN	Par	Plur	inimeste suitsetamisharjumusi	Et ventilatsiooni projekteerija võttis arvesse ___inimeste___ ___suitsetamisharjumusi___ , peaks siin olema ka puhtam õhk .	939	1323
klaas	NOUN	Par	Sing	õuna_maha	NOUN	Par	Sing	klaasi õunamahla	Palun kaks maasikakooki , kolm suurt võileiba ja kolm ___klaasi___ ___õunamahla___ .	945	21
pakk	NOUN	Gen	Sing	sigaret	NOUN	Par	Plur	paki sigarette	Rutt võtab kotist välja ___paki___ ___sigarette___ .	1097	18
matkaja	NOUN	Gen	Plur	abi	NOUN	Par	Sing	matkajate abi	Oli ka selliseid momente , kus vajasime teiste ___matkajate___ ___abi___ .	1181	6
loodus_kaitse	NOUN	Gen	Sing	seadus	NOUN	Par	Plur	looduskaitse seadusi	Punane raamat ei sisalda ___looduskaitse___ ___seadusi___ ega määrusi , see on teadusandmete kogu , mis kajastab liigi levikut ja seisukorda koos ettepanekutega selle kaitse vajaduse kohta .	1276	12
liik	NOUN	Gen	Sing	levik	NOUN	Par	Sing	liigi levikut	Punane raamat ei sisalda looduskaitse seadusi ega määrusi , see on teadusandmete kogu , mis kajastab ___liigi___ ___levikut___ ja seisukorda koos ettepanekutega selle kaitse vajaduse kohta .	1276	49
liik	NOUN	Gen	Plur	olu_kord	NOUN	Par	Sing	liikide olukorda	Loodusuurijad peavad pidevalt jälgima ohustatud ja haruldaste ___liikide___ ___olukorda___ ning kandma uued andmed raamatusse .	1278	49
inimene	NOUN	Gen	Sing	elu	NOUN	Par	Sing	inimese elu	Loodust , s.t taime- ja loomaliike tuleks hoida nii , nagu hoiame ___inimese___ ___elu___ .	1296	1323
ruut_meeter	NOUN	Par	Sing	maa	NOUN	Par	Sing	ruutmeetrit maad	Iga kaheksakümne krooni eest ostetud pilet võimaldab meil osta 50 ___ruutmeetrit___ ___maad___ .	1333	2
ise_loom	NOUN	Gen	Sing	varju_külk	NOUN	Par	Plur	iseloomu varjukülgi	Ta peab ennast mõnes mõttes ebatavaliseks ja see on üks tema ___iseloomu___ ___varjukülgi___ .	1386	50
liblikas	NOUN	Gen	Sing	lend	NOUN	Par	Sing	liblika lendu	Kes unistades armastab jälgida ___liblika___ ___lendu___ , kipub suuremat tähtsust omistama asjade ja inimeste välimusele kui sellele , mis on nende sisu või millest nad on tehtud .	1405	4
loodus	NOUN	Gen	Sing	ilu	NOUN	Par	Sing	looduse ilu	Suvepuhkuse veedan matkates , et nautida ___looduse___ ___ilu___ ja rahu .	1445	153
reis	NOUN	Nom	Sing	kroon	NOUN	Par	Sing	reis krooni	Ühepäevane ___reis___ 299 ___krooni___ , kahepäevane 399 krooni .	1476	109
loodus	NOUN	Gen	Sing	õppe_rada	NOUN	Par	Plur	looduse õpperadasid	Vooremaa maastikukaitsealal ( 1964 ) on hulgaliselt ___looduse___ ___õpperadasid___ , vanu mõisaparke ja kauneid koduaedu .	1497	153
liik	NOUN	Gen	Sing	puu	NOUN	Par	Plur	liigi puid	Loodussõpradele pakub aga kindlasti huvi Luua barokne mõisakompleks ja park koos dendropargiga , kus kasvab üle 800 ___liigi___ ___puid___ ja põõsaid mitmelt poolt maailmast .	1500	49
sajandi_vahetus	NOUN	Gen	Sing	kihelkonna_kool	NOUN	Par	Sing	sajandivahetuse kihelkonnakooli	Kirjanik Oskar Lutsu Paunvere-lugude kaudu kuulsaks saanud paik pakub vaatamiseks ___sajandivahetuse___ ___kihelkonnakooli___ ja vana apteegihoonet , kus valmistatav palsam on täiesti eriline , vaid sellele paigale omane .	1502	1
villa	NOUN	Gen	Sing	nimi	NOUN	Par	Sing	villa nime	Arossa turismitalu vääriks lausa ___villa___ ___nime___ .	1610	1
ilu_mets	NOUN	Gen	Sing	meteoriidi_kraater	NOUN	Par	Plur	ilumetsa meteoriidikraatreid	Käisime veel ___ilumetsa___ ___meteoriidikraatreid___ vaatamas .	1627	1
vana_linn	NOUN	Par	Sing	vaatamis_väärsus	NOUN	Par	Plur	vanalinna vaatamisväärsusi	Suviti on ülipopulaarsed lõbusõidud jõel , mille jooksul on võimalik näha imeilusat ___vanalinna___ ja tähtsamaid ___vaatamisväärsusi___ .	1647	26
takt	NOUN	Gen	Plur	kõlamine	NOUN	Par	Sing	taktide kõlamist	Pärast esimeste ___taktide___ ___kõlamist___ ei suutnud publik enam millelegi muule peale muusika mõeldagi .	1652	2
tsaari_pere	NOUN	Gen	Sing	suve_kodu	NOUN	Par	Sing	tsaaripere suvekodu	Kui juba Peterburi minna , tuleks külastada ka ___tsaaripere___ ___suvekodu___ .	1681	1
inimene	NOUN	Gen	Sing	kujutlus_võime	NOUN	Par	Sing	inimese kujutlusvõimet	Raadio kuulamine arendab ka ___inimese___ ___kujutlusvõimet___ .	1757	1323
linna	NOUN	Gen	Sing	uudistes	NOUN	Par	Sing	LINNA UUDISTES	Kuuluta ___LINNA___ ___UUDISTES___ teisipäevast reedeni !	1776	2
lugeja	NOUN	Gen	Sing	pilk	NOUN	Par	Sing	lugeja pilku	Kui te ei suuda hetkega ___lugeja___ ___pilku___ püüda , olete selleks korraks kaotanud järjekordse kliendi .	1784	35
enamik	NOUN	Nom	Sing	inimene	NOUN	Par	Plur	Enamik inimesi	___Enamik___ ___inimesi___ armastas lapsena muinasjutte ning paljud ei julge tunnistada , et armastavad neid täiskasvanunagi .	1796	42
intervjueeri=mine	NOUN	Gen	Sing	reegel	NOUN	Par	Plur	intervjueerimise reegleid	Kas selles on järgitud ___intervjueerimise___ ___reegleid___ ?	1879	1
üles_ehitus	NOUN	Gen	Sing	reegel	NOUN	Par	Plur	ülesehituse reegleid	Kas on järgitud selle žanri ___ülesehituse___ ___reegleid___ ?	1916	6
arst	NOUN	Gen	Sing	pulss	NOUN	Par	Sing	arsti pulssi	Pressingu all töötamine tõstab ___arsti___ ___pulssi___ , rahu ja tasakaalu säilitamine läheb aina raskemaks , lüüakse käega , päeva teisest poolest lülitatakse autopiloot sisse .	1969	101
immuunsus	NOUN	Par	Sing	medikament	NOUN	Par	Plur	Immuunsust medikamente	___Immuunsust___ tugevdavaid ___medikamente___ on soovitav võtta hommikuti .	1987	2
hamba_arst	NOUN	Gen	Sing	uur	NOUN	Par	Sing	hambaarsti uurde	Minge ___hambaarsti___ j ___uurde___ .	2103	36
kooli_õpilane	NOUN	Gen	Plur	toitumis_harjumus	NOUN	Par	Plur	kooliõpilaste toitumisharjumusi	Liiga palju , liiga vähe , liiga kiiresti - iseloomustab kõige paremini ___kooliõpilaste___ ___toitumisharjumusi___ .	2129	11
toor_salat	NOUN	Gen	Plur	õli	NOUN	Par	Sing	toorsalatite õli	Selle korvamiseks on soovitatav lisada ___toorsalatite___ kastmetele ___õli___ või kasutada vitamiinide ja Omega-3 rasvhapetega rikastatud võileivamäärdeid .	2154	2
eestlane	NOUN	Gen	Sing	söömine	NOUN	Par	Sing	eestlase söömist	Arstid ei soovita eestlastele teise ___eestlase___ ___söömist___ , kolesteroolinäit võib siis oluliselt tõusta .	2201	119
minut	NOUN	Par	Sing	trenn	NOUN	Par	Sing	minutit trenni	Selleks , et vähendada kehakaalu või ennetada paksuksminemist , on kõige õigem tegeleda mõõduka füüsilise aktiivsusega - kolmel korral nädalas 20 ___minutit___ ___trenni___ .	2215	105
värvi_toon	NOUN	Gen	Plur	mõju	NOUN	Par	Sing	värvitoonide mõju	Sisearhitekt Pille Lausmäe soovitab magamistoa kujundada pehmetes mahedates toonides , kuna inimene tajub ___värvitoonide___ ___mõju___ ka alateadlikult .	2253	4
uni	NOUN	Gen	Sing	faas	NOUN	Par	Plur	une faase	Et tunneksid end hommikul väljapuhanuna , on olulisim une esimene pool , sest siis on kõige rohkem sügava ___une___ ___faase___ .	2260	90
minut	NOUN	Gen	Sing	möödumine	NOUN	Par	Sing	minuti möödumist	Enamasti jääme magama juba enne ___minuti___ ___möödumist___ ja hommikul ei mäleta , et oleksime olnud ärkvel .	2270	105
uni	NOUN	Gen	Sing	faas	NOUN	Par	Sing	une faasi	Tundlikud inimesed tajuvad kerge ___une___ ___faasi___ kahe lühikese ärkveloleku vahel kui unetust .	2272	90
uni	NOUN	Gen	Plur	tähendus	NOUN	Par	Sing	unede tähendust	Paljudes külades olid nõiad ehk teadjad , kes seletasid ___unede___ ___tähendust___ ning teadsid kõike , mis toimub selles ja teises ilmas .	2282	90
inimene	NOUN	Gen	Sing	olu_kord	NOUN	Par	Sing	inimese olukorda	Siiamaani püütakse ka ___inimese___ tervislikku ___olukorda___ ennustada nähtud une järgi .	2284	1323
dieet	NOUN	Gen	Sing	mõju	NOUN	Par	Sing	dieedi mõju	Unedefitsiit võib vähendada ___dieedi___ ___mõju___ , kiirendada vananemist ja viia immuunsüsteemi tasakaalust välja .	2294	10
inimene	NOUN	Gen	Sing	olu_kord	NOUN	Par	Sing	Inimese olukorda	___Inimese___ tervislikku ___olukorda___ püütakse ennustada nähtud unenäo järgi .	2307	1323
uni	NOUN	Gen	Plur	tähendus	NOUN	Par	Sing	unede tähendust	Paljudes külades elasid nõiad-teadjad , kes seletasid ___unede___ ___tähendust___ .	2312	90
enese_distsipliin	NOUN	Gen	Sing	puudumine	NOUN	Par	Sing	enesedistsipliini puudumist	Rool või pidurid ei tööta - ___enesedistsipliini___ ___puudumist___ , suutmatust kohustusi või teiste lootusi täita .	2317	1
seisu_koht	NOUN	Gen	Plur	muutumine	NOUN	Par	Sing	seisukohtade muutumist	Mahla joomine - ___seisukohtade___ ___muutumist___ kavala inimese sõnade läbi .	2328	20
pahandus	NOUN	Par	Sing	sõnum	NOUN	Par	Plur	pahandust sõnumeid	Mädanenud õunad - ___pahandust___ ja halbu ___sõnumeid___ .	2332	8
soov	NOUN	Gen	Plur	täitumine	NOUN	Par	Sing	soovide täitumist	Õunte söömine - armunutele ___soovide___ ___täitumist___ , abielurahvale häid sõnumeid .	2333	76
dialoog	NOUN	Gen	Sing	olemas_olu	NOUN	Par	Sing	dialoogi olemasolu	Naer on sotsiaalne fenomen - naer eeldab ___dialoogi___ ___olemasolu___ , homogeense grupi olemasolu .	2380	11
grupp	NOUN	Gen	Sing	olemas_olu	NOUN	Par	Sing	grupi olemasolu	Naer on sotsiaalne fenomen - naer eeldab dialoogi olemasolu , homogeense ___grupi___ ___olemasolu___ .	2380	22
naer	NOUN	Gen	Sing	kasulikkus	NOUN	Par	Sing	naeru kasulikkust	Stanfordi ülikooli naeruteadlased võrdlevad ___naeru___ ___kasulikkust___ lausa sörkjooksuga .	2390	27
keha	NOUN	Gen	Sing	lihas_toonus	NOUN	Par	Sing	keha lihastoonust	Tegelikult suurendab naeruhoog kogu ___keha___ ___lihastoonust___ .	2393	31
naeratu=s	NOUN	Gen	Sing	jõud	NOUN	Par	Sing	naeratuse jõudu	Ärge kunagi alahinnake ___naeratuse___ ja naeru ___jõudu___ !	2399	3
probleem	NOUN	Gen	Plur	tähtsus	NOUN	Par	Sing	probleemide tähtsust	Naermine vähendab ___probleemide___ ___tähtsust___ .	2450	151
hulk	NOUN	Nom	Sing	tähendus	NOUN	Par	Plur	hulk tähendusi	Eesti keeles on nii teenistusel kui ka talitusel ___hulk___ ___tähendusi___ : päevase töö palk on päevateenistus , sõjaväes olek - ajateenistus ; peetakse kombetalitusi ja kodus tehakse majatalitusi .	2454	45
aja_teenistus	NOUN	Gen	Sing	korraldus	NOUN	Par	Sing	ajateenistuse korraldust	Selleks tuleb ___ajateenistuse___ ___korraldust___ ja ülesehitust muuta .	2462	11
võidu_võimalus	NOUN	Gen	Plur	kaotamine	NOUN	Par	Sing	võiduvõimaluste kaotamist	Ka siis , kui see tähendab enda ___võiduvõimaluste___ ___kaotamist___ .	2562	1
hulga	NOUN	Gen	Sing	asi	NOUN	Par	Plur	Hulga asju	___Hulga___ suuri ___asju___ võib ära teha väikeste toetussummade või mõne muu abistava panusega .	2586	1
ette_võte	NOUN	Gen	Sing	juht	NOUN	Par	Plur	ettevõtte juhte	On vaja uusi andekaid tegijaid : noori , ___ettevõtte___ ___juhte___ ja eksperte , kellel on oma siht , omad mõtted , tahe ennast pühendada heategevusele .	2602	33
liiter	NOUN	Par	Sing	kütus	NOUN	Par	Sing	liitrit kütust	Uus 4 , 7-liitrine bensiinimootor ( 288 hj ) töömahuga 4461 cm3 kulutab keskmiselt 10 ___liitrit___ ___kütust___ 100 km kohta .	2649	6
maa_ilm	NOUN	Gen	Sing	auto	NOUN	Par	Sing	maailma autot	India autotootja Tata esitles eelmisel nädalal Delhi autonäitusel ___maailma___ odavaimat ___autot___ .	2659	223
auto	NOUN	Gen	Sing	esitlus	NOUN	Par	Sing	auto esitlust	Kerepaneelid on valmistatud lehtterasest , mitte plastist , nagu enne ___auto___ ___esitlust___ spekuleeriti .	2665	196
auto	NOUN	Gen	Sing	esitlemine	NOUN	Par	Sing	auto esitlemist	Kui enne ___auto___ ___esitlemist___ spekuleeris autoajakirjandus , et Tata võib Nanot õige pea ka Euroopas või vähemalt Hiinas müüma hakata , siis Delhi autonäitusel kinnitasid Tata juhid , et mingist ekspordist enne 2011. aastat isegi ei unistata .	2670	196
võimalus	NOUN	Gen	Plur	jõudmine	NOUN	Par	Sing	võimaluste jõudmist	Aastate jooksul on olukord siiski veidike muutunud ja publik näinud tehnoloogiast tulenevate ___võimaluste___ ___jõudmist___ ka klubidesse .	2715	198
süle_arvuti	NOUN	Gen	Sing	aku	NOUN	Par	Plur	sülearvuti akusid	Kõige rohkem võltsitakse MP3-mängijaid , mäluseadmeid , mängukonsoole ning mobiiltelefone , aga ka ___sülearvuti___ ___akusid___ ning kettaseadmeid , vahendas Tartu Ülikooli tehnoloogiaportaal Novaator .	2743	6
ekraan	NOUN	Gen	Sing	puudutamine	NOUN	Par	Sing	ekraani puudutamist	Pihuarvutikasutajad teavad , et puudutus tähendab ___ekraani___ ___puudutamist___ spetsiaalse pulgaga ehk stylus ' ega .	2776	56
ekraan	NOUN	Gen	Sing	täpsus	NOUN	Par	Sing	ekraani täpsust	Puutepulga eeliseks näpu ees on lisaks täpsusele ka puhtus - näpp on alati veidike määrdunud ja see rikuks ___ekraani___ ning puudutuste ___täpsust___ .	2778	56
giga_bait	NOUN	Par	Sing	mälu_maht	NOUN	Par	Sing	gigabaiti mälumahtu	Varsti peaks jõudma müügile W960 , millel on 8 ___gigabaiti___ ___mälumahtu___ muusika , video ja muude failide jaoks .	2795	2
video_kõne	NOUN	Gen	Plur	kvaliteet	NOUN	Par	Sing	videokõnede kvaliteeti	Skype’i ja Logitechi tutvustatud uus videostandard High Quality Video ( HQV ) parandab märgatavalt ___videokõnede___ senist ___kvaliteeti___ .	2806	3
unistus	NOUN	Gen	Sing	sõber	NOUN	Par	Sing	unistuse sõpra	Need , kelle arvutis töötab ühetuumaline protsessor , peavad ___unistuse___ ___sõpra___ selgelt ja suurelt oma arvutiekraanil näha maha matma .	2814	72
mobiil_telefon	NOUN	Gen	Sing	kasutus_võimalus	NOUN	Par	Plur	mobiiltelefoni kasutusvõimalusi	Milliseid ___mobiiltelefoni___ ___kasutusvõimalusi___ mainib artikli autor ?	2818	74
maa_ilm	NOUN	Gen	Sing	plasma_teler	NOUN	Par	Sing	maailma plasmatelerit	Tehnikamessil CES näidati Jaapani tehnikafirma Panasonic loodud ___maailma___ suurimat ___plasmatelerit___ , mille ekraanidiagonaal on 150 tolli .	2821	223
huviline	NOUN	Gen	Sing	ostu_tuhin	NOUN	Par	Sing	huvilise ostutuhinat	Hind - 3200 krooni - võib aga nii mõnegi ___huvilise___ ___ostutuhinat___ vähendada .	2827	9
kristall_klaar	NOUN	Gen	Sing	kuulmine	NOUN	Par	Sing	kristallklaari kuulmist	Enne ___kristallklaari___ heli ___kuulmist___ püüab kasutaja tähelepanu aga unikaalse lahendusega klahvistik .	2839	1
heli	NOUN	Gen	Sing	kuulmine	NOUN	Par	Sing	heli kuulmist	Enne kristallklaari ___heli___ ___kuulmist___ püüab kasutaja tähelepanu aga unikaalse lahendusega klahvistik .	2839	6
kasutaja	NOUN	Nom	Sing	tähele_panu	NOUN	Par	Sing	kasutaja tähelepanu	Enne kristallklaari heli kuulmist püüab ___kasutaja___ ___tähelepanu___ aga unikaalse lahendusega klahvistik .	2839	7
president	NOUN	Gen	Sing	suhtlemine	NOUN	Par	Sing	presidendi suhtlemist	Kantselei korraldab ___presidendi___ riigisisest ja - välist ___suhtlemist___ , juhib infovahetust meedia , avalikkuse ja teiste partneritega , valmistab ette õigusakte , haldab presidendi haldusalasse kuuluvat riigivara ning täidab teisi ülesandeid .	2897	48
valitsus_asutus	NOUN	Gen	Plur	tegevus	NOUN	Par	Sing	valitsusasutuste tegevust	Põhiseaduse kohaselt suunab ja koordineerib Eesti Vabariigi valitsus ___valitsusasutuste___ ___tegevust___ .	2910	2
riigi_võim	NOUN	Gen	Sing	volitus	NOUN	Par	Plur	riigivõimu volitusi	Valitsusasutused on ministeeriumid , riigikantselei ja maavalitsused , samuti ametid ja inspektsioonid ning nende kohalikud täidesaatva ___riigivõimu___ ___volitusi___ omavad asutused .	2911	1
kantselei	NOUN	Gen	Sing	töö	NOUN	Par	Sing	kantselei tööd	Kes juhib Riigikogu ___kantselei___ ___tööd___ ?	2920	5
kroon	NOUN	Gen	Sing	maine	NOUN	Par	Sing	krooni mainet	Esiteks oleks see kahjustanud alles hiljuti kasutusele võetud ___krooni___ ___mainet___ rahva silmis .	2943	86
aasta	NOUN	Gen	Sing	majandus_kriis	NOUN	Par	Sing	aasta majanduskriisi	Pärast 1929. - 1933. ___aasta___ ___majanduskriisi___ hakati järjekindlalt suurendama kulla osatähtsust krooni kattevaras .	2945	906
kuld	NOUN	Gen	Sing	osa_tähtsus	NOUN	Par	Sing	kulla osatähtsust	Pärast 1929. - 1933. aasta majanduskriisi hakati järjekindlalt suurendama ___kulla___ ___osatähtsust___ krooni kattevaras .	2945	15
viitamine	NOUN	Gen	Sing	süsteem	NOUN	Par	Sing	viitamise süsteemi	Viitamisel on omad kindlad reeglid , mis moodustavad ___viitamise___ ___süsteemi___ .	2967	6
autor	NOUN	Gen	Plur	mõte	NOUN	Par	Plur	autorite mõtteid	Teiste ___autorite___ ___mõtteid___ võib esitada refereerides või tsiteerides .	2971	63
majandus	NOUN	Gen	Sing	pistmine	NOUN	Par	Sing	majanduse pistmist	Viiskümmend aastat kuulus Eesti majandusruumi , millel oli muu maailma ___majanduse___ ning turureeglitega vähe ___pistmist___ .	2977	32
laen	NOUN	Gen	Sing	jagamine	NOUN	Par	Sing	Laenu jagamist	___Laenu___ ___jagamist___ finantseerisid mitmed suurpangad , ostes tuhandeid selliste laenudega seotud kõrge riskiga võlakirju .	2992	42
pank	NOUN	Gen	Plur	oma_kapital	NOUN	Par	Sing	pankade omakapitali	Need kahjumid vähendavad ___pankade___ ___omakapitali___ .	2994	51
maa_ilm	NOUN	Gen	Sing	pangandus_turg	NOUN	Par	Sing	maailma pangandusturgu	See aga mõjutab kogu ___maailma___ ___pangandusturgu___ : väiksem laenupakkumine tõstab laenu hinda ehk intressi .	2997	223
laen	NOUN	Gen	Sing	hind	NOUN	Par	Sing	laenu hinda	See aga mõjutab kogu maailma pangandusturgu : väiksem laenupakkumine tõstab ___laenu___ ___hinda___ ehk intressi .	2997	42
toode	NOUN	Gen	Sing	hind	NOUN	Par	Sing	toote hinda	Lisaks sellele , et bensiinijaamades võib näha üha kõrgemaid kütusehindu , mõjutab nafta hinnatõus peaaegu iga ___toote___ ___hinda___ .	3001	29
arvamus_lugu	NOUN	Gen	Sing	mõte	NOUN	Par	Plur	arvamusloo mõtteid	Milliseid ___arvamusloo___ ___mõtteid___ peate kõige olulisemaks ?	3010	4
laen	NOUN	Gen	Sing	tagasi_makse_võimalus	NOUN	Par	Plur	laenu tagasimaksevõimalusi	Töökoha kaotus , palga vähenemine ning väljaminekute ootamatu suurenemine mõjutavad kohe ___laenu___ ___tagasimaksevõimalusi___ .	3030	42
pank	NOUN	Gen	Plur	tingimus	NOUN	Par	Plur	pankade tingimusi	Ühtpidi on kritiseeritud ___pankade___ jäiku ___tingimusi___ laenu tagatise ja sissetulekute taseme osas , kuid järjest enam on mainitud ka pankade liiga liberaalset laenude väljastamise poliitikat .	3032	51
väljastamine	NOUN	Gen	Sing	poliitika	NOUN	Par	Sing	väljastamise poliitikat	Ühtpidi on kritiseeritud pankade jäiku tingimusi laenu tagatise ja sissetulekute taseme osas , kuid järjest enam on mainitud ka pankade liiga liberaalset laenude ___väljastamise___ ___poliitikat___ .	3032	2
vara	NOUN	Gen	Plur	suurus	NOUN	Par	Sing	varade suurust	Viimane aitaks vähendada valuutakursi muutmisega seotud riske , sest nii suurendatakse eurol põhinevate ___varade___ ___suurust___ ja osatähtsust .	3040	20
pank	NOUN	Gen	Plur	tingimus	NOUN	Par	Plur	pankade tingimusi	Arvustatakse ___pankade___ paindumatuid ___tingimusi___ laenutagatise ja tulude taseme osas .	3049	51
väljastamine	NOUN	Gen	Sing	poliitika	NOUN	Par	Sing	väljastamise poliitikat	Järjest enam on nimetatud ka pankade liiga liberaalset laenude ___väljastamise___ ___poliitikat___ .	3050	2
taotlus	NOUN	Gen	Sing	vormistamine	NOUN	Par	Sing	taotluse vormistamist	Pärast ___taotluse___ ___vormistamist___ kulub andmete kontrollimiseks umbes nädal aega .	3055	5
nädal	NOUN	Nom	Sing	aeg	NOUN	Par	Sing	nädal aega	Pärast taotluse vormistamist kulub andmete kontrollimiseks umbes ___nädal___ ___aega___ .	3055	225
isik	NOUN	Gen	Sing	nimi	NOUN	Par	Sing	isiku nime	Asutuse nimi kirjutatakse välja , ___isiku___ ___nime___ tavaliselt ei märgita .	3158	31
avaldamine	NOUN	Gen	Sing	põhjus	NOUN	Par	Sing	avaldamise põhjust	Avalduse tekst peab olema lühike ja konkreetne , sisaldades ainult ___avaldamise___ ___põhjust___ .	3161	3
avaldaja	NOUN	Gen	Sing	all_kiri	NOUN	Par	Sing	avaldaja allkirja	Kui esitatakse ka lisadokumente ( CV , lõputunnistuse koopia , autojuhiloa koopia vms ) , siis loetletakse need lisas pärast ___avaldaja___ ___allkirja___ ja isikuandmeid .	3164	3
tund	NOUN	Nom	Sing	aeg	NOUN	Par	Sing	tund aega	Politsei saabus sündmuskohale kella 13.40-ks , protokolli koostamine ja seletuste kuulamine lõppes alles kell 14.15 ning seetõttu jõudsin ma staadionile ___tund___ ___aega___ ettenähtust hiljem .	3169	555
enamik	NOUN	Nom	Sing	rahvas	NOUN	Par	Sing	Enamik rahvast	___Enamik___ ___rahvast___ näeb metsas suurepärast puhkamispaika , samuti on metsal suur roll loodus- ja keskkonnakaitses .	3193	42
maa_ilm	NOUN	Gen	Sing	kliima	NOUN	Par	Sing	maailma kliimat	Roheliste jaoks on mets ökosüsteem , mis kujundab ___maailma___ ___kliimat___ ning kaitseb mulda , vett , õhku ja loomastikku .	3195	223
metsa_kasutamine	NOUN	Gen	Sing	viis	NOUN	Par	Plur	Metsakasutamise viise	___Metsakasutamise___ ___viise___ on metsaseaduses kokku üheksa : puidu saamine , looduskaitse , keskkonnakaitse , sanitaarkaitse , rekreatsioon , metsade kõrvalkasutus , teadus- ja õppetöö , jahindus ning riigikaitse .	3198	1
enamik	NOUN	Par	Sing	toode	NOUN	Par	Plur	enamikku tooteid	Tänapäeva maailmas on teadus juba niikaugele arenenud , et ___enamikku___ puidust valmistatud ___tooteid___ saaks asendada teiste materjalidega .	3203	42
gaas	NOUN	Gen	Plur	liikumine	NOUN	Par	Sing	gaaside liikumist	Nad tõkestava tahma , suitsu ja ___gaaside___ ___liikumist___ ja puhastavad õhku .	3213	13
tööstus_rajoon	NOUN	Gen	Plur	saaste	NOUN	Par	Sing	tööstusrajoonide saastet	Ta soovib , et maanteid ääristaks esteetiliselt nauditav mets , et ___tööstusrajoonide___ ___saastet___ vähendaks metsa olemasolu .	3228	2
mets	NOUN	Gen	Sing	olemas_olu	NOUN	Par	Sing	metsa olemasolu	Ta soovib , et maanteid ääristaks esteetiliselt nauditav mets , et tööstusrajoonide saastet vähendaks ___metsa___ ___olemasolu___ .	3228	201
aed	NOUN	Gen	Plur	umb_rohe	NOUN	Par	Plur	aedade umbrohte	Võilill on ___aedade___ kiuslikumaid ___umbrohte___ .	3245	63
kilo_vattund	NOUN	Gen	Sing	energia	NOUN	Par	Sing	kilovatt-tundi energiat	Ühe tonni plasti tootmiseks kulub 30 000 ___kilovatt-tundi___ ___energiat___ .	3270	2
kilo	NOUN	Par	Sing	plast	NOUN	Par	Sing	kilo plasti	Edasi : kui oletada , et korduvkasutusega plastkuuse valmistamiseks kulub umbes viis ___kilo___ ___plasti___ , on selle valmistamiseks vajalik energiahulk võrdne 40 kilos puidus olevaga .	3271	23
hulk	NOUN	Nom	Sing	kütus	NOUN	Par	Sing	hulk kütust	Enamasti pärinevad plastkuused Taiwanilt või Hiinast , mis tähendab , et nende Eestisse toomiseks kulub veel üüratu ___hulk___ ___kütust___ transpordile .	3275	45
osa	NOUN	Nom	Sing	inimene	NOUN	Par	Plur	osa inimesi	Nõnda peab ___osa___ ___inimesi___ mõistlikumaks ehtida jõuludeks eluskuusk koduaias või oma maakodus akna taga .	3286	236
kilo_vattund	NOUN	Gen	Sing	energia	NOUN	Par	Sing	kilovatt-tundi energiat	Ühe tonni plasti tootmiseks kulub mõnisada ___kilovatt-tundi___ ___energiat___ .	3291	2
kasvu_hoone_gaas	NOUN	Gen	Plur	õhku_paiskamine	NOUN	Par	Sing	kasvuhoonegaaside õhkupaiskamist	Samuti peab EL-i energiapoliitikat vaatama kooskõlas EL-i kliimapoliitikaga , mis seab sihiks kliimamuutuse pidurdamise , vähendades ___kasvuhoonegaaside___ ___õhkupaiskamist___ 20% võrra võrreldes 1990. aastaga .	3299	9
nafta	NOUN	Gen	Sing	surve	NOUN	Par	Sing	nafta survet	Esmalt avaldab kallis ___nafta___ ___survet___ tarbijatele ning sunnib neid käituma säästlikumalt .	3331	14
sugu	NOUN	Gen	Sing	areng	NOUN	Par	Sing	soo arengut	Uuritakse ___soo___ ___arengut___ ja jõhvikate kasvatamist .	3372	12
jõhvikas	NOUN	Gen	Plur	kasvatamine	NOUN	Par	Sing	jõhvikate kasvatamist	Uuritakse soo arengut ja ___jõhvikate___ ___kasvatamist___ .	3372	3
lind	NOUN	Gen	Plur	pesakoht	NOUN	Par	Plur	lindude pesakohti	Kaitseala peamiseks eesmärgiks on hoida ___lindude___ ___pesakohti___ .	3382	59
naine	NOUN	Gen	Sing	nimi	NOUN	Par	Sing	naise nime	See looduskaitseala kannab ___naise___ ___nime___ .	3388	146
inimene	NOUN	Gen	Sing	areng	NOUN	Par	Sing	inimese arengut	Armastus soodustab ___inimese___ ___arengut___ .	3466	1323
inimene	NOUN	Gen	Sing	toetamine	NOUN	Par	Sing	inimese toetamist	Armastus tähendab teise ___inimese___ ___toetamist___ .	3467	1323
noorik	NOUN	Gen	Sing	töökus	NOUN	Par	Sing	nooriku töökust	Laisk naine oli kodu õnnetus ja mõnes peres peeti ___nooriku___ ___töökust___ ainukeseks väärtuseks .	3487	1
kuu	NOUN	Gen	Sing	aeg	NOUN	Par	Sing	kuu aega	Lühim kihlusaeg võis olla ___kuu___ ___aega___ .	3501	156
jumal	NOUN	Gen	Sing	õnnistus	NOUN	Par	Sing	jumala õnnistust	Õpetaja palus neile eluteele kaasa ___jumala___ ___õnnistust___ .	3516	17
kasutamine	NOUN	Gen	Sing	viga	NOUN	Par	Plur	kasutamise vigu	Üks esimesi aja ___kasutamise___ ___vigu___ on venitamine - tegevuste edasilükkamine ühel või teisel põhjusel .	3557	61
vanem	NOUN	Nom	Plur	aeg	NOUN	Par	Sing	vanemad aega	On see siis vestlus möödunud lasteaia- või koolipäevast , lastega joonistamine , lugemine , mäng , jalutuskäik - selleks peavad ___vanemad___ ___aega___ leidma .	3569	316
laps	NOUN	Gen	Plur	magama_minek	NOUN	Par	Sing	laste magamaminekut	Kui tõesti on õhtul veel vaja tööd teha , tehke seda pärast ___laste___ ___magamaminekut___ .	3570	810
elekter	NOUN	Gen	Sing	tarbimine	NOUN	Par	Sing	elektri tarbimist	Vähenda ___elektri___ ja vee ___tarbimist___ .	3603	11
teater	NOUN	Gen	Sing	ühis_külastus	NOUN	Par	Plur	teatri ühiskülastusi	Ma vihkan ___teatri___ ___ühiskülastusi___ , eriti veel ooperis käimist .	3648	149
näite_kirjanik	NOUN	Gen	Plur	teos	NOUN	Par	Plur	näitekirjanike teoseid	Iseseisvusajal arenes teater jõudsasti , lavastati maailmakuulsate ___näitekirjanike___ ___teoseid___ ning etendati ka eesti algupäraseid näidendeid .	3676	1
hulk	NOUN	Nom	Sing	harrastus_teate	NOUN	Par	Plur	hulk harrastusteatreid	Praegu on Eestis 12 riiklikku teatrit , ___hulk___ ___harrastusteatreid___ ning mõned iseseisvad ja isemajandavad trupid , nagu Von Krahh teater Tallinnas ( asutatud 1992 ) .	3677	45
silm	NOUN	Gen	Sing	vaatamine	NOUN	Par	Sing	silma vaatamist	Siis tuleb vältida partnerile ___silma___ ___vaatamist___ ja keskenduda sajaprotsendiliselt situatsioonile .	3702	187
tegemine	NOUN	Gen	Sing	rõõm	NOUN	Par	Sing	tegemise rõõmu	Eesti filmid pakuvad tegijatele vaid ___tegemise___ ___rõõmu___ , kasumit nendega pole veel keegi teenida suutnud .	3764	87
enamik	NOUN	Nom	Sing	poiss	NOUN	Par	Plur	Enamik poisse	___Enamik___ ___poisse___ on nooruses midagi pihta pannud või õunaraksus käinud , andmata endale aru , et tegemist on kriminaalkuriteoga .	3788	42
film	NOUN	Gen	Sing	tootmine	NOUN	Par	Sing	filmi tootmist	Produtsent tegeleb finantsidega ja korraldab ___filmi___ ___tootmist___ .	3808	241
filmi_võte	NOUN	Gen	Plur	algus	NOUN	Par	Sing	filmivõtete algust	Kümnele filmis koolipoisse kehastavale näitlejale anti enne ___filmivõtete___ ___algust___ Kaitseväe Lahingukoolis sõjanduskoolitust .	3842	8
kogu	NOUN	Nom	Plur	mõte	NOUN	Par	Plur	kogud mõtteid	Seal siis tegeled enesepuhastamisega , ___kogud___ ___mõtteid___ .	3957	8
bänd	NOUN	Gen	Sing	loomine	NOUN	Par	Sing	bändi loomist	Olime head tuttavad juba enne ___bändi___ ___loomist___ , aga aja jooksul oleme kasvanud lähedasteks .	3979	30
hulk	NOUN	Nom	Sing	kontsert	NOUN	Par	Plur	hulk kontserte	Festivali raames leiab aset ___hulk___ ___kontserte___ linnas ja maakonnas , samuti päevased pargikontserdid kesklinnas .	4025	45
aasta	NOUN	Gen	Plur	osa	NOUN	Par	Sing	aastate osa	Ainulaadsest Suupillifestivalist Baltic-Nordic Harmonica on läbi ___aastate___ ___osa___ võtnud suupillimängijad Põhja- ja Baltimaadest , samuti Saksamaalt , Austriast , Hollandist , Inglismaalt ja Prantsusmaalt .	4031	906
toru_pilli_muusika	NOUN	Gen	Sing	mõju	NOUN	Par	Sing	torupillimuusika mõju	Eesti vanemas viiulimängu stiilis on märgata ___torupillimuusika___ ___mõju___ , levinud oli näiteks torupilli imiteerimine ühel või kahel viiulil .	4060	1
eestlane	NOUN	Gen	Plur	esinemine	NOUN	Par	Plur	eestlaste esinemisi	Võrrelge ___eestlaste___ ___esinemisi___ 10 aasta jooksul ( vt lk 129 ) ning esitage selle kohta küsimusi .	4159	119
Euro_visioon	NOUN	Gen	Sing	laulu_võistlus	NOUN	Par	Sing	Eurovisiooni lauluvõistlust	___Eurovisiooni___ ___lauluvõistlust___ korraldab Euroopa Ringhäälingute Liit ( EBU ) .	4162	1
enamik	NOUN	Nom	Sing	laul	NOUN	Par	Plur	Enamik laule	___Enamik___ ___laule___ on pärast seda ingliskeelsed .	4174	42
kunstnik	NOUN	Gen	Plur	teos	NOUN	Par	Plur	kunstnike teoseid	Kingitus sisaldab ___kunstnike___ ___teoseid___ alates 1920. aastast , peamiselt Teise maailmasõja järgsest perioodist .	4253	57
eestlane	NOUN	Gen	Plur	ärkamine	NOUN	Par	Sing	eestlaste ärkamist	Pilt sümboliseeris ___eestlaste___ ja lätlaste rahvuslikku ___ärkamist___ .	4274	119
rahvas	NOUN	Gen	Sing	kannatus	NOUN	Par	Plur	rahva kannatusi	Vaeses peres kasvanuna tundis Köler meie ___rahva___ majanduslikke ja ühiskondlikke ___kannatusi___ põhjalikult .	4275	67
kunstnik	NOUN	Gen	Plur	töö	NOUN	Par	Plur	kunstnike töid	Iga haritud inimene peab tundma kuulsamate ___kunstnike___ ___töid___ .	4322	57
enamik	NOUN	Nom	Sing	inimene	NOUN	Par	Plur	enamik inimesi	Arvan , et ___enamik___ ___inimesi___ ei käi kirikus selleks , et jutlust kuulata , palvetada või pihtida .	4338	42
religioon	NOUN	Gen	Sing	põhi_tõde	NOUN	Par	Plur	religiooni põhitõdesid	Arvan , et võiks olla mingi kombeõpetuse kursus , kus käsitletakse ___religiooni___ ___põhitõdesid___ .	4424	6
noor	NOUN	Gen	Plur	käitumine	NOUN	Par	Sing	Noorte käitumist	___Noorte___ ___käitumist___ mõjutab sageli veel üks tõsiasi : teie kujutluses on vanemad alati täiskasvanud olnud , eluaeg .	4475	139
tükk	NOUN	Nom	Sing	aeg	NOUN	Par	Sing	tükk aega	Minu Hispaanias elav tuttav ei saanud ___tükk___ ___aega___ aru , mida see SMS-parkimine endast kujutab .	4498	30
enamik	NOUN	Nom	Sing	noor	NOUN	Par	Plur	enamik noori	Mulle ei meeldi , et ___enamik___ ___noori___ kannab igas seltskonnas ja üritusel teksaseid .	4523	42
usaldus	NOUN	Gen	Sing	tekkimine	NOUN	Par	Sing	usalduse tekkimist	See takistab ju ___usalduse___ ___tekkimist___ .	4580	6
rakk	NOUN	Gen	Plur	vananemine	NOUN	Par	Sing	rakkude vananemist	Need aeglustavad ___rakkude___ ___vananemist___ .	4636	4
meistri_teos	NOUN	Gen	Plur	kingse_pana	NOUN	Par	Sing	meistriteose kingsepana	Paljud mehed on kujundanud oma elust ___meistriteose___ ___kingsepana___ , on teinud selle töö auväärseks ja lugupeetavaks .	4678	3
vanem	NOUN	Gen	Plur	laps	NOUN	Par	Plur	vanemate lapsi	Sama palju kui kohtame edukate ___vanemate___ edukaid ___lapsi___ , võiksime tuua ka vastupidiseid näiteid , kus tuntud intellektuaalsete vanemate lapsed on tõelised tuuletallajad või lugupeetud rikastest suguvõsadest sirguvad eluvõõrad memmepojad , kes vanemate teenitud varanduse kärmesti ära kulutavad .	4805	316
liigendus	NOUN	Gen	Sing	jälgimine	NOUN	Par	Sing	liigenduse jälgimist	Tekstilõikude vahele on soovitav jätta üks tühi rida : see lihtsustab teksti ___liigenduse___ ___jälgimist___ ja kirjutatust arusaamist .	4880	1
kirjutatus	NOUN	Par	Sing	aru_saamine	NOUN	Par	Sing	kirjutatust arusaamist	Tekstilõikude vahele on soovitav jätta üks tühi rida : see lihtsustab teksti liigenduse jälgimist ja ___kirjutatust___ ___arusaamist___ .	4880	1
analüüs	NOUN	Gen	Sing	kogemus	NOUN	Par	Sing	analüüsi kogemust	Järgmise sammuna ___analüüsi___ enda senist ___kogemust___ , omandatud teadmisi ja oskusi ning hinda , millised sinu omadused vastavad kõige paremini esitatud nõudmistele .	4891	7
töö_koht	NOUN	Gen	Sing	saamine	NOUN	Par	Sing	töökoha saamist	See nõuanne on kehtiv ka juba karjääri teinud spetsialistidele , kuna üha enam mõjutavad hea ___töökoha___ ___saamist___ eduka intervjuu kõrval ka eelmiste tööandjate positiivsed soovitused .	4894	63
võime	NOUN	Gen	Plur	rakendamine	NOUN	Par	Sing	võimete rakendamist	Hindab tegevusi , mis nõuavad kehaliste ___võimete___ ___rakendamist___ , füüsilist vastupidavust ning tehnilisi teadmisi .	4904	40
inimene	NOUN	Gen	Plur	aitamine	NOUN	Par	Sing	inimeste aitamist	Tunneb ennast hästi töökeskkonnas , kus julgustatakse koostööd , paindlikkust , mõistmist ja sõbralikkust ning väärtustatakse teiste ___inimeste___ ___aitamist___ .	4946	1323
info	NOUN	Gen	Sing	töötlemine	NOUN	Par	Sing	info töötlemist	Meeldib täita ülesandeid , mis nõuavad konkreetset sõnalise ja matemaatilise ___info___ ___töötlemist___ .	4960	97
tööle_võtmine	NOUN	Gen	Sing	võimalus	NOUN	Par	Plur	töölevõtmise võimalusi	Liiga madala palganumbri pakkumine näitab , et sa ei hinda ennast kuigi kõrgelt ja see võib vähendada sinu ___töölevõtmise___ ___võimalusi___ .	5014	1
JOON	NOUN	Nom	Sing	tee	NOUN	Par	Sing	JOON TEED	MA ___JOON___ MEEGA ___TEED___ .	5419	3
sent	NOUN	Par	Sing	kilo	NOUN	Par	Sing	senti kilo	Nelikümmend ___senti___ ___kilo___ .	6089	20
kool	NOUN	Gen	Sing	mööbli_pood	NOUN	Par	Sing	kooli mööblipoodi	Eile läksime isaga pärast ___kooli___ ___mööblipoodi___ .	6426	1013
tund	NOUN	Nom	Sing	aeg	NOUN	Par	Sing	tund aega	Aga oleme õues ainult ___tund___ ___aega___ .	6590	555
mee	NOUN	Gen	Sing	tee	NOUN	Par	Sing	meega teed	Joo ___meega___ ___teed___ .	6595	2
laps	NOUN	Gen	Plur	kaart	NOUN	Par	Plur	laste kaarte	President vaatab ___laste___ joonistatud Eesti ___kaarte___ .	6737	810
klass	NOUN	Gen	Sing	õpilane	NOUN	Par	Plur	klassi õpilasi	Koolis hakkame sel aastal aitama esimese ___klassi___ ___õpilasi___ .	8535	502
tund	NOUN	Nom	Sing	aeg	NOUN	Par	Sing	tund aega	Me sõitsime autoga ___tund___ ___aega___ .	8683	555
välis_uks	NOUN	Gen	Sing	hääl	NOUN	Par	Sing	välisukse häält	Korraga kuulsin ___välisukse___ ___häält___ .	8948	4
tüdruk	NOUN	Gen	Plur	asi	NOUN	Par	Plur	tüdrukute asju	Tüdrukud voldivad ___tüdrukute___ ___asju___ .	9104	285
tüdruk	NOUN	Gen	Plur	mäng	NOUN	Par	Plur	tüdrukute mänge	Ei ole olemas ___tüdrukute___ ___mänge___ ja poiste mänge .	9110	285
poiss	NOUN	Gen	Plur	mäng	NOUN	Par	Plur	poiste mänge	Ei ole olemas tüdrukute mänge ja ___poiste___ ___mänge___ .	9110	262
tükk	NOUN	Par	Sing	kringel	NOUN	Par	Sing	tükki kringlit	Laupäeval sõid sa Birgiti sünnipäeval mitu ___tükki___ ___kringlit___ , eile aga jäätist ja kommi .	9271	30
tükk	NOUN	Par	Sing	kringel	NOUN	Par	Sing	tükki kringlit	Pühapäeval sõi Piia mitu ___tükki___ ___kringlit___ .	9291	30
raamat	NOUN	Gen	Sing	katkend	NOUN	Par	Sing	raamatu katkendit	Sa oled ühte Aino Perviku ___raamatu___ ___katkendit___ lugenud .	9545	289
isa	NOUN	Gen	Sing	sõber	NOUN	Par	Sing	isa sõpra	Varsti pärast neid veel kaks ema ja ___isa___ ___sõpra___ .	9564	469
tükk	NOUN	Nom	Sing	aja_lugu	NOUN	Par	Sing	tükk ajalugu	Antiigipoes võivad mõned asjad olla väga kallid , sest need on nagu väike ___tükk___ ___ajalugu___ .	9628	30
klass	NOUN	Gen	Sing	õpilane	NOUN	Par	Plur	klassi õpilasi	Lilli ütles , et talle meeldis kõige rohkem see , kui me aitasime esimese ___klassi___ ___õpilasi___ .	9732	502
klass	NOUN	Gen	Sing	õpilane	NOUN	Par	Plur	klassi õpilasi	Lillile meeldis teise ___klassi___ ___õpilasi___ aidata .	9746	502
kord	NOUN	Par	Sing	vana_isa	NOUN	Par	Sing	korda vanaisa	Samal ajal elas ka üks vanavanavana - ja veel mitu tuhat ___korda___ ___vanaisa___ .	9875	411
tund	NOUN	Nom	Sing	aeg	NOUN	Par	Sing	tund aega	Mul on üks ___tund___ ___aega___ .	10542	555
tund	NOUN	Gen	Sing	kitar	NOUN	Par	Sing	tunni kitarri	Igal laupäeval ma mängin kaks tundi klaverit ja ühe ___tunni___ ___kitarri___ .	11241	555
vanem	NOUN	Nom	Plur	lubadus	NOUN	Par	Sing	vanemad lubadust	Õpetaja Laur solvus , kui ta ___vanemad___ oma ___lubadust___ ei pidanud .	11942	316
tükk	NOUN	Nom	Sing	aeg	NOUN	Par	Sing	tükk aega	Teele , ma unistan juba ___tükk___ ___aega___ sellest , et kinno üht koertefilmi vaatama minna !	11956	30
tükk	NOUN	Nom	Sing	aeg	NOUN	Par	Sing	tükk aega	Ma olin juba ___tükk___ ___aega___ uuest rattast unistanud .	12044	30
reklaam	NOUN	Gen	Sing	välimus	NOUN	Par	Sing	reklaami välimust	Kirjelda ___reklaami___ ___välimust___ !	12176	90
kuu	NOUN	Gen	Sing	aeg	NOUN	Par	Sing	kuu aega	Ema vastas , et nüüd ei saa ma vähemalt ___kuu___ ___aega___ trenni minna .	12219	156
president	NOUN	Par	Sing	kõne	NOUN	Par	Sing	presidenti kõnet	Minu meelest oli naljakas , kuidas Kaarel kutsus ___presidenti___ ___kõnet___ pidama !	12384	48
klass	NOUN	Gen	Sing	õpilane	NOUN	Par	Sing	klassi õpilast	Aktusejuhid olid kaks 4. ___klassi___ ___õpilast___ .	12402	502
vaba_riik	NOUN	Gen	Sing	pea_minister	NOUN	Par	Sing	vabariigi peaministrit	Kaarel kutsus Eesti ___vabariigi___ ___peaministrit___ kõnet pidama .	12407	15
kooli-TV	NOUN	Gen	Sing	saade	NOUN	Par	Sing	kooli-TV saadet	Ma nägin täna sinu ___kooli-TV___ ___saadet___ .	12480	1
kuu	NOUN	Gen	Sing	aeg	NOUN	Par	Sing	kuu aega	Äkki siis ainult ___kuu___ ___aega___ ?	12549	156
kuu	NOUN	Gen	Sing	aeg	NOUN	Par	Sing	kuu aega	Kokkuvõttes arvasid vanemad , et ma olen vahetusprogrammi jaoks liiga noor , et ___kuu___ ___aega___ on liiga pikk aeg ning et kõigepealt peaksin sellest rääkima õpetajaga .	12563	156
aasta	NOUN	Nom	Sing	aeg	NOUN	Par	Sing	aasta aega	Näiteks oleks väga põnev ___aasta___ ___aega___ Ameerikas õppida !	12715	906
minut	NOUN	Par	Sing	aeg	NOUN	Par	Sing	minutit aega	Kui ma kella vaatasin , oli esimese tunni alguseni ainult neli ___minutit___ ___aega___ !	12723	105
tund	NOUN	Par	Sing	aeg	NOUN	Par	Sing	tundi aega	Aga Teelel võtab juba kooliminek pool ___tundi___ ___aega___ !	12862	555
tund	NOUN	Nom	Sing	aeg	NOUN	Par	Sing	tund aega	Ometi ei ole see nii tähtis , sest sellise kodu nimel olen ma nõus iga päev ___tund___ ___aega___ bussis olema , et kooli , koju või trenni sõita .	13135	555
unistus	NOUN	Gen	Plur	kodu	NOUN	Par	Plur	unistuste kodusid	Tehke paberile tabel , kus võrdlete Ana ja Reinu ___unistuste___ ___kodusid___ !	13163	72
õpilane	NOUN	Gen	Plur	õppimis_võime	NOUN	Par	Sing	õpilaste õppimisvõimet	Kuidas mõjutab kodu ___õpilaste___ ___õppimisvõimet___ ning soovi end teostada ?	13239	429
eks_kursioon	NOUN	Gen	Plur	reklaam	NOUN	Par	Plur	ekskursioonide reklaame	Kas sa nägid e-koolis ___ekskursioonide___ ___reklaame___ ?	13318	13
rong	NOUN	Gen	Sing	väljumine	NOUN	Par	Sing	rongi väljumist	Kui mina jõudsin Balti jaama kolmveerand kaheksa , siis Ana täpselt kolm minutit enne ___rongi___ ___väljumist___ !	13405	47
tükk	NOUN	Nom	Sing	aeg	NOUN	Par	Sing	tükk aega	Me valisime klassiekskursiooni jaoks sobivat kohta ___tükk___ ___aega___ .	13448	30
kool	NOUN	Gen	Sing	vormi_mõte	NOUN	Par	Sing	kooli vormimõtet	Selle tarvis on kokku pandud meeskond , kes hakkab klassides ___kooli___ ___vormimõtet___ tutvustama , viib läbi küsitlusi ning teeb kokkuvõtteid .	13816	1013
klass	NOUN	Gen	Plur	abi	NOUN	Par	Sing	klasside abi	Selle ja järgmise nädala jooksul palub koolivormi meeskond kõikide ___klasside___ ___abi___ .	13835	502
klass	NOUN	Gen	Plur	kokku_võte	NOUN	Par	Plur	klasside kokkuvõtteid	Järgmise nädala reedel ootab koolivormi meeskond ___klasside___ ___kokkuvõtteid___ .	13836	502
vorm	NOUN	Gen	Sing	komplekt	NOUN	Par	Sing	vormi komplekti	Just Anni Saar on see , kes on meie koolile kolm kooli ___vormi___ ___komplekti___ disaininud .	13857	50
kooli_vorm	NOUN	Gen	Sing	särk	NOUN	Par	Sing	koolivormi särki	Kes soovib , võib kanda vormi ka iga päev , aga siis ei ole lubatud kanda ___koolivormi___ pidulikku valget ___särki___ .	13906	71
klass	NOUN	Gen	Sing	õpilane	NOUN	Par	Sing	klassi õpilast	Oleme kaks 9. ___klassi___ ___õpilast___ Doris ja Ervin ning oleme matemaatikahuvilised .	13976	502
ema	NOUN	Gen	Sing	lemmik_saade	NOUN	Par	Plur	ema lemmiksaateid	Siis me kuulame ___ema___ ___lemmiksaateid___ kirjandusest ja poliitikast .	14002	549
aja_kiri	NOUN	Gen	Sing	kaas	NOUN	Par	Sing	ajakirja kaant	Kirjelda viie lausega ühe ___ajakirja___ ___kaant___ !	14019	45
tele_kanal	NOUN	Gen	Sing	saade	NOUN	Par	Sing	telekanali saadet	Ma näitasin vanaisale meie ___telekanali___ Pult ___saadet___ .	14023	3
päev	NOUN	Par	Sing	saade	NOUN	Par	Sing	päeva saadet	Ja nüüd , kolm ___päeva___ pärast ___saadet___ , on kõik plakatid näitusel üleval .	14080	741
raamat	NOUN	Par	Plur	allikas	NOUN	Par	Plur	raamatuid allikaid	Tavaliselt kasutatakse referaadi koostamisel ___raamatuid___ ja muid ___allikaid___ .	14156	289
kunsti_õpetus	NOUN	Gen	Sing	õpetaja	NOUN	Par	Plur	kunstiõpetuse õpetajaid	Õnneks oligi just ___kunstiõpetuse___ ___õpetajaid___ tarvis !	14251	5
kool	NOUN	Gen	Sing	õpetaja	NOUN	Par	Plur	kooli õpetajaid	Õnnitlesime täna õpetajate päeva puhul meie ___kooli___ ___õpetajaid___ .	14274	1013
raamat	NOUN	Gen	Plur	asu_koht	NOUN	Par	Sing	raamatute asukohta	Ta näitas meile ka e-kataloogi ESTER , kust saab ___raamatute___ ___asukohta___ vaadata .	14351	289
osa	NOUN	Gen	Sing	lugemine	NOUN	Par	Sing	osa lugemist	Pärast ühe ___osa___ ___lugemist___ mõtle läbi , kas selles lõigus oli sinu jaoks midagi tähtsat või mitte .	14396	236
kraad	NOUN	Par	Sing	soe	NOUN	Par	Sing	kraadi sooja	Päeval on 5 – 8 ___kraadi___ ___sooja___ .	14413	29
töö	NOUN	Gen	Plur	tegemine	NOUN	Par	Sing	tööde tegemist	Enne koduste ___tööde___ ___tegemist___ vaata üle , mis aines sul õppida on .	14441	552
maa_ilm	NOUN	Gen	Sing	raamat	NOUN	Par	Plur	maailma raamatuid	Ma ei jõua ju kõiki ___maailma___ ___raamatuid___ läbi lugeda ja kõiki loodussaateid läbi vaadata !	14462	223
töö	NOUN	Gen	Sing	lõpetamine	NOUN	Par	Sing	töö lõpetamist	Jah , ma usun ka , et pärast ___töö___ ___lõpetamist___ sa enam konnadest und ei näe .	14482	552
ema	NOUN	Gen	Sing	vestlus	NOUN	Par	Plur	ema vestlusi	Mulle meeldib kuulata ___ema___ ja isa ___vestlusi___ .	14494	549
minut	NOUN	Par	Sing	aeg	NOUN	Par	Sing	minutit aega	Igal õpilasel on viis ___minutit___ ___aega___ , et rääkida , kuidas ta oma tööd tegi , millest töö on ja mida uut ta teada sai .	14566	105
konn	NOUN	Gen	Sing	välimus	NOUN	Par	Sing	konna välimust	Kirjelda ___konna___ ___välimust___ !	14586	39
laps	NOUN	Gen	Plur	unistus	NOUN	Par	Plur	laste unistusi	Täna rääkisime eesti keele tunnis ühest organisatsioonist , mis viib ellu haigete ___laste___ ___unistusi___ .	14737	810
organisatsioon	NOUN	Gen	Sing	kodu_leht	NOUN	Par	Sing	organisatsiooni kodulehte	Õpetaja näitas meile selle ___organisatsiooni___ ___kodulehte___ ( vaata sina ka : www.minuunistustepaev.ee ) ja me vaatasime nende kohta ka videoid .	14739	12
tund	NOUN	Nom	Sing	aeg	NOUN	Par	Sing	tund aega	Enne kui ma voodist üles tõusen , olen ___tund___ ___aega___ telefonis .	14749	555
plakat	NOUN	Gen	Sing	esitlus	NOUN	Par	Sing	plakati esitlust	Pärast iga ___plakati___ ___esitlust___ küsige täpsustavaid küsimusi .	14824	34
plakat	NOUN	Gen	Sing	tutvustus	NOUN	Par	Sing	plakati tutvustust	Pärast ___plakati___ ___tutvustust___ saab kolm õpilast võimaluse esinejatelt oma küsimus küsida .	14826	34
klass	NOUN	Gen	Sing	tegevus	NOUN	Par	Sing	klassi tegevust	Laura ___klassi___ kolm ___tegevust___ olid õunte söömine , jalgrattaga sõitmine ja filmide vaatamine .	14849	502
vanem	NOUN	Gen	Plur	vestlus	NOUN	Par	Sing	vanemate vestlust	Täna juhtus aga nii , et ma kuulsin kogemata ___vanemate___ ___vestlust___ pealt .	14985	316
laps	NOUN	Gen	Plur	soov	NOUN	Par	Plur	laste soove	Ma küll tahan väga oma ___laste___ ___soove___ täita , aga ma usun , et selleks ei pea ostma kalleid kingitusi või sõitma välismaale puhkama .	15010	810
vanem	NOUN	Gen	Plur	vestlus	NOUN	Par	Sing	vanemate vestlust	Miks Teele ___vanemate___ ___vestlust___ pealt kuulas ?	15021	316
õppimine	NOUN	Gen	Sing	kord	NOUN	Par	Sing	Õppimise korda	___Õppimise___ ajal ära ___korda___ tuimalt sõnu , vaid kujuta seda kõike endale ette .	15075	82
kogus	NOUN	Gen	Sing	kapsas	NOUN	Par	Sing	koguse kapsast	Seepärast läks memme isa aita väikese kirvega ja raius kapsatünnist paraja ___koguse___ ___kapsast___ , mida soojendada !	15137	6
minut	NOUN	Par	Sing	aeg	NOUN	Par	Sing	minutit aega	Nüüd on teil viis ___minutit___ ___aega___ , et see uudis , mille juures te seisate , läbi lugeda .	15228	105
soomlane	NOUN	Gen	Plur	jõulu_toide	NOUN	Par	Plur	Soomlaste jõulutoite	___Soomlaste___ üks tähtsamaid ___jõulutoite___ on jõulupraad ehk kinkku - ahjusink , mis on maitsestatud vürtsidega .	15247	32
ema	NOUN	Gen	Sing	sünni_päev	NOUN	Par	Sing	ema sünnipäeva	Me tähistame pühapäeval ___ema___ ___sünnipäeva___ .	15257	549
jõulud	NOUN	Gen	Plur	algus	NOUN	Par	Sing	jõulude algust	Seal inimesed laulavad , söövad kooki ja tähistavad ___jõulude___ ___algust___ .	15271	92
jõulu_laut	NOUN	Gen	Sing	istumine	NOUN	Par	Sing	jõululauda istumist	Enne ___jõululauda___ ___istumist___ ja söömist on igale inimesele ette nähtud üks bonbon - papist kommikujuline asi , mille sees on üllatus .	15338	2
õpetaja	NOUN	Gen	Plur	päev	NOUN	Par	Sing	õpetajate päeva	Head ___õpetajate___ ___päeva___ !	15926	475
vaba_riik	NOUN	Gen	Sing	aasta_päev	NOUN	Par	Sing	vabariigi aastapäeva	Head ___vabariigi___ ___aastapäeva___ !	15931	15
aasta	NOUN	Gen	Sing	lõpp	NOUN	Par	Sing	aasta lõppu	Head vana ___aasta___ ___lõppu___ !	15934	906
kass	NOUN	Gen	Sing	lemmik_mängu_asi	NOUN	Par	Plur	kassi lemmikmänguasi	Nüüd ongi nii , et see on meie ___kassi___ ___lemmikmänguasi___ .	15961	79
ﬁlmi	NOUN	Gen	Sing	algus	NOUN	Par	Sing	ﬁlmi algust	Enne ___ﬁlmi___ ___algust___ otsustasid nad omavahel kohad vahetada .	16323	2
raamat	NOUN	Gen	Sing	läbi_lugemine	NOUN	Par	Sing	raamatu läbilugemist	Pärast iga ___raamatu___ ___läbilugemist___ tuleb kirjalikult vastata kümnele raamatu kohta käivale küsimusele .	17235	289
inimene	NOUN	Gen	Plur	päästmine	NOUN	Par	Sing	inimeste päästmist	Tuletõrjujad alustavad ___inimeste___ ___päästmist___ ja maja kustutamist .	17405	1323
maja	NOUN	Gen	Sing	kustutamine	NOUN	Par	Sing	maja kustutamist	Tuletõrjujad alustavad inimeste päästmist ja ___maja___ ___kustutamist___ .	17405	197
kuu	NOUN	Gen	Sing	aeg	NOUN	Par	Sing	kuu aega	Täiesti uus , alles ___kuu___ ___aega___ tagasi sain selle sünnipäevaks .	17427	156
pidu	NOUN	Gen	Sing	lõpp	NOUN	Par	Sing	peo lõppu	Pärast ___peo___ ___lõppu___ sa oma asju garderoobist ei leidnud .	17454	46
kelder	NOUN	Gen	Sing	kord	NOUN	Par	Sing	keldri korda	Me puhastasime prahist pööningu , vanaisa lubas aga ___keldri___ ___korda___ teha .	17519	7
pääste_teenistus	NOUN	Gen	Sing	töötaja	NOUN	Par	Sing	päästeteenistuse töötajat	Ootame ___päästeteenistuse___ ___töötajat___ .	17556	5
nädal	NOUN	Gen	Plur	viis	NOUN	Par	Sing	nädalate viisi	Sääraseid aga , kes halbade kavatsustega metsa hulkuma tulid , näiteks metsavargad , salakütid või röövlid , eksitas metsarahvas sügavasse laande , kus nad siis ___nädalate___ ___viisi___ näljast nõrkedes tulutult väljapääsu otsisid või viimaks hoopistükkis huntide ja karude saagiks langesid .	17597	225
vana-aasta	NOUN	Gen	Sing	õhtu	NOUN	Par	Sing	vana-aasta õhtut	Iirimaal hakati keltide ___vana-aasta___ ___õhtut___ , 31. oktoobrit nimetama halloween'iks - kõigi pühakute päevaks .	17631	4
rähni_eide	NOUN	Gen	Plur	lobisemine	NOUN	Par	Sing	rähnieide lobisemist	Metsavaimu perenaine oli rahuliku ja kannatliku meelega , ainult tema üksi jõudiski ___rähnieide___ ___lobisemist___ kuulata .	17659	1
laht	NOUN	Gen	Sing	varvas	NOUN	Par	Plur	lahe varbaid	Kingpool on vastutustundlik loodusesõber , kes on oma kinganinad maha lõiganud , et tal oleks ___lahe___ ___varbaid___ liigutada .	17679	20
muinas_jutt	NOUN	Gen	Sing	peal_kiri	NOUN	Par	Plur	muinasjutu pealkirju	Mõelge teemat sissejuhatavate piltide põhjal ___muinasjutu___ ___pealkirju___ .	17716	25
muinas_jutt	NOUN	Gen	Sing	variant	NOUN	Par	Sing	muinasjutu varianti	Arutage oma ___muinasjutu___ ___varianti___ õpetajaga .	17717	25
töö_riist	NOUN	Gen	Plur	kast	NOUN	Par	Sing	tööriistade kasti	Lepime nüüd kokku , et sina , Annika , koristad oma mängunurga , mina teen sahtlid korda ja isa korrastab oma ___tööriistade___ ___kasti___ .	17779	16
esik	NOUN	Gen	Sing	põranda_riie	NOUN	Par	Sing	esiku põrandariide	Lõpuks viib ta prahi õue prügikonteinerisse ning klopib õues ka ___esiku___ ___põrandariide___ puhtaks .	17832	18
külaline	NOUN	Gen	Plur	saabumine	NOUN	Par	Sing	külaliste saabumist	Ja ongi jälle kõik niisama puhas ja korras nagu enne ___külaliste___ ___saabumist___ .	17833	56
internet	NOUN	Gen	Sing	kasutus	NOUN	Par	Sing	interneti kasutust	Ja mis puutub minu telefoniarvesse , siis , nagu sa tead , hõlmab mu telefonipakett ka ___interneti___ ___kasutust___ .	17864	107
vee_arve	NOUN	Nom	Sing	euro	NOUN	Par	Sing	veearve eurot	Eelmise kuu gaasiarve oli 27 eurot , elektriarve oli 95 eurot , ___veearve___ 23 ___eurot___ ja internetiarve 22 eurot .	17869	1
euro	NOUN	Par	Sing	sent	NOUN	Par	Sing	eurot senti	Arve prügiveo eest oli detsembris 6 eurot 40 senti , kütte eest 57 ___eurot___ 80 ___senti___ .	17870	108
silma_tilk	NOUN	Par	Sing	salv	NOUN	Par	Sing	silmatilku salvi	Kas meil on veel eelmisest korrast ___silmatilku___ või antibiootilist ___salvi___ alles ?	18151	1
juus	NOUN	Gen	Plur	värv	NOUN	Par	Sing	juuste värvi	Palun hüvitada mulle tekitatud moraalne kahju ja vahetada ostetud šampoon ___juuste___ naturaalset ___värvi___ taastava šampooni vastu .	18378	92
eemaldamine	NOUN	Gen	Sing	kreem	NOUN	Par	Sing	eemaldamise kreemi	Ostsid tedretähnide ___eemaldamise___ ___kreemi___ .	18379	1
kool	NOUN	Gen	Sing	laps	NOUN	Par	Plur	kooli lapsi	Võib-olla näitaksingi ainult oma ___kooli___ ___lapsi___ , kuidas nad laulu- ja tantsupeoks valmistusid ja proove tegid , kuidas koos teiste peolistega rongkäigus lauluväljakule liikusid , kuidas laululaval laulsid ja staadionil tantsisid .	18396	1013
kooli_võimla	NOUN	Nom	Sing	rahva_tantsus_amme	NOUN	Par	Plur	koolivõimlas rahvatantsusamme	Mis võluvägi see küll on , mis paneb noori mitte ainult diskoõhtul tantsima , vaid ka ___koolivõimlas___ ___rahvatantsusamme___ harjutama ?	18406	1
lill	NOUN	Gen	Sing	leht	NOUN	Par	Plur	lille lehti	Mõned inimesed kasutavad ___lille___ ___lehti___ kevadel salatina .	18444	124
pakk	NOUN	Nom	Sing	kartuli_krõps	NOUN	Par	Sing	pakk kartulikrõpse	Samas märkan lähenevat sõbrannat , käes Sprite’i - pudel ja suur ___pakk___ ___kartulikrõpse___ .	18460	18
meeskond	NOUN	Par	Sing	mängija	NOUN	Par	Plur	meeskonda mängijaid	Kehalise kasvatuse tunnis valivad kaks kaptenit pallimängu jaoks oma ___meeskonda___ ___mängijaid___ .	18536	27
muinas_jutt	NOUN	Gen	Sing	mõte	NOUN	Par	Sing	muinasjutu mõtet	Kas suure tuletorni ja väikese jaaniussi vastandamine aitab ___muinasjutu___ peamist ___mõtet___ paremini mõista ?	18558	25
konn	NOUN	Nom	Sing	tähtsus	NOUN	Par	Sing	konn tähtsust	Sai emakeeles viie ja nüüd on nagu täispuhutud ___konn___ ___tähtsust___ täis .	18614	39
suur_jooksus	NOUN	Par	Sing	osa	NOUN	Par	Sing	suurjooksust osa	Oleme ju sinuga mitu korda sellest ___suurjooksust___ ___osa___ võtnud .	18652	1
loom	NOUN	Gen	Plur	nimetus	NOUN	Par	Plur	loomade nimetusi	Pean oskama ___loomade___ ___nimetusi___ kirjutada .	18666	190
töö	NOUN	Gen	Sing	õigsus	NOUN	Par	Sing	töö õigsust	Kontrolli ___töö___ ___õigsust___ õpiku järgi .	18689	552
kodu_kulu	NOUN	Gen	Plur	euro	NOUN	Par	Sing	kodukulude eurot	Ema hoidis alles kõik ühe kuu arvete tšekid ja nüüd teame täpselt , et toidule kulus 329 eurot , ___kodukulude___ peale 167 ___eurot___ , teatripiletite peale 47 eurot , kõnedele neljalt mobiiltelefonilt 69 eurot .	18771	1
ravim_taim	NOUN	Gen	Plur	raamat	NOUN	Par	Sing	Ravimtaimede raamatut	___Ravimtaimede___ ___raamatut___ .	18907	3
lill	NOUN	Gen	Sing	nimetus	NOUN	Par	Sing	lille nimetust	Nimeta 10 ___lille___ ___nimetust___ .	18925	124
suvi	NOUN	Gen	Sing	algus	NOUN	Par	Sing	suve algust	Jah , viimased sekundid , enne ___suve___ ___algust___ .	19053	368
aasta	NOUN	Gen	Sing	sekund	NOUN	Par	Plur	aasta sekundeid	Mul on selline tunne , nagu oleks aastavahetus ja meie loeme vana ___aasta___ viimaseid ___sekundeid___ .	19057	906
koer	NOUN	Par	Sing	dingo	NOUN	Par	Sing	koera dingot	Ei , ma ujun parem metsikut ___koera___ ___dingot___ , käpad põhjas .	19097	182
tuup	NOUN	Par	Sing	pasta	NOUN	Par	Sing	tuubi pastat	Kas võtta üks tuub või kaks ___tuubi___ ___pastat___ ?	19100	5
asi	NOUN	Gen	Plur	nime_kiri	NOUN	Par	Sing	asjade nimekirja	Kas mina võin ___asjade___ ___nimekirja___ teha ?	19452	442
tükk	NOUN	Nom	Sing	aeg	NOUN	Par	Sing	tükk aega	Jaa , palun , Maria , sul on juba ___tükk___ ___aega___ käsi püsti .	19485	30
ema	NOUN	Gen	Sing	nägu	NOUN	Par	Sing	ema nägu	Ma tahaksin näha oma ___ema___ ___nägu___ , kui ma ütleksin talle , et sõidame klassiga ekskursioonile kolmeks nädalaks !	19507	549
reisi_büroo	NOUN	Gen	Sing	teenus	NOUN	Par	Plur	reisibüroo teenuseid	Kui te reisite perega , kas te kasutate ___reisibüroo___ ___teenuseid___ või koostate ise marsruudi ?	19667	4
film	NOUN	Gen	Sing	näitus	NOUN	Par	Sing	filmi- näitust	Kutsume vaatama ka ___filmi-___ ja teatrinukkude ___näitust___ .	20115	241
hunnik	NOUN	Gen	Sing	harjutus	NOUN	Par	Plur	hunniku harjutusi	Esimesed soojendusharjutused ning siit pärast seda me läheme keskele , teeme seal igavese ___hunniku___ ___harjutusi___ .	20430	1
etendus	NOUN	Gen	Sing	algus	NOUN	Par	Sing	etenduse algust	Laupäeval kolmest seitsmeni ja tund enne ___etenduse___ ___algust___ .	20487	90
üli_kool	NOUN	Gen	Sing	reaa_laine	NOUN	Par	Plur	ülikooli reaalaineid	Tema perekond aga loodab , et Anna läheb ___ülikooli___ ___reaalaineid___ õppima .	20747	98
looma_liik	NOUN	Gen	Sing	rahva_laul	NOUN	Par	Sing	loomaliigi rahvalaulu	Võistluse peaauhinna saab see , kel õnnestub salvestada maailma kõige vanema ___loomaliigi___ , müütiliste tuldpurskavate lohede ___rahvalaulu___ .	20752	7
komöödia	NOUN	Gen	Sing	vaatamine	NOUN	Par	Sing	komöödia vaatamist	Pärast lõbusa ___komöödia___ ___vaatamist___ on tuju alati hea .	20768	8
film	NOUN	Par	Sing	vaatamine	NOUN	Par	Sing	filmi vaatamist	Väiksena , kui ma mõnikord vaatasin õudusfilme , jooksin alati pärast ___filmi___ ___vaatamist___ ema ja isa voodisse magama .	20770	241
küsimus	NOUN	Gen	Plur	moodustamine	NOUN	Par	Sing	küsimuste moodustamist	Kuna meil on praegu teiega filmiteema , siis harjutame täna ___küsimuste___ ___moodustamist___ .	20783	193
kino	NOUN	Gen	Sing	pilet	NOUN	Par	Plur	kino pileteid	Apollo ___kino___ ___pileteid___ saab osta kino kassast , Apollo kino veebilehelt www.apollokino.ee või Apollo Kino mobiilirakenduse abil .	20869	116
seans	NOUN	Gen	Sing	algus	NOUN	Par	Sing	seansi algust	Kassa avatakse üks tund enne esimese ___seansi___ ___algust___ .	20870	6
tund	NOUN	Nom	Sing	algus	NOUN	Par	Sing	tund algust	Üks ___tund___ enne esimese seansi ___algust___ .	20879	555
seans	NOUN	Gen	Sing	algus	NOUN	Par	Sing	seansi algust	Üks tund enne esimese ___seansi___ ___algust___ .	20879	6
seans	NOUN	Gen	Sing	algus	NOUN	Par	Sing	seansi algust	Kolm D prillid saab kinokülastaja enne ___seansi___ ___algust___ saalitöötajalt .	20885	6
tilk	NOUN	Par	Sing	vesi	NOUN	Par	Sing	tilka vett	Kas sa tead kedagi , kes on sarnased nagu kaks ___tilka___ ___vett___ ?	20951	2
kohv	NOUN	Par	Sing	müüt	NOUN	Par	Plur	kohvi müüte	Kas te ___kohvi___ ka kaasa ___müüte___ ?	21149	33
vaba_riik	NOUN	Gen	Sing	sünni_päev	NOUN	Par	Sing	vabariigi sünnipäeva	Meie tähistame ___vabariigi___ ___sünnipäeva___ , lihavõtteid , jaanipäeva , emadepäeva , taasiseseisvumispäeva , isadepäeva , jõule , vana-aasta õhtut , sünnipäevi .	21276	15
vilja_õnne	NOUN	Gen	Sing	karja_õnne	NOUN	Par	Plur	viljaõnne karjaõnne	Vanasti usuti , et mardid toovad ___viljaõnne___ ja kadrid ___karjaõnne___ .	21283	2
vaba_riik	NOUN	Gen	Sing	aasta_päev	NOUN	Par	Sing	vabariigi aastapäeva	Kuidas te ___vabariigi___ ___aastapäeva___ tähistate ?	21293	15
lipp	NOUN	Gen	Sing	heiskamine	NOUN	Par	Sing	lipu heiskamist	Hommikul käime Pika Hermanni torni juures ___lipu___ ___heiskamist___ vaatamas .	21295	13
paraat	NOUN	Gen	Sing	otse_üle_kanne	NOUN	Par	Sing	paraadi otseülekannet	Vaatame sellel päeval ka lastega linnas paraadi või telerist ___paraadi___ ___otseülekannet___ televiisorist .	21297	4
laps	NOUN	Gen	Plur	sünni_päev	NOUN	Par	Plur	laste sünnipäevi	Kuid samas oleme ___laste___ ___sünnipäevi___ ka kuskil väljas pidanud - näiteks filmimuuseumis , batuudikeskuses , Lennusadamas või virtuaalreaalsuse keskuses .	21335	810
liik	NOUN	Par	Sing	seen	NOUN	Par	Plur	liiki seeni	Eestis leidub 3500 ___liiki___ ___seeni___ .	21572	49
osa	NOUN	Nom	Sing	poiss	NOUN	Par	Plur	Osa poisse	___Osa___ ___poisse___ ja tüdrukuid on isegi maadlusvõistlustel käinud .	21649	236
gümnaasium	NOUN	Gen	Sing	võimal	NOUN	Par	Sing	gümnaasiumi võimlat	Tallinna raskejõustikukool kasutab ___gümnaasiumi___ ___võimlat___ maadlustreeninguteks .	21655	37
kool	NOUN	Gen	Sing	sportlane	NOUN	Par	Plur	kooli sportlasi	Kes intervjueerib ___kooli___ paremaid ___sportlasi___ ?	21675	1013
garantiia	NOUN	Nom	Sing	aasta	NOUN	Par	Sing	Garantiiaeg aastat	___Garantiiaeg___ 2 ___aastat___ .	21950	1
parv_kalu	NOUN	Par	Plur	barbus	NOUN	Par	Plur	parvkalu barbuseid	Kõigepealt tuleb selgeks teha , kas tahetakse pidada sooja- või külmaveekalu , suuri skalaare või väikesi gupisid , kas rahulikke kalu või äkilisi ___parvkalu___ ___barbuseid___ ?	21987	1
akvaarium	NOUN	Gen	Sing	klaas_pind	NOUN	Par	Sing	akvaariumi klaaspinda	Akvaariumi hooldamise ajal tuleb vahetada umbes 10% veest , pesta kergelt filtris olevat svammi ja puhastada ___akvaariumi___ ___klaaspinda___ .	22008	39
kala	NOUN	Gen	Plur	seisund	NOUN	Par	Sing	kalade seisundit	Palja silmaga on ___kalade___ tervislikku ___seisundit___ raske hinnata .	22027	77
asi	NOUN	Gen	Plur	teadmine	NOUN	Par	Sing	asjade teadmist	Siis hakkasid aga õpetajad nõudma niisuguste ___asjade___ ___teadmist___ , mis mind üldse ei huvitanud , ja sellest ajast kadus mul huvi õpetajaks saada .	22150	442
laste_muusikool	NOUN	Gen	Sing	lõpetaja	NOUN	Par	Sing	lastemuusikakooli lõpetajat	Aga mul on mitu tuttavat , meie ___lastemuusikakooli___ ___lõpetajat___ seal õppimas ja nad räägivad , et neid võeti koolis väga sõbralikult vastu ning et ka õpetajad on toredad ja arusaajad inimesed .	22174	2
firma	NOUN	Gen	Sing	töötaja	NOUN	Par	Sing	firma töötajat	Jään siis teie ___firma___ ___töötajat___ reedel kella kolmeks ootama .	22233	71
loom	NOUN	Gen	Plur	elu	NOUN	Par	Sing	loomade elu	Ta armastab viibida looduses , jälgida ___loomade___ ja lindude ___elu___ , teha aiatööd ja kasvatada lilli ning mitmesuguseid eksootilisi taimi .	22237	190
matemaatika	NOUN	Gen	Sing	vale_meas	NOUN	Par	Plur	matemaatika valemeid	Ta mõistab hästi ___matemaatika___ ja füüsika ___valemeid___ , keemia sümboleid , statistilisi tabeleid .	22257	56
keemia	NOUN	Gen	Sing	sümbol	NOUN	Par	Plur	keemia sümboleid	Ta mõistab hästi matemaatika ja füüsika valemeid , ___keemia___ ___sümboleid___ , statistilisi tabeleid .	22257	11
põhi_kool	NOUN	Gen	Sing	lõpetamine	NOUN	Par	Sing	põhikooli lõpetamist	Kuhu tahab pärast ___põhikooli___ ___lõpetamist___ õppima minna Anna ?	22291	23
põhi_kool	NOUN	Gen	Sing	lõpetamine	NOUN	Par	Sing	põhikooli lõpetamist	Kus tahab pärast ___põhikooli___ ___lõpetamist___ õpinguid jätkata Anton ?	22293	23
akvaariumi_kala	NOUN	Gen	Plur	elu	NOUN	Par	Sing	akvaariumikalade elu	Ma jälgin ___akvaariumikalade___ ___elu___ .	22385	4
tükk	NOUN	Nom	Sing	aeg	NOUN	Par	Sing	tükk aega	Ta on sellest juba ___tükk___ ___aega___ unistanud , aga kunagi pole aega olnud .	22429	30
muuseum	NOUN	Gen	Sing	rahvas	NOUN	Par	Sing	muuseumi rahvast	Võiski arvata , et sel päeval koguneb ___muuseumi___ ___rahvast___ rohkem kui muidu .	22444	113
talu	NOUN	Gen	Sing	ostmine	NOUN	Par	Sing	talu ostmist	Juba enne Kurgja ___talu___ ___ostmist___ oli Carl Robert Jakobson laia silmaringiga kultuuritegelane , rahvusliku liikumise juht , lugupeetud pedagoog , andekas ja viljakas kooliõpikute kirjutaja .	22445	37
maa	NOUN	Gen	Sing	harimine	NOUN	Par	Sing	maa harimist	Oma kõnedeski õpetas Jakobson põllumehi hindama ___maa___ ___harimist___ ja väetamist , põlluheina kasvatamist , korralike õhurikaste lautade ehitamist , tõukarja ja mesilaste pidamist , juustu valmistamist , aiandust .	22450	202
põllu_heid	NOUN	Gen	Sing	kasvatamine	NOUN	Par	Sing	põlluheina kasvatamist	Oma kõnedeski õpetas Jakobson põllumehi hindama maa harimist ja väetamist , ___põlluheina___ ___kasvatamist___ , korralike õhurikaste lautade ehitamist , tõukarja ja mesilaste pidamist , juustu valmistamist , aiandust .	22450	1
laut	NOUN	Gen	Plur	ehitamine	NOUN	Par	Sing	lautade ehitamist	Oma kõnedeski õpetas Jakobson põllumehi hindama maa harimist ja väetamist , põlluheina kasvatamist , korralike õhurikaste ___lautade___ ___ehitamist___ , tõukarja ja mesilaste pidamist , juustu valmistamist , aiandust .	22450	17
tõu_kari	NOUN	Gen	Sing	pidamine	NOUN	Par	Sing	tõukarja pidamist	Oma kõnedeski õpetas Jakobson põllumehi hindama maa harimist ja väetamist , põlluheina kasvatamist , korralike õhurikaste lautade ehitamist , ___tõukarja___ ja mesilaste ___pidamist___ , juustu valmistamist , aiandust .	22450	1
juust	NOUN	Gen	Sing	valmistamine	NOUN	Par	Sing	juustu valmistamist	Oma kõnedeski õpetas Jakobson põllumehi hindama maa harimist ja väetamist , põlluheina kasvatamist , korralike õhurikaste lautade ehitamist , tõukarja ja mesilaste pidamist , ___juustu___ ___valmistamist___ , aiandust .	22450	20
tõug	NOUN	Gen	Sing	kana	NOUN	Par	Plur	tõugu kanu	Majapidamises oli eri ___tõugu___ ___kanu___ , parte , hanesid .	22458	3
talu_muuseum	NOUN	Gen	Sing	mulje	NOUN	Par	Plur	talumuuseumi muljeid	Tõnis jagab vanaisale Kurgja ___talumuuseumi___ ___muljeid___ .	22555	8
kanarbik	NOUN	Gen	Sing	nimetus	NOUN	Par	Sing	kanarbiku nimetust	Aga ___kanarbiku___ ___nimetust___ - Heidekraut - ma suisa armastan .	22674	1
õe-vend	NOUN	Gen	Sing	tuleviku_plaan	NOUN	Par	Plur	õe-venna tulevikuplaane	Tutvustage Annat ja Antonit , nende vanemaid , kodulinna ja kodu , ___õe-venna___ ___tulevikuplaane___ ja huvisid .	22702	3
pae_kivi	NOUN	Gen	Sing	liige	NOUN	Par	Plur	paekivi liike	Dolomiit on üks ___paekivi___ ___liike___ .	22755	11
maja	NOUN	Gen	Plur	välis_sein	NOUN	Par	Sing	majade välisseinu	Sellega kaetakse ___majade___ ___välisseinu___ .	22759	197
linn	NOUN	Gen	Sing	panoraam	NOUN	Par	Sing	linna panoraami	Laevatekilt nägi Tšaikovski esiteks Oleviste kiriku torni , siis aga kogu ___linna___ ___panoraami___ .	22769	269
liik	NOUN	Gen	Sing	seen	NOUN	Par	Plur	liigi seeni	Kõikjal metsades kasvab üle 300 ___liigi___ ___seeni___ , nende hulgas on tuntud söögiseeni umbes 100 liiki .	22793	49
paik	NOUN	Gen	Plur	rahva_rõigas	NOUN	Par	Plur	paikade rahvarõivaid	Nii on võimalik tundma õppida Eesti erinevate ___paikade___ ___rahvarõivaid___ kaunistavaid mustreid ja uurida , mis sõnumit need mustrid kannavad .	22818	36
rahva_rõigas	NOUN	Par	Plur	muster	NOUN	Par	Plur	rahvarõivaid mustreid	Nii on võimalik tundma õppida Eesti erinevate paikade ___rahvarõivaid___ kaunistavaid ___mustreid___ ja uurida , mis sõnumit need mustrid kannavad .	22818	1
koondis	NOUN	Gen	Sing	võistlus	NOUN	Par	Sing	koondise võistlust	Tädimees ei jäta ühtki ___koondise___ ___võistlust___ vaatamata .	22898	4
aasta	NOUN	Par	Sing	võõr_keel	NOUN	Par	Sing	aastat võõrkeelt	Mitmendat aastat sa õpid eesti keelt , mitmendat ___aastat___ mõnd muud ___võõrkeelt___ ?	22911	906
riigi_kogu	NOUN	Gen	Sing	liige	NOUN	Par	Sing	riigikogu liiget	Minu teada pole meie suguvõsas ei ühtegi tuntud poliitikut , ministrit ega ___riigikogu___ ___liiget___ .	22981	5
mesinik	NOUN	Gen	Plur	kokku_tulek	NOUN	Par	Plur	mesinike kokkutulekuid	Igal aastal korraldas ta ___mesinike___ ___kokkutulekuid___ , külastas ise mesindusnäitusi .	22993	3
vana_isa	NOUN	Gen	Sing	ise_loom	NOUN	Par	Sing	vanaisa iseloomu	Imetlen ___vanaisa___ ___iseloomu___ .	23005	123
vana_isa	NOUN	Gen	Sing	töökus	NOUN	Par	Sing	vanaisa töökust	Imetlen ___vanaisa___ ___töökust___ .	23010	123
vana_ema	NOUN	Gen	Sing	õde	NOUN	Par	Sing	vanaema õde	Tavaliselt tulevad ___vanaema___ kaks ___õde___ ja vend oma laste ja lastelaste ning viimastel aastatel ka lastelastelastega .	23092	220
vana_isa	NOUN	Gen	Sing	töökus	NOUN	Par	Sing	vanaisa töökust	Imetlen ___vanaisa___ ___töökust___ .	23151	123
kirik	NOUN	Gen	Plur	arhitektuur	NOUN	Par	Sing	kirikute arhitektuuri	Seejärel võiksime all-linnas natuke ringi jalutada , linnamüüri vaadata , ___kirikute___ ___arhitektuuri___ uurida .	23211	82
tükk	NOUN	Nom	Sing	aeg	NOUN	Par	Sing	tükk aega	Otsisime ___tükk___ ___aega___ malenuppe .	23311	30
keel	NOUN	Gen	Sing	õpik	NOUN	Par	Sing	keele õpikut	Otsin eesti ___keele___ ___õpikut___ .	23377	609
arhitektuur	NOUN	Gen	Sing	pärl	NOUN	Par	Plur	arhitektuuri pärle	Seejärel võiksime veel all-linnas ringi jalutada ja vaadata niisuguseid keskaegse ___arhitektuuri___ ___pärle___ nagu Suurgildi hoone , Mustpeade Vennaskonna hoone ja Kolm Õde .	23511	15
meister	NOUN	Gen	Sing	nimi	NOUN	Par	Sing	meistri nime	Siis lubas ehitusmeister kiriku tasuta valmis ehitada , kui tallinlased ___meistri___ ___nime___ teada saavad .	23535	15
päev	NOUN	Par	Sing	aeg	NOUN	Par	Sing	päeva aega	Peoni on veel mitu ___päeva___ ___aega___ .	23672	741
king	NOUN	Gen	Sing	saaja	NOUN	Par	Sing	kingi saajat	Selline kingitus rõõmustab nii ___kingi___ ___saajat___ kui ka kinkijat .	23677	22
kingitus	NOUN	Gen	Sing	saaja	NOUN	Par	Sing	kingituse saajat	Missugune kingitus rõõmustab nii kinkijat kui ka ___kingituse___ ___saajat___ ?	23686	103
pere	NOUN	Gen	Sing	tunne	NOUN	Par	Sing	pere tunnet	Kooli õpilasomavalitsus on arvamusel , et ühtse ___pere___ ___tunnet___ aitab suurendada ka koolivorm .	23782	277
oma_vanus	NOUN	Gen	Plur	sünni_päeva_pidu	NOUN	Par	Sing	omavanuste sünnipäevapidu	Millisena kujutad ette ideaalset ___omavanuste___ ___sünnipäevapidu___ ?	23797	1
vaba_riik	NOUN	Gen	Sing	aasta_päev	NOUN	Par	Sing	vabariigi aastapäeva	Head ___vabariigi___ ___aastapäeva___ !	23816	15
klassik	NOUN	Gen	Plur	teos	NOUN	Par	Plur	klassikute teoseid	Need on nii mõnusa mustriga , et teeb lausa kadedaks : matemaatikaõpetaja sai plusside-miinustega kampsuni , muusikaõpetaja jakil on kena klaviatuur ja emakeeleõpetaja kampsunit võib mõni laisem laps lausa spikrina kasutada - sellel on hulk ___klassikute___ ___teoseid___ !	23860	3
õpilane	NOUN	Gen	Plur	suhtlemis_oskus	NOUN	Par	Sing	õpilaste suhtlemisoskust	VeniVidiVici õpilasvahetus on parandanud meie ___õpilaste___ ___suhtlemisoskust___ , andnud uusi kogemusi ja tutvusi , avardanud silmaringi , andnud teadmisi Eesti kohta ja ideid , mida enda koolis rakendada .	24066	429
kuu	NOUN	Gen	Sing	aeg	NOUN	Par	Sing	kuu aega	Me arutasime seda programmi perega ja kuigi alguses olin kahevahel , otsustasime , et mõistlik on osaleda ja teha taotlus ___kuu___ ___aega___ enne õpilasvahetuse algust .	24073	156
õpi_lasetu_husi	NOUN	Gen	Sing	algus	NOUN	Par	Sing	õpilasvahetuse algust	Me arutasime seda programmi perega ja kuigi alguses olin kahevahel , otsustasime , et mõistlik on osaleda ja teha taotlus kuu aega enne ___õpilasvahetuse___ ___algust___ .	24073	3
kuu	NOUN	Gen	Sing	aeg	NOUN	Par	Sing	kuu aega	Ma ei pannud tähelegi , kui ___kuu___ ___aega___ oli linnulennul möödunud .	24126	156
kuu	NOUN	Nom	Sing	aeg	NOUN	Par	Sing	kuu aega	Nii kahju oli , et ___kuu___ ___aega___ nii ruttu möödus .	24132	156
kuht	NOUN	Nom	Sing	emotsioon	NOUN	Par	Plur	kuhi emotsioone	Ma soovitan siiralt kõikidele mitte karta ja väljuda mugavustsoonist ning saada terve ___kuhi___ uusi ja positiivseid ___emotsioone___ .	24145	2
keel	NOUN	Gen	Sing	oskus	NOUN	Par	Sing	keele oskust	Mis sa arvad , kuidas vahetusõpilase aeg su eesti ___keele___ ___oskust___ parandab ?	24166	609
vahetus_õpilane	NOUN	Nom	Sing	olemine	NOUN	Par	Sing	vahetusõpilane olemist	Kas sa arvad , et oleks hea , kui kõik katsetavad ___vahetusõpilane___ ___olemist___ ?	24167	24
kodu_kool	NOUN	Gen	Sing	kontaktisik	NOUN	Par	Sing	kodukooli kontaktisikut	Vahetusopilasel on kohustus teavitada ___kodukooli___ ___kontaktisikut___ vahetussoovist .	24188	3
vahetus_periood	NOUN	Gen	Sing	lõpp	NOUN	Par	Sing	vahetusperioodi lõppu	Vahetusopilasel on kohustus pärast ___vahetusperioodi___ ___lõppu___ anda tagasisidet vahetusperioodi kohta vahetust organiseerinud VeniVidiVici esindajale .	24194	5
õpilane	NOUN	Gen	Plur	mass	NOUN	Par	Plur	õpilaste masse	Huvitav oleks vaadata , kuidas suurtes linnades kõik toimub ja näha neid suuri ___õpilaste___ ___masse___ .	24239	429
summa	NOUN	Nom	Sing	raha	NOUN	Par	Sing	summa raha	Stanislavil oli kaasas päris korralik ___summa___ ___raha___ .	24307	22
sotsiaal_meedia	NOUN	Gen	Sing	kanal	NOUN	Par	Sing	sotsiaalmeedia kanalit	Kui sa saaksid kasutada vaid ühte ___sotsiaalmeedia___ ___kanalit___ , siis mis see oleks ?	24389	24
sotsiaal_meedia	NOUN	Gen	Sing	konto	NOUN	Par	Sing	sotsiaalmeedia kontot	Ainult 4% vastajatest ütles , et neil ei ole ühtegi ___sotsiaalmeedia___ ___kontot___ .	24410	24
sotsiaal_meedia	NOUN	Gen	Sing	kanal	NOUN	Par	Sing	sotsiaalmeedia kanalit	Kui saaksid kasutada vaid ühte ___sotsiaalmeedia___ ___kanalit___ , siis mis see oleks ?	24414	24
sotsiaal_meedia	NOUN	Gen	Sing	kanal	NOUN	Par	Sing	sotsiaalmeedia kanalit	Kui saaksid kasutada vaid ühte ___sotsiaalmeedia___ ___kanalit___ , siis mis see oleks ?	24419	24
enamus	NOUN	Nom	Sing	õpilane	NOUN	Par	Plur	enamus õpilasi	Nagu uuringust näha , külastab valdav ___enamus___ ( 83% ) ___õpilasi___ internetti nutitelefoni kaudu .	24434	5
maa_ilm	NOUN	Gen	Sing	probleem	NOUN	Par	Plur	maailma probleeme	Seetõttu tundub mulle , et inimesed on seal avatumad ning esitavad rohkem postituste alla pikki arvamusi , mis käsitlevad ___maailma___ ___probleeme___ .	24448	223
video	NOUN	Gen	Plur	tegelikkus	NOUN	Par	Sing	videote tegelikkust	Tihti näeme seal pilte , kus inimestel on veatu nahk , ideaalne keha ja juuksed , aga keegi ei näita nende ___videote___ ja piltide ___tegelikkust___ .	24452	21
sõber	NOUN	Gen	Plur	tegemine	NOUN	Par	Plur	sõprade tegemisi	Instagrami pluss on , et siin on kerge jälgida nende ___sõprade___ ___tegemisi___ , kes elavad sinust kaugel .	24462	560
klassika_aslane	NOUN	Nom	Plur	jutt	NOUN	Par	Sing	klassikaaslased juttu	Kuidas suhtusid ___klassikaaslased___ Liisa ___juttu___ Johannese kohta ?	24602	38
sari	NOUN	Gen	Sing	tegelane	NOUN	Par	Sing	sarja tegelast	Võrdle kaht ___sarja___ ___tegelast___ : mille poolest nad sarnanevad ja mille poolest erinevad ?	24752	19
värv	NOUN	Par	Sing	seos	NOUN	Par	Plur	värvi seoseid	Ära kirjuta väga ametlikult , lisa ___värvi___ ( emotsionaalseid väljendeid jmt ) , isiklikku ( seost endaga , mõju endale vm ) , ___seoseid___ tänapäevaga .	24775	96
nädal	NOUN	Par	Sing	vahe_aeg	NOUN	Par	Sing	nädalat vaheaega	Kooliaasta lõpeb märtsi keskel ja enne uue õppeaasta algust on kaks ___nädalat___ ___vaheaega___ .	24856	225
õppe_aasta	NOUN	Gen	Sing	algus	NOUN	Par	Sing	õppeaasta algust	Kooliaasta lõpeb märtsi keskel ja enne uue ___õppeaasta___ ___algust___ on kaks nädalat vaheaega .	24856	21
keel	NOUN	Gen	Sing	grammatika	NOUN	Par	Sing	keele grammatikat	Inglise keelt õpitakse samamoodi , et õpetaja klassi ees jaapani keeles õpetab inglise ___keele___ ___grammatikat___ , nii-öelda , kuidas keel toimib .	24864	609
kuu	NOUN	Nom	Sing	aeg	NOUN	Par	Sing	kuu aega	Meil oli ___kuu___ ___aega___ enne tagasitulekut aastalõpuseminar YFU-ga .	24876	156
ema	NOUN	Gen	Sing	pisar	NOUN	Par	Plur	ema pisaraid	Paned seljakoti selga ja pühid ___ema___ ___pisaraid___ ja teed kalli ja surud isa kätt ja lähed .	24987	549
inimene	NOUN	Gen	Plur	süda	NOUN	Par	Plur	inimeste südameid	Mis see sinu võti on , et sa ___inimeste___ ___südameid___ niimoodi sulatad ja hästi läbi saad ?	25129	1323
laps	NOUN	Gen	Plur	treening	NOUN	Par	Plur	laste treeninguid	Tänapäeval suur osa nendest eluks vajalikest rakendustest on nutiseadmes , mistõttu minul näiteks on vaja oma ___laste___ ___treeninguid___ seal märkida , vaadata , kus nad käisid .	25209	810
nuti_seade	NOUN	Nom	Plur	õppimine	NOUN	Par	Sing	nutiseadmed õppimist	Mis sa arvad , kuidas ja kui palju mõjutavad ___nutiseadmed___ ___õppimist___ ?	25220	11
pool	NOUN	Nom	Sing	käng	NOUN	Par	Sing	pool kängu	Et kui nutivahendeid liiga palju õppimiseks ka kasutada , siis jääb see tegelik sotsiaalne ___pool___ ___kängu___ .	25236	41
õppimine	NOUN	Nom	Sing	grammati_kaoskus	NOUN	Par	Sing	õppimine grammatikaoskust	Lisaks arendab fraaside ___õppimine___ ___grammatikaoskust___ .	25256	82
kirjutaja	NOUN	Gen	Sing	väide	NOUN	Par	Sing	kirjutaja väidet	Arvamuslõigus on pealause , mis väljendab ___kirjutaja___ ___väidet___ .	25266	16
rahvas	NOUN	Gen	Sing	hääl	NOUN	Par	Sing	rahva häält	Tänavaküsitlus on intervjuu alaliik , mida kasutatakse tavaliselt siis , kui soovitakse kuulda ___rahva___ ___häält___ .	25326	67
elanikkond	NOUN	Gen	Sing	grupp	NOUN	Par	Plur	elanikkonna gruppe	Samas peetakse silmas , et vastajad esindaksid ___elanikkonna___ eri ___gruppe___ : mehi , naisi , nooremaid , vanemaid jne .	25328	8
küsitlus	NOUN	Gen	Sing	läbi_viimine	NOUN	Par	Sing	küsitluse läbiviimist	Mida tuleks teha enne ___küsitluse___ ___läbiviimist___ ?	25354	15
tegevus	NOUN	Gen	Sing	tulemus	NOUN	Par	Sing	tegevuse tulemust	Mis käändes on sihitis tavaliselt siis , kui tegusõna üks osa on ära , valmis , läbi vms ___tegevuse___ ___tulemust___ näitav osa ?	25374	120
keele_struktuur	NOUN	Gen	Plur	kasutamine	NOUN	Par	Sing	keelestruktuuride kasutamist	Keerukamate ___keelestruktuuride___ ___kasutamist___ tuleb korduvalt harjutada .	25378	4
inimene	NOUN	Gen	Sing	arvamus	NOUN	Par	Sing	inimese arvamust	Teise ___inimese___ ___arvamust___ on võimalik tekstis esitada kas tsitaadi või refereeringuna .	25408	1323
haridus	NOUN	Gen	Sing	tähtsus	NOUN	Par	Sing	hariduse tähtsust	Ene Ergma arvas , et noored peaksid mõistma korraliku ___hariduse___ ___tähtsust___ , sest vahendamisega ei jõua enam kuhugi .	25413	41
õpilane	NOUN	Gen	Plur	aktiivsus	NOUN	Par	Sing	õpilaste aktiivsust	Ettevõtliku õppe all aga võib mõista ___õpilaste___ suuremat ___aktiivsust___ ja tahet oma ideid teoks teha , seda muidugi toetavate õpetajatega .	25444	429
olümpia_mängud	NOUN	Gen	Plur	aja_lugu	NOUN	Par	Sing	olümpiamängude ajalugu	Õpilased uurisid erinevaid riike , nende ajalugu , sümboolikat ja ka ___olümpiamängude___ ___ajalugu___ .	25451	34
soovitus	NOUN	Gen	Sing	tugevus	NOUN	Par	Sing	Soovituse tugevust	___Soovituse___ ___tugevust___ saab muuta rõhusõnadega - kindlasti tuleks teha , ehk tuleks teha .	25490	34
arv	NOUN	Gen	Sing	suurendamine	NOUN	Par	Sing	arvu suurendamist	Ehk tuleks kaaluda gümnaasiumis praktiliste tundide ___arvu___ ___suurendamist___ .	25496	39
tund	NOUN	Gen	Plur	arv	NOUN	Par	Sing	tundide arvu	Mõttekas on suurendada gümnaasiumis praktiliste ___tundide___ ___arvu___ .	25498	555
tund	NOUN	Gen	Plur	arv	NOUN	Par	Sing	tundide arvu	Hea oleks suurendada gümnaasiumis praktiliste ___tundide___ ___arvu___ .	25499	555
lugeja	NOUN	Gen	Sing	tähele_panu	NOUN	Par	Sing	lugeja tähelepanu	Hea artikkel peab kõigepealt võitma ___lugeja___ ___tähelepanu___ .	25500	35
kirjutamine	NOUN	Gen	Sing	põhi_mõte	NOUN	Par	Plur	kirjutamise põhimõtteid	Meenuta arvamuslõigu ___kirjutamise___ ___põhimõtteid___ ( lk 4 ) .	25560	42
rõhu_sõna	NOUN	Par	Sing	võimalus	NOUN	Par	Plur	rõhusõnu võimalusi	Kasuta ___rõhusõnu___ ( harjutus 8 ) ja soovituste andmise ___võimalusi___ ( harjutus 13 ) .	25590	7
andmine	NOUN	Gen	Sing	võimalus	NOUN	Par	Plur	andmise võimalusi	Kasuta rõhusõnu ( harjutus 8 ) ja soovituste ___andmise___ ___võimalusi___ ( harjutus 13 ) .	25590	16
aeg	NOUN	Gen	Plur	kasutus	NOUN	Par	Sing	aegade kasutust	Jälgi mineviku ___aegade___ ___kasutust___ , umbisikulisi ja isikulisi vorme ning sihitise käändeid .	25594	919
kasutus	NOUN	Par	Sing	vorm	NOUN	Par	Plur	kasutust vorme	Jälgi mineviku aegade ___kasutust___ , umbisikulisi ja isikulisi ___vorme___ ning sihitise käändeid .	25594	16
sihitis	NOUN	Gen	Sing	kääne	NOUN	Par	Plur	sihitise käändeid	Jälgi mineviku aegade kasutust , umbisikulisi ja isikulisi vorme ning ___sihitise___ ___käändeid___ .	25594	8
väljend	NOUN	Gen	Plur	tähendus	NOUN	Par	Sing	väljendite tähendust	Mõistan mõnede kujundlike ___väljendite___ ___tähendust___ .	25611	31
protsess_kirjutamine	NOUN	Gen	Sing	põhi_mõte	NOUN	Par	Plur	protsesskirjutamise põhimõtteid	Oskan kirjutada arvamusartiklit , kasutades ___protsesskirjutamise___ ___põhimõtteid___ .	25619	1
filmi_blogi	NOUN	Gen	Sing	sisse_kanne	NOUN	Par	Plur	filmiblogi sissekandeid	Oskan kirjutada ___filmiblogi___ ___sissekandeid___ .	25655	3
filmi_blogi	NOUN	Gen	Sing	sisse_kanne	NOUN	Par	Plur	filmiblogi sissekandeid	Oskan kommenteerida ___filmiblogi___ ___sissekandeid___ .	25656	3
omadus_sõna	NOUN	Gen	Plur	sünonüüm	NOUN	Par	Plur	omadussõnade sünonüüme	Oskan kasutada tavaliste ___omadussõnade___ ___sünonüüme___ .	25660	9
riik	NOUN	Gen	Sing	päeva_leht	NOUN	Par	Plur	riigi päevalehti	Meie ___riigi___ üks suurimaid ___päevalehti___ otsustas eelmisel aastal asendada avaliku kommentaariumi kasutajapõhisega .	25677	184
lugeja	NOUN	Gen	Sing	tähele_panu	NOUN	Par	Sing	lugeja tähelepanu	Kui autor kasutab väljendit mis sülg suhu toob , äratab see ___lugeja___ ___tähelepanu___ ja näitab , et autori suhtumine on negatiivne .	25708	35
toimumine	NOUN	Gen	Sing	tõe_näosus	NOUN	Par	Sing	toimumise tõenäosust	Keeles väljendatakse sündmuse ___toimumise___ ___tõenäosust___ mitmesuguste sõnade ja väljenditega .	25726	2
inimene	NOUN	Gen	Sing	suhtlus	NOUN	Par	Sing	inimese suhtlust	Kahe ___inimese___ omavahelist ___suhtlust___ , mille käigus arutatakse mõnd probleemi , nimetatakse diskussiooniks ehk mõttevahetuseks .	25729	1323
tegelane	NOUN	Gen	Plur	sise_maa_ilm	NOUN	Par	Sing	tegelaste sisemaailma	Romaanis avab kirjanik sageli oma ___tegelaste___ ___sisemaailma___ , nende mõtteid ja tundeid .	25785	33
ekraniseering	NOUN	Par	Sing	liige	NOUN	Par	Plur	ekraniseeringut liikmeid	Filmi produtsent juhatab filmiklubi ürituse sisse , tutvustab paariminutilise sõnavõtuga ___ekraniseeringut___ ja rühma ___liikmeid___ ning annab seejärel kõigile kordamööda sõna .	25874	11
roll	NOUN	Gen	Sing	täitmine	NOUN	Par	Sing	rolli täitmist	Hinnake ___rolli___ ___täitmist___ ( kui loomulik ja usutav esinemine oli ) , esinemise sisu ( kui huvitav ja sisukas esineja jutt oli ) ja esinemise keelt ( kui sobilik ja korrektne keelekasutus oli ) .	25881	71
esinemine	NOUN	Gen	Sing	keel	NOUN	Par	Sing	esinemise keelt	Hinnake rolli täitmist ( kui loomulik ja usutav esinemine oli ) , esinemise sisu ( kui huvitav ja sisukas esineja jutt oli ) ja ___esinemise___ ___keelt___ ( kui sobilik ja korrektne keelekasutus oli ) .	25881	25
üritus	NOUN	Gen	Sing	lõpp	NOUN	Par	Sing	ürituse lõppu	Hinnangud ja kommentaarid esitage suuliselt pärast filmiklubi ___ürituse___ ___lõppu___ .	25883	69
inimene	NOUN	Gen	Sing	nimi	NOUN	Par	Sing	inimese nime	Kui soovid pöördumisel kasutada ___inimese___ ___nime___ , siis ei piisa ainult eesnimest , kirjutada tuleb täisnimi ( Tere , Priit Võigemast või Tere , Priit Võigemast ! ) .	25908	1323
enamik	NOUN	Nom	Sing	kiri	NOUN	Par	Plur	Enamik kirju	___Enamik___ ___kirju___ saadetakse tänapäeval meiliga .	25925	42
näitleja	NOUN	Gen	Plur	pilt	NOUN	Par	Plur	näitlejate pilte	Infot noorte eesti näitlejate kohta võib leida näiteks teatrite kodulehekülgedelt , kus näeb ka ___näitlejate___ ___pilte___ ja lühitutvustusi .	25936	80
lava_kunsti_kool	NOUN	Gen	Sing	nime_kiri	NOUN	Par	Plur	lavakunstikooli nimekirju	Vaadata tasub kindlasti ka ___lavakunstikooli___ tudengite ___nimekirju___ .	25937	3
tudeng	NOUN	Gen	Plur	nime_kiri	NOUN	Par	Plur	tudengite nimekirju	Vaadata tasub kindlasti ka lavakunstikooli ___tudengite___ ___nimekirju___ .	25937	21
otsi_mootor	NOUN	Gen	Sing	tingimus	NOUN	Par	Plur	otsimootori tingimusi	Tasub ka jälgida ___otsimootori___ tehnilisi ___tingimusi___ : kuidas saab otsida tervikfraasi , kuidas saab ebavajaliku info otsitava hulgast välja lülitada .	25939	1
tulevik	NOUN	Gen	Sing	vorm	NOUN	Par	Plur	tuleviku vorme	Oskan kasutada ___tuleviku___ ___vorme___ .	25951	98
esinemine	NOUN	Gen	Sing	väljend	NOUN	Par	Plur	esinemise väljendeid	Oskan kasutada filmiteemalise ___esinemise___ ___väljendeid___ .	25953	25
sündmus	NOUN	Gen	Plur	kirjeldus	NOUN	Par	Plur	sündmuste kirjeldusi	Meedias ( ajalehes , televisioonis , raadios , internetis ) edastatakse uudistena viimasel ajal toimunud oluliste ___sündmuste___ ___kirjeldusi___ .	25954	63
maakonna_leht	NOUN	Nom	Plur	uudis	NOUN	Par	Plur	maakonnalehed uudiseid	Näiteks avaldavad ___maakonnalehed___ ___uudiseid___ ka kohalikest sündmustest , mis üleriiklikele väljaannetele ei pruugi huvi pakkuda .	25956	1
seltskonna_sündmus	NOUN	Gen	Plur	kirjeldus	NOUN	Par	Plur	seltskonnasündmuste kirjeldusi	Meelelahutuslikud väljaanded avaldavad sageli uudistena ka ___seltskonnasündmuste___ ___kirjeldusi___ .	25957	1
osa_pool	NOUN	Gen	Plur	vaate_nurk	NOUN	Par	Sing	osapoolte vaatenurki	Hästi kirjutatud uudis on tasakaalustatud , st esitab sündmuse eri ___osapoolte___ ___vaatenurki___ .	25967	3
küla_elanik	NOUN	Gen	Plur	turva_tunne	NOUN	Par	Sing	külaelanike turvatunnet	Hundi rünnakud olid vähendanud ___külaelanike___ ___turvatunnet___ .	25988	2
uudis	NOUN	Gen	Sing	vastu_võtt	NOUN	Par	Sing	uudise vastuvõttu	Lisaks faktidele ja kommentaaridele mõjutab ___uudise___ ___vastuvõttu___ selle keelekasutus .	25996	79
tekst	NOUN	Gen	Plur	vastu_võtt	NOUN	Par	Sing	Tekstide vastuvõttu	___Tekstide___ ___vastuvõttu___ mõjutatakse ka rõhusõnadega .	26012	155
maa	NOUN	Gen	Plur	saavutus	NOUN	Par	Plur	maid saavutusi	Kui eesti tudengite üks läbi ajaloo silmapaistva ___maid___ ___saavutusi___ oli kosmose meelevalda jäetud , saabus mõne tunni pikkune hingetõmbeaeg .	26064	202
poiss	NOUN	Gen	Plur	õppe_edukus	NOUN	Par	Sing	poiste õppeedukust	Eraldi klassid parandasid nii ___poiste___ kui ka tüdrukute ___õppeedukust___ .	26087	262
noor	NOUN	Gen	Plur	suitsetamine	NOUN	Par	Sing	noorte suitsetamist	Tubakatoodete reklaam on suurendanud ___noorte___ ___suitsetamist___ .	26089	139
telefon	NOUN	Gen	Plur	kasutus_võimalus	NOUN	Par	Plur	telefonide kasutusvõimalusi	Nutitelefonide tootjad laiendavad ___telefonide___ ___kasutusvõimalusi___ .	26090	174
noor	NOUN	Gen	Plur	arv	NOUN	Par	Sing	noorte arvu	Seiklushimu suurendab välismaale lahkuvate ___noorte___ ___arvu___ .	26092	139
uudis	NOUN	Gen	Sing	mõju	NOUN	Par	Sing	uudise mõju	Oskan analüüsida ___uudise___ ___mõju___ .	26119	79
tegevus	NOUN	Gen	Sing	põhjustaja	NOUN	Par	Sing	tegevuse põhjustajat	Oskan kasutada tegusõnu , mis väljendavad iseenesest juhtuvat sündmust , ja tegusõnu , mis väljendavad ___tegevuse___ ___põhjustajat___ .	26123	120
hunt	NOUN	Gen	Sing	ulg	NOUN	Par	Sing	hundi ulgu	Eesti võiks jahilubade asemel müüa turismimagnetina ___hundi___ ___ulgu___ , jalajälge ja silmavaadet , leiab hundivaatluste korraldaja Bert Rähni .	26128	44
mets_loom	NOUN	Gen	Plur	liikumis_rada	NOUN	Par	Plur	metsloomade liikumisradasid	Varitsustelkide püstitamine on omaette teadus : tuleb hästi tunda ___metsloomade___ ___liikumisradasid___ ning meelitada neid kohale söödaga .	26138	7
jahi_luba	NOUN	Gen	Plur	arv	NOUN	Par	Sing	Jahilubade arvu	___Jahilubade___ ___arvu___ oskab kõige täpsemini kommenteerida metsakaitse- ja metsauuenduse keskuse ekspert Peep Männil .	26169	2
hunt	NOUN	Gen	Sing	ulgumine	NOUN	Par	Sing	hundi ulgumist	Öeldakse , et kes on korra jäises talveöös ___hundi___ ___ulgumist___ kuulnud , ei unusta seda kunagi .	26177	44
ekspert	NOUN	Gen	Plur	arvamus	NOUN	Par	Plur	ekspertide arvamusi	Selleks saab esitada väiteid kinnitavad fakte , statistilisi andmeid , ___ekspertide___ ___arvamusi___ , seadusi jms .	26196	5
uuring	NOUN	Gen	Plur	andmed	NOUN	Par	Plur	uuringute andmeid	Kasulik on esitada fakte , ___uuringute___ ___andmeid___ , spetsialistide arvamusi vms .	26204	20
spetsialist	NOUN	Gen	Plur	arvamus	NOUN	Par	Plur	spetsialistide arvamusi	Kasulik on esitada fakte , uuringute andmeid , ___spetsialistide___ ___arvamusi___ vms .	26204	11
emotsioon	NOUN	Par	Plur	sõna	NOUN	Par	Plur	emotsioone sõnu	Lisaks loogilisele argumenteerimisele peaks kasutama ka sisendamist ( ___emotsioone___ väljendavaid ___sõnu___ , kujundlikke väljendeid , mõjuvaid näiteid , värvikaid tsitaate ) .	26205	19
huvi_rühm	NOUN	Gen	Plur	esindaja	NOUN	Par	Plur	huvirühmade esindajaid	Ühiskondlikult oluliste teemade arutamiseks korraldatakse sageli teledebatte , millesse kutsutakse esinema eri ___huvirühmade___ ___esindajaid___ , kes saavad saates arvamust avaldada ja omavahel diskuteerida .	26216	1
tekst	NOUN	Gen	Sing	kokku_võte	NOUN	Par	Sing	teksti kokkuvõtet	Oskan teha ___teksti___ ___kokkuvõtet___ .	26246	155
tegus_õna	NOUN	Gen	Sing	vorm	NOUN	Par	Plur	tegusõna vorme	Oskan kasutada ___tegusõna___ tingivaid ___vorme___ .	26250	3
pink	NOUN	Gen	Plur	asetus	NOUN	Par	Sing	pinkide asetust	Kuidas te muudaksite ___pinkide___ ___asetust___ klassis keeletunnis , kontrolltöö kirjutamisel , kirjandustunnis jne .	26328	13
nohik	NOUN	Gen	Sing	mulje	NOUN	Par	Sing	nohiku muljet	Kuidas nendega kontakti saavutada , et mitte endast ___nohiku___ ___muljet___ jätta ?	26398	3
vanem	NOUN	Gen	Plur	üks_kõiksus	NOUN	Par	Sing	vanemate ükskõiksust	Tajub ___vanemate___ ___ükskõiksust___ .	26437	316
haridus	NOUN	Gen	Sing	omandamine	NOUN	Par	Sing	Hariduse omandamist	___Hariduse___ ___omandamist___ hakatakse võtma järjest tõsisemalt , sest noortel on olemas eesmärk , mille poole pürgida .	26448	41
klass	NOUN	Gen	Plur	õpilane	NOUN	Par	Plur	klasside õpilasi	Tihti rakendati vanemate ___klasside___ ___õpilasi___ nooremaid abistama .	26475	502
heldimus	NOUN	Gen	Sing	tund	NOUN	Par	Plur	heldimuse tunde	Nende laulude imeilus kõla tekitas mingi ___heldimuse___ ___tunde___ ja andis emotsionaalse laengu koolipäevaks .	26479	2
pere	NOUN	Gen	Sing	tunne	NOUN	Par	Sing	pere tunnet	Ühe ___pere___ ___tunnet___ aitasid luua ka õpetajad , kes olid küllaltki ranged , kuid samal ajal mõistvad ja heatahtlikud .	26485	277
laps	NOUN	Gen	Plur	kodu	NOUN	Par	Plur	laste kodusid	Õpetajad tundsid hästi ___laste___ ___kodusid___ , seetõttu polnud erandiks juhused , et õpetajad ostsid koolilastele saapaid ja kingi , kui paljulapselistes peredes raha selleks ei jätkunud .	26486	810
vana_ema	NOUN	Gen	Sing	kõne	NOUN	Par	Sing	vanaema kõnet	Märkisin üles ___vanaema___ ___kõnet___ ja see oli jälle hoopis isemoodi keel .	26497	220
õppe_aasta	NOUN	Gen	Sing	algus	NOUN	Par	Sing	õppeaasta algust	Head ___õppeaasta___ ___algust___ !	26511	21
katse	NOUN	Gen	Plur	kirjeldus	NOUN	Par	Plur	katsete kirjeldusi	Selles on palju jooniseid , ___katsete___ ___kirjeldusi___ , pilte .	26582	11
kool	NOUN	Gen	Sing	probleem	NOUN	Par	Plur	Kooli probleeme	___Kooli___ ___probleeme___ lahendavad õpetajad kollegiaalselt .	26594	1013
kirja_töö	NOUN	Gen	Sing	tegemine	NOUN	Par	Sing	kirjatöö tegemist	Kooli rohkem kui 200 õpilasele ja õpetajale on arvutid juba neli aastat igapäevaseks töövahendiks , mis hõlbustavad mitmesuguse ___kirjatöö___ ___tegemist___ ning ülemaailmse arvutivõrgu internet abil maailmaga suhtlemist .	26598	1
arvuti_võrk	NOUN	Gen	Sing	suhtlemine	NOUN	Par	Sing	arvutivõrgu suhtlemist	Kooli rohkem kui 200 õpilasele ja õpetajale on arvutid juba neli aastat igapäevaseks töövahendiks , mis hõlbustavad mitmesuguse kirjatöö tegemist ning ülemaailmse ___arvutivõrgu___ internet abil maailmaga ___suhtlemist___ .	26598	8
kooli_aja_leht	NOUN	Gen	Sing	online-variant	NOUN	Par	Sing	kooliajalehe online-varianti	Tänaseks saab internetist lisaks Kolga keskkooli koduleheküljele lugeda ka kord kuus ilmuva ___kooliajalehe___ ___online-varianti___ .	26600	1
lehe_külg	NOUN	Par	Sing	sõna	NOUN	Par	Plur	lehekülge sõnu	Vahel tuleb 1 lehekülje teksti kohta 2 ___lehekülge___ ___sõnu___ .	26638	42
aja_leht	NOUN	Gen	Sing	lugemine	NOUN	Par	Sing	ajalehe lugemist	Millest ( millisest leheküljest ) alustate ___ajalehe___ ___lugemist___ ?	26715	80
aja_kirjanik	NOUN	Gen	Plur	artikkel	NOUN	Par	Plur	ajakirjanike artikleid	Ma loen alati tuntud ___ajakirjanike___ ___artikleid___ .	26729	15
noor	NOUN	Gen	Plur	probleem	NOUN	Par	Plur	noorte probleeme	Milliseid ___noorte___ ___probleeme___ vaadeldakse selles ajalehenumbris ?	26751	139
aja_leht	NOUN	Gen	Sing	kujundus	NOUN	Par	Sing	ajalehe kujundust	Kuidas hinnata ___ajalehe___ ___kujundust___ ?	26758	80
jaapanlane	NOUN	Gen	Plur	keel	NOUN	Par	Sing	jaapanlaste keelt	Õpin jaapani keelt (  ___jaapanlaste___ ___keelt___ ) .	26784	19
aja_leht	NOUN	Gen	Sing	sisu	NOUN	Par	Sing	ajalehe sisu	Kommenteerige lühidalt ___ajalehe___ ___sisu___ .	26855	80
matemaatika	NOUN	Gen	Sing	üles_anne	NOUN	Par	Plur	matemaatika ülesandeid	Vähemalt ___matemaatika___ ___ülesandeid___ on muusika saatel hea lahendada .	26891	56
osa	NOUN	Nom	Sing	inimene	NOUN	Par	Plur	Osa inimesi	___Osa___ ___inimesi___ mõtleb teistmoodi kui need tüdrukud .	27004	236
õpilane	NOUN	Gen	Plur	probleem	NOUN	Par	Plur	õpilaste probleeme	Kas teie ei leia , et usaldustelefoni asemel võiks igas koolis olla psühholoog , kes aitaks lahendada ___õpilaste___ omavahelisi ___probleeme___ ja maandada pingeid koolis ?	27018	429
tele_saade	NOUN	Gen	Plur	vaatamine	NOUN	Par	Sing	telesaadete vaatamist	Arvan , et meeleolu mõjutab ___telesaadete___ ___vaatamist___ .	27050	9
põlvkond	NOUN	Nom	Sing	eestlane	NOUN	Par	Plur	põlvkond eestlasi	Ju on vist õige seegi , et juba terve ___põlvkond___ ___eestlasi___ tunneb elu ja maailma mitte niivõrd oma kogemuse , kui telerist nähtu kaudu .	27056	7
enamik	NOUN	Nom	Sing	rahvas	NOUN	Par	Plur	enamik rahvaid	Nagu ___enamik___ teisigi ___rahvaid___ erinevates ilmakaartes .	27057	42
laps	NOUN	Gen	Plur	areng	NOUN	Par	Sing	laste arengut	Ja nimelt - kas ja mil määral toob teler midagi niisugust juurde , mis toetab või pidurdab ___laste___ ___arengut___ ?	27060	810
osa	NOUN	Nom	Sing	uuring	NOUN	Par	Plur	osa uuringuid	Seepärast pole ka midagi imestada , et suurem ___osa___ ___uuringuid___ näitab seost laste agressiivsuse ja telerivaatamise vahel .	27070	236
laps	NOUN	Gen	Plur	võime	NOUN	Par	Plur	laste võimeid	Õigupoolest küll see , kas teler toetab ___laste___ ___võimeid___ või mitte .	27072	810
lugemine	NOUN	Gen	Sing	kasv	NOUN	Par	Sing	lugemise kasvu	Kuigi üle 40 protsendi nooremast põlvest ei võta raamatut kätte , näitab viimaste aastate statistika üldist ___lugemise___ ___kasvu___ .	27124	33
tööstus	NOUN	Gen	Sing	juhtimine	NOUN	Par	Sing	tööstuse juhtimist	Ja majandus on ___tööstuse___ ___juhtimist___ ja planeerimist õppinud Reeta alati huvitanud .	27136	2
lõuna_maa	NOUN	Gen	Sing	taim	NOUN	Par	Plur	lõunamaa taimi	Et pikk lossimisaeg igavaks ei läheks , viidi meid ühel ennelõunal bussiga mõnikümmend kilomeetrit linnast välja , ehtsasse džunglimiljöösse ___lõunamaa___ ___taimi___ ja ahve vaatama .	27187	2
giid	NOUN	Nom	Sing	keel	NOUN	Par	Sing	giid keelt	Aga ma olin 100-protsendiliselt kindel , et madrusepoistest keegi sõnagi prantsuse keelt ei oska ning ___giid___ vene ___keelt___ seda vähem .	27190	26
elu	NOUN	Gen	Sing	taas_ärkamine	NOUN	Par	Sing	elu taasärkamist	Nii nagu kuusk kehastas igikestvat haljust ning ___elu___ ___taasärkamist___ , nii olid õled19 osa viljast ning loodusest , millega kokkupuude elujõudu kasvatas .	27341	372
etendus	NOUN	Gen	Sing	algus	NOUN	Par	Sing	etenduse algust	Saame kokku 10 minutit enne ___etenduse___ ___algust___ .	27441	90
juht	NOUN	Gen	Sing	amet	NOUN	Par	Plur	juhi ameteid	Hilisematel aastatel jõuab proovida veel postiljoni ja maakultuurimaja kunstilise ___juhi___ ___ameteid___ .	27529	110
laps	NOUN	Gen	Plur	silma_ring	NOUN	Par	Sing	laste silmaringi	See mõtlemise sfäär , mis areneb muusikapraktikas , laiendab ___laste___ ___silmaringi___ , seega soodustab vaimset arengut .	27612	810
laps	NOUN	Gen	Plur	kujutlus_võime	NOUN	Par	Sing	laste kujutlusvõimet	Muusika kuulamine kinnisilmi aktiviseerib ___laste___ ___kujutlusvõimet___ , mõttetegevust .	27614	810
laps	NOUN	Gen	Sing	taju	NOUN	Par	Sing	Lapse taju	___Lapse___ muusikalist ___taju___ saab arendada kujundlike liigutuste kasutamise teel mitmesugustes instseneeringutes .	27615	810
muusika	NOUN	Gen	Sing	karakter	NOUN	Par	Sing	muusika karakterit	See aitab paremini edasi anda ___muusika___ ___karakterit___ .	27616	224
leevenda=mine	NOUN	Gen	Sing	vahend	NOUN	Par	Sing	leevendamise vahendit	Näiteks Aristoteles hindas muusikat kõrgelt kui emotsionaalse pinge ___leevendamise___ ___vahendit___ .	27621	3
käe-liigutus	NOUN	Gen	Plur	täpsus	NOUN	Par	Sing	käeliigutuste täpsust	Tänapäeval on kindlaks tehtud , et muusika mitte üksnes ei kergenda haige seisundit , vaid abistab arsti , eriti kirurgi tema töös : vähendab väsimust ja soodustab ___käeliigutuste___ ___täpsust___ .	27623	1
minut	NOUN	Gen	Sing	lemmik_meloodia	NOUN	Par	Plur	minuti lemmikmeloodiaid	Piisab , kui kassetil on umbes 20 ___minuti___ jagu sinu ___lemmikmeloodiaid___ .	27647	105
puhke_hetk	NOUN	Par	Sing	luba	NOUN	Par	Sing	puhkehetke luba	Nii et enne rasket kontrolltööd ära endale tõelist ___puhkehetke___ ___luba___ .	27658	1
džäss	NOUN	Gen	Sing	muusika	NOUN	Par	Sing	džässi muusikat	Praegu jätkub tantsumuusika , aga selle stiil muutub päris kindlasti varsti , et järgmisena laulda ___džässi___ ja house ' ilikku ___muusikat___ .	27688	2
värv	NOUN	Gen	Plur	keel	NOUN	Par	Sing	värvide keelt	Lugege teksti sellest , kuidas Jaapanis õpetatakse mõistma ___värvide___ ___keelt___ .	27754	96
süle_täis	NOUN	Gen	Sing	daalia	NOUN	Par	Plur	sületäie daaliaid	Ükskord tõid kaks tuttavat noormeest mulle tohutu ___sületäie___ kollaseid ja punaseid ___daaliaid___ .	27775	2
lill	NOUN	Gen	Sing	kinkimine	NOUN	Par	Sing	lille kinkimist	Häbenevad sellepärast , et ___lille___ ___kinkimist___ peetakse tunde avalikuks väljanäitamiseks .	27786	124
keha	NOUN	Gen	Sing	kuju	NOUN	Par	Sing	keha kuju	Vaata kasvõi kaslasi - pantri , tiigri , gepardi või leopardi ___keha___ ___kuju___ , liikumise graatsiat ja elegantsi !	27813	31
liikumine	NOUN	Gen	Sing	graatsia	NOUN	Par	Sing	liikumise graatsiat	Vaata kasvõi kaslasi - pantri , tiigri , gepardi või leopardi keha kuju , ___liikumise___ ___graatsiat___ ja elegantsi !	27813	22
loom	NOUN	Gen	Plur	tapmine	NOUN	Par	Sing	loomade tapmist	Võib-olla sellest poisipõlve sadismist on vastureaktsioonina tekkinud ülitundlikkus : ma ei salli jahistseene , isegi mitte kunstis , vihkan ___loomade___ ___tapmist___ .	27818	190
monument	NOUN	Gen	Sing	tähtsus	NOUN	Par	Sing	monumendi tähtsust	Jaak Soans on tunnistanud Tammsaare ___monumendi___ erakordset ___tähtsust___ oma senises loomingus .	27844	5
hulk	NOUN	Nom	Sing	joonistus	NOUN	Par	Plur	hulk joonistusi	Kunsttööstuskooli päevist on Wiiraltist järele jäänud ___hulk___ ___joonistusi___ ja visandeid .	27880	45
inimene	NOUN	Gen	Plur	porter	NOUN	Par	Plur	inimeste portreid	Vanematekodus joonistas ta lähedaste ___inimeste___ ___portreid___ , loomi , talutööstseene .	27881	1323
rahva_kalender	NOUN	Gen	Sing	päev	NOUN	Par	Plur	rahvakalendri päevi	Milliseid tähtpäevi ( ___rahvakalendri___ ___päevi___ ) teil peetakse koduses ringis ?	27928	3
rida	NOUN	Par	Sing	luule	NOUN	Par	Sing	rida luulet	Mina olen ennekõike võroke ja alles siis eestlane ja ma ei kirjuta põhimõtteliselt ühtegi ___rida___ ___luulet___ eesti keeles .	27979	42
televisioon	NOUN	Gen	Sing	mõju	NOUN	Par	Sing	televisiooni mõju	Paljud täiskasvanud kahtlevad oma pedagoogilistes võimetes ega üritagi vähendada ___televisiooni___ ___mõju___ .	28028	23
nähtu	NOUN	Gen	Sing	meelde_jätmine	NOUN	Par	Sing	nähtu meeldejätmist	Jäljendamine eeldab tähelepanelikku vaatlemist , ___nähtu___ ___meeldejätmist___ ja vajalike oskuste valdamist .	28036	9
oskus	NOUN	Gen	Plur	valdamine	NOUN	Par	Sing	oskuste valdamist	Jäljendamine eeldab tähelepanelikku vaatlemist , nähtu meeldejätmist ja vajalike ___oskuste___ ___valdamist___ .	28036	47
vägi_valla_film	NOUN	Gen	Plur	mõju	NOUN	Par	Sing	vägivallafilmide mõju	Eestis läbiviidud uurimuste põhjal on lapsevanemad märganud ___vägivallafilmide___ halba ___mõju___ lastele .	28040	1
laps	NOUN	Gen	Sing	sõna_vara	NOUN	Par	Sing	lapse sõnavara	Pidev teleri vaatamine ei suurenda ___lapse___ ___sõnavara___ ega nõua ( erinevalt raamatust ) keskendumist .	28042	810
laps	NOUN	Gen	Sing	teabe_väli	NOUN	Par	Sing	Lapse teabevälja	___Lapse___ ___teabevälja___ peaksid laiendama raamatud , esialgu muinasjutud .	28052	810
laps	NOUN	Gen	Sing	käe_käik	NOUN	Par	Sing	lapse käekäiku	Kuidas kodu ( perekond ) saab mõjutada ___lapse___ edasist ___käekäiku___ ?	28111	810
sean	NOUN	Nom	Sing	huumori_meel	NOUN	Par	Sing	sean huumorimeele	Esikohale ___sean___ ___huumorimeele___ .	28132	2
elu_kutse	NOUN	Gen	Plur	kirjeldus	NOUN	Par	Plur	elukutsete kirjeldusi	Veelgi parem oleks saada erinevate ___elukutsete___ ___kirjeldusi___ .	28345	46
õpetaja	NOUN	Gen	Sing	reaktsioon	NOUN	Par	Sing	õpetaja reaktsiooni	Teinekord jälle oli põnev vaadata ___õpetaja___ ___reaktsiooni___ , kui olime talle elusa roti laua peale pannud .	28384	475
keel	NOUN	Gen	Sing	asendus_õpetaja	NOUN	Par	Sing	keele asendusõpetajat	Nõutakse eesti ___keele___ ___asendusõpetajat___ .	28408	609
käsi_tööline	NOUN	Gen	Plur	ühing	NOUN	Par	Sing	käsitööliste ühingut	Sõnaga universitas tähistati keskajal ___käsitööliste___ ___ühingut___ - tsunfti .	28583	7
teadus	NOUN	Gen	Plur	kogum	NOUN	Par	Sing	teaduste kogumit	Hiljem hakati sõna universitas tõlgendama ka kui ___teaduste___ ___kogumit___ , universiteeti aga sellise suurkoolina , kus uuriti ja õpetati kõiki neid aineid , mis moodustasid tolleaegsete teaduste tuumiku .	28586	19
õppe_jõud	NOUN	Gen	Plur	kollektiiv	NOUN	Par	Sing	õppejõudude kollektiivi	Tänapäeval mõistetakse kateedrit kui ___õppejõudude___ väiksemat ___kollektiivi___ , mille nimetus pärineb kreekakeelsest sõnast kathedra - õppetool , kõneleja iste Antiik-Kreekas .	28593	9
teadus_kraad	NOUN	Gen	Sing	pürgija	NOUN	Par	Sing	Teaduskraadi pürgijat	___Teaduskraadi___ poole ___pürgijat___ tuntakse aspirandi ( lad . taotleja ) nime all .	28595	1
teadmine	NOUN	Gen	Plur	mõõtmine	NOUN	Par	Sing	teadmiste mõõtmist	Vestlust , mille käigus peab ilmnema tudengi teadmiste tase , kutsutakse kollokviumiks , tõsisemat ___teadmiste___ ___mõõtmist___ aga eksamiks ( examen - uurimine , katsumine ) .	28600	52
reisimine	NOUN	Gen	Sing	raskus	NOUN	Par	Plur	reisimise raskusi	Arvestades ___reisimise___ ___raskusi___ , oli mõistlik tuua poisid korraga Tartusse .	28672	15
joon	NOUN	Nom	Sing	kohv	NOUN	Par	Sing	joon kohvi	Ma ___joon___ tassi ___kohvi___ .	28811	18
tass	NOUN	Gen	Sing	kohv	NOUN	Par	Sing	tassi kohvi	Ma joon ___tassi___ ___kohvi___ .	28811	8
külastaja	NOUN	Gen	Plur	lemmik_koht	NOUN	Par	Plur	Külastajate lemmikkohti	___Külastajate___ üks ___lemmikkohti___ on raamatukogu , kus saab kohvi juua ja elava tulega kamina ääres istuda .	28917	22
veetmine	NOUN	Gen	Sing	võimalus	NOUN	Par	Plur	veetmise võimalusi	Praegu pakuvad rikkalikke tänapäevaseid ravi- ja majutusvõimalusi Saaremaa spaahotellid Saaremaa Valss , Meri , Rüütli ja külalistemaja Merineitsi , kus lisaks traditsioonilistele raviteenustele on ka hulgaliselt vaba aja ___veetmise___ ja sportimise ___võimalusi___ .	28931	13
e-arv	NOUN	Gen	Sing	teenus	NOUN	Par	Sing	e-arve teenust	Eesti Ühispank ja Hansapank pakuvad oma Interneti-panga klientidele ___e-arve___ ___teenust___ .	28965	3
õping	NOUN	Gen	Plur	lõpetamine	NOUN	Par	Sing	õpingute lõpetamist	Laenu hakatakse tagasi maksma alles pärast ___õpingute___ ___lõpetamist___ - siis , kui töökoht on leitud .	29005	30
klient	NOUN	Gen	Sing	soov	NOUN	Par	Plur	kliendi soove	Tagasimaksegraafiku koostamisel arvestatakse ___kliendi___ ___soove___ , sissetulekut ja kohustusi .	29068	47
tasumine	NOUN	Gen	Sing	makse_puhkus	NOUN	Par	Sing	tasumise maksepuhkust	Lapse sünni korral saab võtta ka intresside ___tasumise___ ___maksepuhkust___ kuni üheks aastaks .	29070	5
majandus	NOUN	Gen	Sing	stabiilsus	NOUN	Par	Sing	majanduse stabiilsust	Euro kui maailmavaluuta kasutuselevõtmine toetab meie ___majanduse___ ___stabiilsust___ , lihtsustab kaubandussuhteid paljude riikidega ning teadvustab Eestit maailma ühe mõjukama majanduspiirkonna osana .	29074	32
euro_tsoon	NOUN	Gen	Sing	stabiilsus	NOUN	Par	Sing	eurotsooni stabiilsust	Kaks paralleelset joont sümboliseerivad ___eurotsooni___ ___stabiilsust___ .	29083	1
sisse_tulek	NOUN	Gen	Plur	langus	NOUN	Par	Sing	sissetulekute langust	Selle abil välditakse järsku ___sissetulekute___ ___langust___ pensioniikka jõudmisel .	29088	30
inimene	NOUN	Gen	Plur	ostu_eelistus	NOUN	Par	Plur	inimeste ostueelistusi	Kui palju teie arvates mõjutab reklaam ___inimeste___ ___ostueelistusi___ ?	29117	1323
krediit_kaart	NOUN	Gen	Sing	andmed	NOUN	Par	Plur	krediitkaardi andmeid	E-kaubanduse mittekasutamise põhjustest märgiti kõige sagedamini seda , et turvalisuse huvides ei soovi inimesed anda oma ___krediitkaardi___ ___andmeid___ .	29126	2
tegevus	NOUN	Gen	Sing	alustamine	NOUN	Par	Sing	tegevuse alustamist	Näiteks sisustuskaubamaja On24 , millel on Interneti-pood ka Soomes ja mis kavandab ___tegevuse___ ___alustamist___ Saksamaal .	29129	120
kaup	NOUN	Gen	Sing	kätte_saamine	NOUN	Par	Sing	kauba kättesaamist	Sidevahendi abil sõlmitud lepingust on tellijal õigus taganeda 14 päeva jooksul pärast ___kauba___ ___kättesaamist___ .	29150	37
kaup	NOUN	Gen	Sing	kätte_saamine	NOUN	Par	Sing	kauba kättesaamist	Kui ostjat pole teavitatud taganemisõigusest , võib ta lepingust taganeda kolme kuu kestel pärast ___kauba___ ___kättesaamist___ .	29151	37
jala_käi=ja	NOUN	Gen	Plur	turvalisus	NOUN	Par	Sing	jalakäijate turvalisust	Kuidas suurendada ___jalakäijate___ ___turvalisust___ tänavatel ?	29202	1
linna_elanik	NOUN	Gen	Plur	elu_kvaliteet	NOUN	Par	Sing	linnaelanike elukvaliteeti	Kas tihe liiklus mõjutab ___linnaelanike___ ___elukvaliteeti___ ?	29203	2
juht	NOUN	Gen	Sing	süül	NOUN	Par	Sing	juhi süül	Vigastada sai 734 inimest ( neist 134 purjus ___juhi___ ___süül___ ) , hukkus 38 liiklejat ( 3 purjus juhi süül ) .	29212	110
juht	NOUN	Gen	Sing	süül	NOUN	Par	Sing	juhi süül	Vigastada sai 734 inimest ( neist 134 purjus juhi süül ) , hukkus 38 liiklejat ( 3 purjus ___juhi___ ___süül___ ) .	29212	110
hoone	NOUN	Gen	Sing	valgus_süsteem	NOUN	Par	Sing	hoone valgussüsteemi	IHC-süsteemi abil on võimalik juhtida ___hoone___ ___valgussüsteemi___ , küttesüsteemi , pistikupesasid , elektriseadmeid , kogu ehitise tehnilist funktsioneerimist ning saata ja vastu võtta infot ja häiresignaale .	29251	47
ehitis	NOUN	Gen	Sing	funktsioneeri=mine	NOUN	Par	Sing	ehitise funktsioneerimist	IHC-süsteemi abil on võimalik juhtida hoone valgussüsteemi , küttesüsteemi , pistikupesasid , elektriseadmeid , kogu ___ehitise___ tehnilist ___funktsioneerimist___ ning saata ja vastu võtta infot ja häiresignaale .	29251	9
hulk	NOUN	Nom	Sing	kõrval_hoon	NOUN	Par	Plur	hulk kõrvalhooneid	Suur ___hulk___ stiilseid ___kõrvalhooneid___ ja kaunis park koos rajatistega pärinevad 19. sajandist .	29268	45
hulk	NOUN	Nom	Sing	pargi_paviljone	NOUN	Par	Plur	hulk pargipaviljone	Peahoone taga laiuvas mitme tiigiga pargis asub ___hulk___ ___pargipaviljone___ .	29269	45
mõisa_tööline	NOUN	Gen	Plur	elu	NOUN	Par	Sing	mõisatööliste elu	Moonakamajas on ___mõisatööliste___ ___elu___ kajastav näitus .	29277	1
piirkond	NOUN	Gen	Sing	mõis	NOUN	Par	Plur	piirkonna mõisaid	Soovi korral võime näidata mingi ___piirkonna___ ___mõisaid___ või tutvustada konkreetset stiili .	29305	31
hulk	NOUN	Nom	Sing	mööbel	NOUN	Par	Sing	hulk mööblit	Maja sisustas perenaine ning sinna mahtus tohutu ___hulk___ ___mööblit___ .	29356	45
hulk	NOUN	Nom	Sing	külalis+te_tuba	NOUN	Par	Plur	hulk külalistetubasid	Eramu ühes tiivas on ___hulk___ ___külalistetubasid___ ühe- või kaheinimesevooditega ja tualettruumid .	29359	45
osa	NOUN	Nom	Sing	inimene	NOUN	Par	Plur	Osa inimesi	___Osa___ ___inimesi___ eelistab täiesti tühja korterit , kuid noored üürnikud eelistavad sellist , kus mööbel ja kodutehnika on olemas .	29383	236
korter	NOUN	Gen	Sing	üüri_hind	NOUN	Par	Sing	Korteri üürihinna	___Korteri___ ___üürihinna___ määravad asukoht , üldpinna suurus , seisukord ning möbleeritus .	29385	68
pere_liige	NOUN	Gen	Plur	elu	NOUN	Par	Sing	pereliikmete elu	Lemmiklooma perre võtmine mõjutab kõigi ___pereliikmete___ ___elu___ paljude järgnevate aastate kestel .	29461	24
loom	NOUN	Gen	Sing	hankimine	NOUN	Par	Sing	looma hankimist	Tõeline loomasõber uurib enne ___looma___ ___hankimist___ põhjalikult kirjandust ega võta kunagi endale lemmikut hetkelise vaimustuse ajel .	29462	190
koera_kana_pee	NOUN	Nom	Sing	dollar	NOUN	Par	Sing	koerakanapee dollarit	Tavaline koeravoodi maksab 80 dollarit , ___koerakanapee___ 180 ___dollarit___ ja Inglismaal valmistatud supervoodi 800 - 1200 dollarit .	29526	1
hotell	NOUN	Nom	Plur	pake	NOUN	Par	Plur	hotellid pakette	Kui varem võis lemmikloomaga reisimine probleeme tekitada , siis nüüd pakuvad ___hotellid___ spetsiaalseid ___pakette___ , et ka teie lemmikul mugav oleks .	29529	31
olevus	NOUN	Gen	Sing	elu	NOUN	Par	Sing	olevuse elu	Ent milline saab olema ühe hüljatud kaitsetu väikese ___olevuse___ ___elu___ , täis vintsutusi ja kannatusi ?	29539	5
varju_paik	NOUN	Gen	Sing	töö_pere	NOUN	Par	Sing	varjupaiga tööperet	Kõige enam rõõmustaks ___varjupaiga___ ___tööperet___ aga soojak või vagunelamu , mille saaks kohandada kassimajaks .	29557	33
loom	NOUN	Gen	Plur	varju_paik	NOUN	Par	Plur	loomade varjupaikasid	Kas ___loomade___ ___varjupaikasid___ on üldse vaja luua ?	29558	190
põhi_kool	NOUN	Gen	Sing	lõpetamine	NOUN	Par	Sing	põhikooli lõpetamist	Pärast ___põhikooli___ ___lõpetamist___ läksin edasi õppima Tartusse meditsiinikooli , et saada meditsiiniõeks .	29596	23
vanem	NOUN	Gen	Plur	sõna	NOUN	Par	Sing	vanemate sõna	Me peame kuulama ___vanemate___ ___sõna___ .	29806	316
perekond	NOUN	Gen	Sing	vorm	NOUN	Par	Plur	perekonna vorme	Missuguseid ___perekonna___ ___vorme___ te teate ?	29840	85
laps	NOUN	Nom	Plur	lähi_suhe	NOUN	Par	Plur	lapsed lähisuhteid	Kas teie arvates ei oska poolikutest peredest pärit ___lapsed___ ___lähisuhteid___ luua ?	29890	810
isa	NOUN	Gen	Plur	kokku_saamine	NOUN	Par	Sing	Isade kokkusaamist	___Isade___ ja laste ___kokkusaamist___ korraldavad tavaliselt emad .	29897	469
toit	NOUN	Gen	Sing	tellimine	NOUN	Par	Sing	toidu tellimist	Enne ___toidu___ ___tellimist___ Selveri Köögist mõelge läbi , millist peolauda te soovite ja kes on Teie külalised .	29967	179
isa	NOUN	Gen	Sing	suhe	NOUN	Par	Plur	isade- suhteid	Isadepäev on perepüha , mille eesmärgiks on süvendada ___isade-___ ja lastevahelisi ___suhteid___ .	29975	469
aasta	NOUN	Gen	Sing	tiitel	NOUN	Par	Sing	Aasta tiitlit	___Aasta___ Isa ___tiitlit___ annab välja Eesti Naisliit , üle antakse see Estonia kontserdisaalis .	29992	906
isa	NOUN	Gen	Sing	teadmine	NOUN	Par	Plur	isa teadmisi	Vajatakse ___isa___ ___teadmisi___ .	30029	469
osa	NOUN	Gen	Sing	aeg	NOUN	Par	Sing	osa aega	Paljud üliõpilased õpivad ___osa___ ___aega___ välismaal , saades lisaks heale hariduslikule pagasile palju uusi sõpru , hindamatu kogemuse ja hädavajalikud oskused tulevikus läbilöömiseks .	30106	236
üli_õpilane	NOUN	Gen	Plur	õpingu_tulemus	NOUN	Par	Plur	üliõpilaste õpingutulemusi	Kandidaatide väljavalimisel arvestatakse ___üliõpilaste___ ___õpingutulemusi___ , motiveeritust , keeleoskust jne .	30109	40
keele_oskus	NOUN	Gen	Sing	tõend	NOUN	Par	Sing	keeleoskuse tõendit	Lisaks avaldusele võidakse nõuda tõendit õppetulemuste kohta , ___keeleoskuse___ ___tõendit___ , õppelepingut , tervisekindlustust , garantiikirja rahastamise kohta , viisat , elamisluba jms .	30113	8
õppe_töö	NOUN	Gen	Sing	algus	NOUN	Par	Sing	õppetöö algust	Tavaliselt nädal enne ___õppetöö___ ___algust___ toimub sissejuhatav orientatsiooninädal välisüliõpilastele .	30115	15
leping	NOUN	Gen	Sing	sõlmimine	NOUN	Par	Sing	lepingu sõlmimist	Seda tehakse rektori käskkirjaga pärast ___lepingu___ ___sõlmimist___ ja õppemaksu tasumist enne õppetöö algust .	30169	14
õppe_maks	NOUN	Gen	Sing	tasumine	NOUN	Par	Sing	õppemaksu tasumist	Seda tehakse rektori käskkirjaga pärast lepingu sõlmimist ja ___õppemaksu___ ___tasumist___ enne õppetöö algust .	30169	6
õppe_töö	NOUN	Gen	Sing	algus	NOUN	Par	Sing	õppetöö algust	Seda tehakse rektori käskkirjaga pärast lepingu sõlmimist ja õppemaksu tasumist enne ___õppetöö___ ___algust___ .	30169	15
kõrg_haridus	NOUN	Gen	Sing	omandamine	NOUN	Par	Sing	kõrghariduse omandamist	Kuidas te suhtute sellesse , et kord juba kõrgkooli lõpetanud inimene hakkab uuesti õppima või et inimene alustab ___kõrghariduse___ ___omandamist___ alles keskealisena ?	30192	16
tund	NOUN	Gen	Plur	viis	NOUN	Par	Sing	tundide viisi	Üks loeb teksti korra läbi , ja kõik on selge , teine aga peab vaeva nägema ___tundide___ ___viisi___ , kuid saab ikkagi rahuldava .	30197	555
nädal	NOUN	Nom	Sing	aeg	NOUN	Par	Sing	nädal aega	Õppige kontrolltööks või eksamiks ___nädal___ ___aega___ iga päev paar tundi .	30207	225
õppimine	NOUN	Nom	Sing	raskus	NOUN	Par	Plur	õppimine raskusi	Kas ta kuulub nende inimeste hulka , kellele ___õppimine___ ___raskusi___ ei valmista ?	30219	82
päev	NOUN	Nom	Sing	hindamine	NOUN	Par	Sing	päev hindamist	Kas teile meeldiks rohkem , kui iga ___päev___ ___hindamist___ üldse poleks , kuid iga veerandi lõpus oleksid arvestused ja eksamid ?	30256	741
riik	NOUN	Gen	Sing	aja_lugu	NOUN	Par	Sing	riigi ajalugu	Eesti õpilased tunnevad oma ___riigi___ ___ajalugu___ halvasti .	30348	184
riik	NOUN	Gen	Sing	aja_lugu	NOUN	Par	Sing	riigi ajalugu	Kesk- ja Ida-Euroopa noored teavad hämmastavalt hästi oma ___riigi___ ___ajalugu___ .	30351	184
päha_järv	NOUN	Par	Sing	maalima	NOUN	Par	Sing	PÜHAJÄRVELE MAALIMA	TULE ___PÜHAJÄRVELE___ ___MAALIMA___ !	30392	1
magistri_õpe	NOUN	Gen	Sing	programm	NOUN	Par	Plur	magistriõppe programme	Pakutakse ka ingliskeelseid ___magistriõppe___ ___programme___ .	30426	1
enamik	NOUN	Nom	Sing	õpilane	NOUN	Par	Plur	Enamik õpilasi	___Enamik___ ___õpilasi___ õpib riiklikes koolides .	30472	42
põhi_kool	NOUN	Gen	Sing	lõpetamine	NOUN	Par	Sing	põhikooli lõpetamist	Pärast ___põhikooli___ ___lõpetamist___ võib õpilane minna edasi õppima ametikooli ja omandada seal eriala .	30478	23
gümnaasiumi_haridus	NOUN	Gen	Sing	omandamine	NOUN	Par	Sing	gümnaasiumihariduse omandamist	Pärast ___gümnaasiumihariduse___ ___omandamist___ tahavad paljud astuda ülikooli .	30480	1
noor	NOUN	Gen	Plur	mõte	NOUN	Par	Plur	noorte mõtteid	Analüüsige ___noorte___ ___mõtteid___ ning koostage tänaste noorte kohta iseloomustus .	30526	139
saamine	NOUN	Gen	Sing	võimalus	NOUN	Par	Plur	saamise võimalusi	Kas ei peaks piirama kõrghariduse ___saamise___ ___võimalusi___ ning suunama noori kutsekoolidesse ?	30531	40
keevitaja	NOUN	Gen	Plur	ette_valmistamine	NOUN	Par	Sing	keevitajate ettevalmistamist	Kutseharidus ei tähenda enam ammu ainult ___keevitajate___ või tislerite ___ettevalmistamist___ , vaid tugineb tootmises toimuvale innovatsioonile ja tehnoloogia edenemisele .	30538	2
haridus_tee	NOUN	Gen	Sing	jätkamine	NOUN	Par	Sing	haridustee jätkamist	Kutseharidus ei võimalda ___haridustee___ ___jätkamist___ kõrgkoolis .	30544	6
aasta	NOUN	Gen	Sing	aeg	NOUN	Par	Sing	aasta aega	Lisaks oli tal ka kogemus USAs toimunud ärialaselt võistluselt ning ___aasta___ ___aega___ oli ta raadiosaateid toimetanud .	30553	906
otsus	NOUN	Gen	Plur	langetamine	NOUN	Par	Sing	otsuste langetamist	Tunnetuse kaudu on võimalik vältida saatuslikke vigu ning endale ebasobivate ___otsuste___ ___langetamist___ .	30565	30
töö_andja	NOUN	Gen	Plur	vajadus	NOUN	Par	Plur	tööandjate vajadusi	Tehakse koostööd tööandjate ning erinevate ameti- ja kutseliitudega , vahendatakse ___tööandjate___ ___vajadusi___ ja ootusi .	30632	12
professionaal	NOUN	Gen	Sing	kalender	NOUN	Par	Sing	professionaali kalendrit	Peale CV nõutakse ka elulookirjeldust , kaaskirja , sooviavaldust , motivatsioonikirja , ___professionaali___ ___kalendrit___ .	30635	1
projekt	NOUN	Gen	Sing	rahastaja	NOUN	Par	Plur	projekti rahastajaid	Selline inimene peab suutma lahendada probleeme ja seada ülesandeid , oskama projekte kirjutada ja koostada kalkulatsioone ning leida ___projekti___ võimalikke ___rahastajaid___ .	30641	16
firma	NOUN	Gen	Sing	edu	NOUN	Par	Sing	firma edu	Mis teie arvates tagab ___firma___ ___edu___ ?	30651	71
töö_koht	NOUN	Gen	Sing	saamine	NOUN	Par	Sing	töökoha saamist	Üha enam mõjutavad hea ___töökoha___ ___saamist___ ka eelmiste tööandjate positiivsed soovitused .	30681	63
kauplus	NOUN	Gen	Sing	juhataja	NOUN	Par	Sing	kaupluse juhatajat	Leidsin teie firma kuulutuse ajalehest Eesti Päevaleht , kus te kirjutate , et vajate ___kaupluse___ ___juhatajat___ .	30692	26
elu_laad	NOUN	Gen	Sing	muudatus	NOUN	Par	Plur	elulaadi muudatusi	Erialase töö saamine võimaldab rakendada koolis omandatud teoreetilisi teadmisi , teenida raha , kuid toob kaasa ka väljakutseid ja ___elulaadi___ ___muudatusi___ .	30734	5
firma	NOUN	Gen	Sing	strateegia	NOUN	Par	Sing	firma strateegiat	Tuleb olla valmis õppima juurde konkreetset tööd , kogu ___firma___ ___strateegiat___ , väärtusi ja eesmärke .	30735	71
edu	NOUN	Par	Sing	heaks_kiit	NOUN	Par	Sing	edu heakskiitu	Töönarkomaan on inimene , kes aegamööda mandub emotsionaalselt ning satub sõltuvusse võimust , tal on suur soov saavutada ___edu___ ja teiste ___heakskiitu___ .	30752	49
maa_elu	NOUN	Gen	Sing	rahu	NOUN	Par	Sing	maaelu rahu	Siiski leidub ka neid , kes hindavad ___maaelu___ ___rahu___ ja vabadust ja seda , et pole müra ja vingu .	30788	7
töö_edu	NOUN	Par	Sing	tunnustus	NOUN	Par	Sing	tööedu tunnustust	Kas tänapäeva naised vajavad ___tööedu___ ja avalikku ___tunnustust___ ?	30793	1
täna_päev	NOUN	Gen	Sing	naine	NOUN	Par	Sing	tänapäeva naist	Mis sunniks ___tänapäeva___ ___naist___ karjäärist loobuma ja pühenduma perele ?	30804	78
äri_naine	NOUN	Gen	Sing	ise_loomustus	NOUN	Par	Sing	ärinaise iseloomustust	Lugege alljärgnevat koduperenaise ja ___ärinaise___ ___iseloomustust___ .	30805	2
reis	NOUN	Gen	Sing	dokument	NOUN	Par	Plur	reisi- dokumente	Kogub infot eri sihtrühmade reisihuvi kohta , vormistab ___reisi-___ ja muid vajalikke ___dokumente___ .	30906	109
üli_õpilane	NOUN	Gen	Plur	teadmine	NOUN	Par	Plur	üliõpilaste teadmisi	Õpetab üliõpilasi , tegeleb teadusliku uurimistööga , hindab ja kontrollib ___üliõpilaste___ ___teadmisi___ .	30915	40
inimene	NOUN	Gen	Plur	iga_päeva_elu	NOUN	Par	Sing	inimeste igapäevaelu	Kuidas on infotehnoloogia muutnud ___inimeste___ ___igapäevaelu___ ?	30922	1323
maffia_pealik	NOUN	Gen	Sing	arveteklaari=mine	NOUN	Par	Sing	maffiapealiku arveteklaarimist	Peakangelane on täiesti tavaline noor mees , kes kogemata satub keset kahe New Yorgi suurima ___maffiapealiku___ verist ___arveteklaarimist___ .	30931	1
poiss	NOUN	Gen	Sing	probleemi_dekoorem	NOUN	Par	Sing	Poisi probleemidekoormat	___Poisi___ ___probleemidekoormat___ aitavad kasvatada ka visa politseinik ja uurija ning kurikuulus palgamõrvar .	30932	262
kultuuri_väärtus	NOUN	Gen	Plur	säilitamine	NOUN	Par	Sing	kultuuriväärtuste säilitamist	Auhinda antakse välja arhitektuurimälestiste , kultuurmaastike , kunstikogude ja arheoloogiliste mälestiste säilitamise eest , samuti tunnustatakse ___kultuuriväärtuste___ ___säilitamist___ käsitlevaid uurimusi ning üksikisikute või organisatsioonide muinsuskaitsealast tegevust .	30972	2
üksik_isik	NOUN	Gen	Plur	tegevus	NOUN	Par	Sing	üksikisikute tegevust	Auhinda antakse välja arhitektuurimälestiste , kultuurmaastike , kunstikogude ja arheoloogiliste mälestiste säilitamise eest , samuti tunnustatakse kultuuriväärtuste säilitamist käsitlevaid uurimusi ning ___üksikisikute___ või organisatsioonide muinsuskaitsealast ___tegevust___ .	30972	2
reklaami_andja	NOUN	Gen	Plur	tulu	NOUN	Par	Sing	reklaamiandjate tulu	Pole kahtlust , et meedia ühendamine Internetiga hakkab inimestele ja virtuaalne reklaam võimaldab suurendada ___reklaamiandjate___ ___tulu___ .	31003	1
veetmine	NOUN	Gen	Sing	võimalus	NOUN	Par	Plur	veetmise võimalusi	Rõhutatakse puhkuse ja vaba aja ___veetmise___ ___võimalusi___ , erinevaid naudinguid , kujutatakse tervet , kaunilt naeratavat noort naist .	31059	13
loodus	NOUN	Gen	Sing	stiihia	NOUN	Par	Sing	looduse stiihiat	Kujutatakse ___looduse___ ___stiihiat___ , metsikuid hobuseid , autosid , kauneid naisi .	31066	153
klient	NOUN	Gen	Sing	nõudmine	NOUN	Par	Plur	kliendi nõudmisi	Reklaami eesmärgiks on leida eelkõige ___kliendi___ ___nõudmisi___ ja vajadusi rahuldavaid lahendusi .	31070	47
kasutamine	NOUN	Gen	Sing	aktiivsus	NOUN	Par	Sing	kasutamise aktiivsust	Veebi ___kasutamise___ ___aktiivsust___ toetab endiselt Interneti-ühenduse olemasolu koduarvutites .	31094	61
Inter_neti-ühendus	NOUN	Gen	Sing	olemas_olu	NOUN	Par	Sing	Interneti-ühenduse olemasolu	Veebi kasutamise aktiivsust toetab endiselt ___Interneti-ühenduse___ ___olemasolu___ koduarvutites .	31094	1
enamik	NOUN	Nom	Sing	spetsialist	NOUN	Par	Plur	Enamik spetsialiste	___Enamik___ ___spetsialiste___ tõstab Linuxi Windowsist ettepoole just usaldatavuse tõttu .	31104	42
ruumi_puudus	NOUN	Gen	Sing	probleem	NOUN	Par	Plur	ruumipuuduse probleeme	Selline raamat ei kulu ega hävi ning ei teki ___ruumipuuduse___ ___probleeme___ .	31118	1
populaarsus	NOUN	Gen	Sing	saavutamine	NOUN	Par	Sing	populaarsuse saavutamist	Pärast mõningase ___populaarsuse___ ___saavutamist___ võib e-raamatute suurimaks probleemiks kujuneda piraatlus .	31124	5
raamat	NOUN	Gen	Plur	hind	NOUN	Par	Sing	raamatute hinda	Trükikulude kadumine , vähenenud turundus- ja tööjõukulud võiksid ___raamatute___ ___hinda___ tunduvalt alandada .	31132	289
hulk	NOUN	Nom	Sing	inimene	NOUN	Par	Plur	hulk inimesi	Suur ___hulk___ ___inimesi___ ei kujuta endale elu ilma arvutita ette .	31148	45
mobiil_telefon	NOUN	Gen	Sing	prototüüp	NOUN	Par	Plur	mobiiltelefoni prototüüpe	Saksamaal näidati ___mobiiltelefoni___ ja pihuarvuti ___prototüüpe___ , mille energiaallikaks on ainult päikesepatareid .	31206	74
maa_ilm	NOUN	Gen	Sing	kallis_kivi	NOUN	Par	Sing	maailma kalliskivi	Vertu valmistas telefoni , mille küljes on 2590 looduslikku sinist teemanti - ___maailma___ kõige haruldasemat ___kalliskivi___ .	31212	223
tund	NOUN	Gen	Sing	jagu	NOUN	Par	Sing	tunni jagu	Mobiiltelefoniga on võimalik teha kvaliteetset filmi - telefoni mälukaart mahutab rohkem kui ___tunni___ ___jagu___ filmi .	31218	555
jagu	NOUN	Par	Sing	film	NOUN	Par	Sing	jagu filmi	Mobiiltelefoniga on võimalik teha kvaliteetset filmi - telefoni mälukaart mahutab rohkem kui tunni ___jagu___ ___filmi___ .	31218	5
pakett_andmen	NOUN	Gen	Plur	kasutamine	NOUN	Par	Sing	pakettandmeside kasutamist	Mobiiltelefonide põhiomaduseks on digitaalne andmeside , mis võimaldab reaalajas videot , lühisõnumeid , samal ajal kõnega ___pakettandmeside___ ___kasutamist___ , meilide ja piltide edastamist , muusika kuulamist ja sisseehitatud fotokaamera kasutamist .	31235	1
meil	NOUN	Gen	Plur	edastamine	NOUN	Par	Sing	meilide edastamist	Mobiiltelefonide põhiomaduseks on digitaalne andmeside , mis võimaldab reaalajas videot , lühisõnumeid , samal ajal kõnega pakettandmeside kasutamist , ___meilide___ ja piltide ___edastamist___ , muusika kuulamist ja sisseehitatud fotokaamera kasutamist .	31235	5
muusika	NOUN	Gen	Sing	kuulamine	NOUN	Par	Sing	muusika kuulamist	Mobiiltelefonide põhiomaduseks on digitaalne andmeside , mis võimaldab reaalajas videot , lühisõnumeid , samal ajal kõnega pakettandmeside kasutamist , meilide ja piltide edastamist , ___muusika___ ___kuulamist___ ja sisseehitatud fotokaamera kasutamist .	31235	224
foto_kaamera	NOUN	Gen	Sing	kasutamine	NOUN	Par	Sing	fotokaamera kasutamist	Mobiiltelefonide põhiomaduseks on digitaalne andmeside , mis võimaldab reaalajas videot , lühisõnumeid , samal ajal kõnega pakettandmeside kasutamist , meilide ja piltide edastamist , muusika kuulamist ja sisseehitatud ___fotokaamera___ ___kasutamist___ .	31235	1
tüüp	NOUN	Par	Sing	seade	NOUN	Par	Plur	tüüpi seadmeid	Jaapanis on kolme ___tüüpi___ 3G ___seadmeid___ - üks on lihtne terminal , teine on videotelefon ja kolmas on mõeldud peamiselt andmesidel põhinevate teenuste kasutamiseks .	31236	16
kilo	NOUN	Par	Sing	prügi	NOUN	Par	Sing	kilo prügi	Iga inimene toodab Eestis aastaga umbes 400 ___kilo___ ___prügi___ , millest 60 protsenti moodustavad pakendid .	31262	23
loodus	NOUN	Gen	Sing	seisund	NOUN	Par	Sing	looduse seisundit	Missugune reisikorraldus parandab ___looduse___ ja kultuurimälestiste ___seisundit___ ?	31338	153
turism	NOUN	Gen	Sing	mõju	NOUN	Par	Plur	turismi mõjusid	Kavas on hakata uurima ___turismi___ ___mõjusid___ , levitama teavet ökoturismi kohta ning organiseerima erialast koolitust .	31356	12
loodus	NOUN	Gen	Sing	säilimine	NOUN	Par	Sing	looduse säilimist	Missugune turismikorraldus toetab ___looduse___ ___säilimist___ ?	31361	153
elanik	NOUN	Gen	Plur	hea_olu	NOUN	Par	Sing	elanike heaolu	Mis kasvatab kohalike ___elanike___ ___heaolu___ ?	31366	33
puhkamis_võimalus	NOUN	Gen	Plur	valik	NOUN	Par	Sing	puhkamisvõimaluste valikut	Kuidas mõjutab Eestimaa loodus ja kliima ___puhkamisvõimaluste___ ___valikut___ ?	31368	1
vee_tõus	NOUN	Nom	Sing	häda	NOUN	Par	Plur	veetõus hädasid	Madalatel aladel , nagu Holland , tekitab ka meetrine ___veetõus___ tõsiseid ___hädasid___ .	31387	1
loodus_kaitse	NOUN	Gen	Sing	seadus	NOUN	Par	Plur	looduskaitse seadusi	Punane raamat ei sisalda ___looduskaitse___ ___seadusi___ ega määrusi .	31412	12
liik	NOUN	Gen	Sing	levik	NOUN	Par	Sing	liigi levikut	See on teaduslike andmete kogu , mis kajastab ___liigi___ ___levikut___ ja seisukorda koos ettepanekutega selle kaitseks .	31413	49
liik	NOUN	Gen	Plur	olu_kord	NOUN	Par	Sing	liikide olukorda	Looduseuurijad peavad kogu aeg jälgima ohustatud ja haruldaste ___liikide___ ___olukorda___ ja kandma uued andmed punasesse raamatusse .	31415	49
liik	NOUN	Par	Sing	taim	NOUN	Par	Plur	liiki taimi	Eesti esimeses punases raamatus ( 1979 ) oli kokku 259 ___liiki___ ___taimi___ ja loomi .	31417	49
loom	NOUN	Gen	Sing	liik	NOUN	Par	Sing	looma liiki	Uue punase raamatu andmeil on Eesti alalt kadunud 4 seene-, 18 sambliku-, 10 sambla-, 27 soontaime-, 42 selgrootu ja 2 selgroogse ___looma___ ___liiki___ .	31419	190
liik	NOUN	Gen	Plur	kadumine	NOUN	Par	Sing	Liikide kadumist	___Liikide___ ___kadumist___ seostatakse mitmesuguse metsade majandamisega seotud tegevuse , veekogude muutmise ja põllumajandusliku tegevusega , samuti kliimamuutustega .	31420	49
inimene	NOUN	Gen	Plur	tervis	NOUN	Par	Sing	inimeste tervist	Kuidas müra kahjustab ___inimeste___ ___tervist___ ?	31456	1323
piirkond	NOUN	Gen	Plur	sademe_tehulka	NOUN	Par	Sing	piirkondade sademetehulka	Ka sagenenud tugevaid torme ning mitmete ___piirkondade___ suurt ___sademetehulka___ koos üleujutustega seostatakse kliima muutumisega .	31475	31
okas	NOUN	Gen	Plur	kadu	NOUN	Par	Sing	okaste kadu	Happevihmad põhjustavad okaspuudel ___okaste___ ___kadu___ , puutüvedel kasvavate samblikuliikide vähenemist , järvede hapestumist , maapinna elustiku harvenemist ja taime- ning loomaliikide vaesumist .	31476	1
sambli_kuliik	NOUN	Gen	Plur	vähenemine	NOUN	Par	Sing	samblikuliikide vähenemist	Happevihmad põhjustavad okaspuudel okaste kadu , puutüvedel kasvavate ___samblikuliikide___ ___vähenemist___ , järvede hapestumist , maapinna elustiku harvenemist ja taime- ning loomaliikide vaesumist .	31476	1
järv	NOUN	Gen	Plur	hapestu=mine	NOUN	Par	Sing	järvede hapestumist	Happevihmad põhjustavad okaspuudel okaste kadu , puutüvedel kasvavate samblikuliikide vähenemist , ___järvede___ ___hapestumist___ , maapinna elustiku harvenemist ja taime- ning loomaliikide vaesumist .	31476	87
elustik	NOUN	Gen	Sing	harvenemine	NOUN	Par	Sing	elustiku harvenemist	Happevihmad põhjustavad okaspuudel okaste kadu , puutüvedel kasvavate samblikuliikide vähenemist , järvede hapestumist , maapinna ___elustiku___ ___harvenemist___ ja taime- ning loomaliikide vaesumist .	31476	1
taime	NOUN	Gen	Sing	vaesumine	NOUN	Par	Sing	taime- vaesumist	Happevihmad põhjustavad okaspuudel okaste kadu , puutüvedel kasvavate samblikuliikide vähenemist , järvede hapestumist , maapinna elustiku harvenemist ja ___taime-___ ning loomaliikide ___vaesumist___ .	31476	4
immuunsus	NOUN	Gen	Sing	nõrgenemine	NOUN	Par	Sing	immuunsuse nõrgenemist	Hõrenemine suurendab ka ___immuunsuse___ ___nõrgenemist___ .	31479	2
plankton	NOUN	Gen	Sing	paljune=mine	NOUN	Par	Sing	planktoni paljunemist	Kiirgus takistab taimse ___planktoni___ ___paljunemist___ ja vähendab teraviljade saagikust .	31480	2
tera_vili	NOUN	Gen	Plur	saagik	NOUN	Par	Sing	teraviljade saagikust	Kiirgus takistab taimse planktoni paljunemist ja vähendab ___teraviljade___ ___saagikust___ .	31480	4
hapniku_vabu	NOUN	Gen	Sing	territoorium	NOUN	Par	Plur	hapnikuvabu territooriume	Ka Läänemeres on ___hapnikuvabu___ ___territooriume___ , mis tegelikult on surnud merepõhi .	31491	1
tonn	NOUN	Par	Sing	nafta	NOUN	Par	Sing	tonni naftat	Igal aastal satub merre rohkem kui kolm miljonit ___tonni___ ___naftat___ .	31493	10
kala	NOUN	Gen	Plur	maitse	NOUN	Par	Sing	kalade maitset	Nafta rikub ___kalade___ ___maitset___ , hävitab kalamarja ja kalamaime vähendab kalade väljapüüki pikaks ajaks .	31497	77
töö	NOUN	Gen	Sing	võime	NOUN	Par	Sing	töö võimet	Müra vähendab vaimse ___töö___ ___võimet___ , põhjustab loidust ja agressiivsust .	31505	552
mulla	NOUN	Gen	Sing	ära_uhtumine	NOUN	Par	Sing	Mulla ärauhtumist	___Mulla___ looduslikku ___ärauhtumist___ ( erosiooni ) põhjustavad sademed , vooluvesi , tuul ja temperatuurikõikumised , eriti sellistel aladel , kus puudub kaitsev taimestik .	31509	1
jõgi	NOUN	Gen	Plur	täitumine	NOUN	Par	Sing	jõgede täitumist	Metsade kadumine põhjustab mulla erosiooni ja vaesumist , suurendab ___jõgede___ ___täitumist___ mudaga .	31514	62
arsti_teadus	NOUN	Gen	Sing	teadmine	NOUN	Par	Plur	arstiteaduse teadmisi	Võib elada tervislikult , otsida abi rahvameditsiinist või rakendada ___arstiteaduse___ tänapäevaseid ___teadmisi___ .	31555	1
olemine	NOUN	Gen	Sing	põhi_mõte	NOUN	Par	Plur	olemise põhimõtteid	Loetlege artiklis nimetatud terve ___olemise___ ___põhimõtteid___ .	31562	14
inimene	NOUN	Gen	Plur	elu_kvaliteet	NOUN	Par	Sing	inimeste elukvaliteeti	Tähtis on toetada ja parandada nende ___inimeste___ ___elukvaliteeti___ , kes seda ise ei suuda teha .	31573	1323
raha	NOUN	Gen	Sing	neeru_haigus	NOUN	Par	Sing	raha neeruhaigust	Oksjoni ja annetuste kogumise eesmärk on korjata ___raha___ ___neeruhaigust___ põdeva 7-aastase Reinu elu päästmiseks ning 15-aastase liigesehaige Meelise jaluleaitamiseks .	31598	255
ette_võte	NOUN	Gen	Plur	õhk	NOUN	Par	Sing	ettevõtete õhku	Linnas on õhk saastunud ___ettevõtete___ ___õhku___ paisatava suitsu ja autode heitgaasidega .	31616	33
hingamis_tee	NOUN	Gen	Plur	haigus	NOUN	Par	Plur	hingamisteede haigusi	Mida saastatum on õhk , seda enam põevad inimesed ___hingamisteede___ ___haigusi___ .	31617	2
inimene	NOUN	Gen	Sing	elu_viis	NOUN	Par	Sing	inimese eluviisi	Kas on võimalik teise ___inimese___ ___eluviisi___ muuta ?	31683	1323
stressi_seisund	NOUN	Gen	Sing	põhjus	NOUN	Par	Plur	stressiseisundi põhjuseid	Õppige ära tundma buliimiahoo esimesi tundemärke , analüüsige ___stressiseisundi___ ___põhjuseid___ ning kõrvaldage need .	31755	1
inimene	NOUN	Gen	Sing	suhtumine	NOUN	Par	Sing	inimese suhtumist	Kas vanus mõjutab ___inimese___ ___suhtumist___ oma tervisesse ?	31775	1323
narkootikum	NOUN	Gen	Plur	levimine	NOUN	Par	Sing	narkootikumide levimist	Õpetajad ei märka koolis ___narkootikumide___ ___levimist___ .	31807	14
narkootikum	NOUN	Gen	Plur	tarvitamine	NOUN	Par	Sing	narkootikumide tarvitamist	Kuidas ennetada ___narkootikumide___ ___tarvitamist___ ?	31815	14
enamik	NOUN	Nom	Sing	noor	NOUN	Par	Plur	enamik noori	Pärimise peale ___enamik___ ___noori___ eitab , et nad on meelemürke tarvitanud .	31817	42
narko_maania	NOUN	Gen	Sing	levik	NOUN	Par	Sing	narkomaania levikut	Kas on võimalik piirata ___narkomaania___ ___levikut___ või see koguni täielikult likvideerida ?	31836	2
soolestik	NOUN	Gen	Sing	mikro_floora	NOUN	Par	Sing	Soolestiku mikrofloorat	___Soolestiku___ ___mikrofloorat___ kahjustab eelkõige ühekülgne toitumine ja tugev vaimne stress .	31847	4
rasv	NOUN	Gen	Plur	osa_kaal	NOUN	Par	Sing	rasvade osakaalu	Kõigepealt tuleks toidus vähendada ___rasvade___ ___osakaalu___ .	31848	22
antibiootikum	NOUN	Gen	Plur	tarvitamine	NOUN	Par	Sing	antibiootikumide tarvitamist	Uuringud näitavad , et probiootiliste bakteritega rikastatud jogurtid taastavad pärast ___antibiootikumide___ ___tarvitamist___ seedekulgla mikrofloora , soodustavad B- rühma vitamiinide imendumist , langetavad kolesteroolitaset , kiirendavad seedetegevust , lühendavad kantserogeenide eluiga sooltes .	31850	1
vitamiin	NOUN	Gen	Plur	imendumine	NOUN	Par	Sing	vitamiinide imendumist	Uuringud näitavad , et probiootiliste bakteritega rikastatud jogurtid taastavad pärast antibiootikumide tarvitamist seedekulgla mikrofloora , soodustavad B- rühma ___vitamiinide___ ___imendumist___ , langetavad kolesteroolitaset , kiirendavad seedetegevust , lühendavad kantserogeenide eluiga sooltes .	31850	19
südame_haigus	NOUN	Gen	Plur	riski_tegur	NOUN	Par	Sing	südamehaiguste riskitegurit	Soola kui ___südamehaiguste___ ___riskitegurit___ ja kaltsiumi imendumise alandajat peaks oma toidus tublisti vähendama .	31852	3
hemorroid	NOUN	Gen	Plur	teke	NOUN	Par	Sing	hemorroidide tekke	Kiudainerikas toit tekitab suhteliselt kiiresti küllastustunde , reguleerib seedimist , hoiab ära ___hemorroidide___ ___tekke___ , vähendab vähiriski , reguleerib vere lipiidisisaldust .	31853	1
veri	NOUN	Gen	Sing	lipiidi_sisaldus	NOUN	Par	Sing	vere lipiidisisaldust	Kiudainerikas toit tekitab suhteliselt kiiresti küllastustunde , reguleerib seedimist , hoiab ära hemorroidide tekke , vähendab vähiriski , reguleerib ___vere___ ___lipiidisisaldust___ .	31853	23
toit	NOUN	Gen	Sing	osa_kaal	NOUN	Par	Sing	toidu osakaalu	Kiudainerikka ___toidu___ ___osakaalu___ tuleks suurendada ja ühtlasi juua piisaval hulgal vett .	31855	179
rakk	NOUN	Gen	Plur	kasv	NOUN	Par	Sing	rakkude kasvu	Soja pidurdab ka rinna-, eesnäärme- ja emakavähi ___rakkude___ ___kasvu___ .	31859	4
rasv	NOUN	Par	Sing	pontšik	NOUN	Par	Plur	rasvast pontšikuid	Magusaid jooke , ___rasvast___ tilkuvaid ___pontšikuid___ ja kartulikrõpse .	31872	22
valik	NOUN	Nom	Sing	või_leib	NOUN	Par	Plur	valik võileibu	Õiges puhvetis on ka ___valik___ ___võileibu___ .	31880	56
toit	NOUN	Gen	Sing	menüü	NOUN	Par	Sing	toidu menüüd	Aga missugusena sa kujutad ette sooja ___toidu___ ___menüüd___ ?	31886	179
osa	NOUN	Nom	Sing	inimene	NOUN	Par	Plur	Osa inimesi	___Osa___ ___inimesi___ on teatud valguühendite suhtes tundlikud ning on haigusi , mille puhul tuleb muna söömist vähendada , tarvitada seda poolpehmena või omletina .	31895	236
muna	NOUN	Gen	Sing	söömine	NOUN	Par	Sing	muna söömist	Osa inimesi on teatud valguühendite suhtes tundlikud ning on haigusi , mille puhul tuleb ___muna___ ___söömist___ vähendada , tarvitada seda poolpehmena või omletina .	31895	49
lind	NOUN	Gen	Plur	muna	NOUN	Par	Plur	lindude mune	Süüa võib arvatavasti kõikide ___lindude___ ___mune___ .	31898	59
hingamis	NOUN	Gen	Sing	vastu_pidavus	NOUN	Par	Sing	hingamis- vastupidavust	Sobib kõigile , arendab ___hingamis-___ ja vereringeelundite ___vastupidavust___ , koormab ja tugevdab suuri lihasrühmi .	31912	1
hapniku_tarbimine	NOUN	Gen	Sing	võime	NOUN	Par	Sing	hapnikutarbimise võimet	Kasulik nii vanadele kui noortele , algajatele ning kogenud tervisesportlastele , parandab ___hapnikutarbimise___ ___võimet___ , muudab lihased tugevamaks , suurendab vastupidavust ja painduvust , on hea lõõgastaja .	31913	3
tasa_kaal	NOUN	Gen	Sing	koordinatsioon	NOUN	Par	Sing	tasakaalu koordinatsiooni	Pakub naudingut ja on loominguline , suurendab vastupidavust ja lihasjõudu , hoiab liigesed liikuvaina , parandab ___tasakaalu___ ja liigutuste ___koordinatsiooni___ .	31914	24
hapniku_tarbimine	NOUN	Gen	Sing	võime	NOUN	Par	Sing	hapnikutarbimise võimet	Parandab ___hapnikutarbimise___ ___võimet___ ning treenib jalalihaseid , mõjub hästi tasakaalule ja koordinatsioonile .	31915	3
hapniku_tarbimine	NOUN	Gen	Sing	võime	NOUN	Par	Sing	hapnikutarbimise võimet	Parandab ___hapnikutarbimise___ ___võimet___ , rakendab tööle mitmed lihasrühmad , laia ulatusega liigutused teevad head eriti selja- ja õlalihastele .	31916	3
kool	NOUN	Gen	Plur	noor	NOUN	Par	Plur	koolide noori	Tahame kutsuda kaasa kõikide ___koolide___ ___noori___ .	31944	1013
linn	NOUN	Gen	Sing	kool	NOUN	Par	Plur	linna koole	Ma muidugi väga tahan olla terve , kena välimusega ja aktiivse eluhoiakuga , kuid kahjuks olen väga hõivatud ning ei usu , et mul oleks aega käia koosolekutel ja joosta mööda ___linna___ ___koole___ ning rääkida tervisliku eluviisi tähtsusest .	31946	269
valik	NOUN	Nom	Sing	kirjandus	NOUN	Par	Sing	valik kirjandust	Tänapäeval võib sellekohast teavet lugeda kõikjalt , sest tervisest ja spordist kirjutavad kõik perioodilised väljaanded ning raamatukogude lugemissaalides on saadaval lai ___valik___ ___kirjandust___ .	31949	56
päev	NOUN	Nom	Sing	ratsutamine	NOUN	Par	Sing	päev ratsutamist	Korraldage midagi ohutumat , näiteks hipodroomil üks ___päev___ ___ratsutamist___ .	31971	741
nädal	NOUN	Nom	Sing	aeg	NOUN	Par	Sing	nädal aega	Mida teha siis , kui juba ___nädal___ ___aega___ on dieedil oldud ja näljatunne on tugev ?	31993	225
veri	NOUN	Gen	Sing	andmine	NOUN	Par	Sing	vere andmist	Kas ___vere___ ___andmist___ tuleks tasustada ?	32027	23
keha	NOUN	Gen	Sing	koorimine	NOUN	Par	Sing	keha koorimist	Spaaprotseduur hõlmab ___keha___ ___koorimist___ , massaaži ja mähist kreemi või geeliga , mille toimeaineteks on vetikad või meremuda .	32043	31
nahk	NOUN	Gen	Sing	uuenemis_protsess	NOUN	Par	Sing	naha uuenemisprotsessi	Vetikad aitavad organismist jääkaineid välja viia , stimuleerivad ___naha___ ___uuenemisprotsessi___ , aeglustavad organismi vananemist .	32045	27
organism	NOUN	Gen	Sing	vananemine	NOUN	Par	Sing	organismi vananemist	Vetikad aitavad organismist jääkaineid välja viia , stimuleerivad naha uuenemisprotsessi , aeglustavad ___organismi___ ___vananemist___ .	32045	35
laps	NOUN	Gen	Sing	sünd	NOUN	Par	Sing	lapse sündi	Kui suurte summadega toetab riik ___lapse___ ___sündi___ ja väikese lapsega peresid ?	32075	810
laps	NOUN	Gen	Plur	sünd	NOUN	Par	Sing	laste sündi	Miks noored on hakanud ___laste___ ___sündi___ kaugemasse tulevikku lükkama ?	32076	810
vanur	NOUN	Gen	Plur	elu	NOUN	Par	Sing	vanurite elu	Kuidas saaks kergendada ___vanurite___ ___elu___ ?	32078	4
ühiskond	NOUN	Gen	Sing	eba_õiglus	NOUN	Par	Sing	ühiskonna ebaõiglust	Kõrgkiht peab rikkaks saamise eelduseks ennekõike kõrget haridustaset , keelte- ja mõtlemisoskust aga vaesuse põhjuseks tööpuudust , joomist , kehva haridust ja inimeste endi laiskust , aga ka ___ühiskonna___ ___ebaõiglust___ .	32089	35
karjäär	NOUN	Gen	Sing	tegemine	NOUN	Par	Sing	karjääri tegemist	Edukamad peavad oluliseks oma võimete maksimaalset rakendamist , ___karjääri___ ___tegemist___ ning oma töökoha arenguks endast parima andmist .	32091	23
inimene	NOUN	Gen	Sing	elu	NOUN	Par	Sing	inimese elu	Võrrelge vaese ja rikka ___inimese___ ___elu___ : toit , eluase , võimalus saada arstiabi , haridust , tegelda vaba aja harrastustega , reisida .	32108	1323
ette_võte	NOUN	Gen	Plur	aktsia	NOUN	Par	Plur	ettevõtete aktsiaid	Peale raha paigutamise oma ärisse tuleb omandada ka teiste ___ettevõtete___ ___aktsiaid___ .	32138	33
osa	NOUN	Nom	Sing	tervise_kaup	NOUN	Par	Plur	osa tervisekaupu	Suurem ___osa___ saadaolevaid ___tervisekaupu___ kuulub kallimasse hinnaklassi .	32203	236
toit	NOUN	Gen	Sing	tervislikkus	NOUN	Par	Sing	toidu tervislikkust	Aga raha kogus tegelikult ei mõjuta ___toidu___ ___tervislikkust___ , sest väiksema sissetulekuga inimesed toituvad tihti isegi tervislikumalt .	32204	179
ema_keel	NOUN	Gen	Sing	ära_õppimine	NOUN	Par	Sing	emakeele äraõppimist	Kas te nõuaksite oma abikaasalt teie ___emakeele___ ___äraõppimist___ või teete ise kõik , et suhelda abikaasa emakeeles ?	32268	24
mander	NOUN	Gen	Sing	ala	NOUN	Par	Plur	mandri alasid	Läänerannik on Eesti ___mandri___ sademetevaeseimaid ___alasid___ ja seepärast saab iga kuivem suvi viljakasvule saatuslikuks , ja ka karjamaad kõrbevad pärast jaanipäeva pruuniks .	32337	2
liik	NOUN	Par	Sing	orhidee	NOUN	Par	Plur	liiki orhideesid	Metsades õitseb külluses igat ___liiki___ käpalisi ehk põhjamaade ___orhideesid___ .	32343	49
linna_kodanik	NOUN	Gen	Plur	elu_maja	NOUN	Par	Plur	linnakodanike elumaju	Keskaegsel kujul on säilinud rohkelt ___linnakodanike___ ja kaupmeeste ___elumaju___ koos aitade ja ladudega .	32390	1
elamu	NOUN	Gen	Sing	korrus	NOUN	Par	Plur	elamu korruseid	Kuna ___elamu___ ülemisi ___korruseid___ kasutati ladudena , on kaupmehe elamu katuseviilu all kaubaluugid ja kauba ülesvedamiseks vajalik vints .	32399	11
puhkus	NOUN	Gen	Sing	planeerimine	NOUN	Par	Sing	puhkuse planeerimist	Millal te alustate oma ___puhkuse___ ___planeerimist___ ?	32405	61
turism	NOUN	Gen	Sing	areng	NOUN	Par	Sing	Turismi arengut	___Turismi___ ___arengut___ mõjutavad mitmed faktorid .	32430	12
turism	NOUN	Gen	Sing	areng	NOUN	Par	Sing	turismi arengut	Kuidas haridustaseme tõus mõjutab ___turismi___ ___arengut___ ?	32446	12
laps	NOUN	Gen	Sing	mängu_tuba	NOUN	Par	Sing	lapse mängutuppa	Kas see on normaalne perepuhkus , kui me jätame ___lapse___ ___mängutuppa___ mängima ?	32496	810
täna_päev	NOUN	Gen	Sing	turist	NOUN	Par	Sing	Tänapäeva turisti	___Tänapäeva___ ___turisti___ iseloomustab soov viibida vähem rahvastatud piirkondades , suur huvi kohaliku kultuuri ja eluviisi vastu , suurenev huvi säästva , keskkonnasõbraliku reisimise ja ökoturismi vastu .	32505	78
nõudlus	NOUN	Gen	Sing	suurenemine	NOUN	Par	Sing	nõudluse suurenemist	Eriti on märgata ___nõudluse___ ___suurenemist___ maaturismi järele .	32506	6
talu	NOUN	Gen	Sing	toodang	NOUN	Par	Sing	Talu toodangut	___Talu___ ___toodangut___ müüakse ka külastajatele .	32521	37
pere	NOUN	Gen	Plur	vajadus	NOUN	Par	Plur	perede vajadusi	Nendes turismiettevõtetes on majutus , toitlustus , vaba aja veetmine ja ka hinnad kujundatud lastega ___perede___ ___vajadusi___ ja võimalusi arvestades .	32538	277
puhkus	NOUN	Gen	Sing	võimalus	NOUN	Par	Plur	puhkuse võimalusi	Invapuhkuse puhul on kõik spetsiaalselt kohandatud vaimse või füüsilise puudega inimeste vastuvõtmiseks , samal ajal pakutakse suurepärase ___puhkuse___ ___võimalusi___ ka nende hooldajatele ja abistajatele .	32548	61
aasta	NOUN	Par	Sing	töö_kogemus	NOUN	Par	Sing	aastat töökogemust	Vabatahtlik peab olema vähemalt 25-aastane ja on hea , kui tal on oma erialal mitu ___aastat___ ___töökogemust___ .	32562	906
elu	NOUN	Gen	Sing	korv_pall	NOUN	Par	Sing	elu korvpalli	Mängin siin kindlasti ___elu___ parimat ___korvpalli___ .	32650	372
treener	NOUN	Gen	Sing	juht_nöör	NOUN	Par	Plur	treeneri juhtnööre	Ta püüab ___treeneri___ ___juhtnööre___ väga täpselt täita .	32682	34
pakk	NOUN	Nom	Sing	küpsis	NOUN	Par	Plur	pakk küpsiseid	Kursuse alguses antakse igale osalejale kaasa üks konserv , ___pakk___ ___küpsiseid___ , puljongikuubik , 100 grammi šokolaadi , pool leiba , sõjaväevorm , tekk , telkmantel , taskunuga , lisaks veel plekkpurke , prügikotte ja voodilinu .	32701	18
gramm	NOUN	Par	Sing	šokolaad	NOUN	Par	Sing	grammi šokolaadi	Kursuse alguses antakse igale osalejale kaasa üks konserv , pakk küpsiseid , puljongikuubik , 100 ___grammi___ ___šokolaadi___ , pool leiba , sõjaväevorm , tekk , telkmantel , taskunuga , lisaks veel plekkpurke , prügikotte ja voodilinu .	32701	4
puljong	NOUN	Nom	Sing	leib	NOUN	Par	Sing	puljong leiba	Eelmisel õhtul oli toiduks ___puljong___ ja pool ___leiba___ , mis nelja mehe peale ära jaotati .	32711	1
keel	NOUN	Gen	Sing	oskus	NOUN	Par	Sing	keele oskust	Paranda oma inglise ___keele___ ___oskust___ kas kooli või töö tarvis ja avasta imekaunis San Diego Californias !	32743	609
tund	NOUN	Nom	Sing	aeg	NOUN	Par	Sing	tund aega	Tavaliselt tulen ___tund___ ___aega___ varem kohale , istun garderoobis ja mõtlen .	32792	555
nõusta=mis_kabinet	NOUN	Gen	Sing	töötaja	NOUN	Par	Sing	nõustamiskabineti töötajat	Preili Lille , ___nõustamiskabineti___ ___töötajat___ , kuulati tähelepanelikult .	32849	1
rida	NOUN	Nom	Sing	lavastus	NOUN	Par	Plur	rida lavastusi	Tema tulek tõi Ugalasse uue hoo ja hingamise , üksteise järel sündis ___rida___ suurepäraseid ___lavastusi___ .	32871	42
täna_päev	NOUN	Gen	Sing	dramaturgia	NOUN	Par	Sing	tänapäeva dramaturgiat	Mängukavva ilmus klassika kõrvale ka head ___tänapäeva___ ___dramaturgiat___ , suurenes lasteetenduste osakaal .	32888	78
sõdur	NOUN	Gen	Plur	tähele_panu	NOUN	Par	Sing	sõdurite tähelepanu	Vahtkonnavahetust ootavate ___sõdurite___ ___tähelepanu___ köidab kena neiu Micaela , kes on tulnud kokkusaamisele oma peigmehe don Joséga .	32910	4
täis_kasvanu	NOUN	Gen	Plur	süda	NOUN	Par	Sing	täiskasvanute südant	Selle originaalse teatri kassid annavad meile armastuse ja headuse õppetunni , nad pehmendavad ___täiskasvanute___ ___südant___ ja rõõmustavad lapsi .	32948	35
andma	NOUN	Gen	Sing	mesi	NOUN	Par	Sing	anna mett	Palun ___anna___ ___mett___ .	33401	1
risu	NOUN	Gen	Sing	tulu	NOUN	Par	Plur	Risu tulle	___Risu___ ___tulle___ !	33411	1
soon	NOUN	Par	Sing	vaarikas	NOUN	Par	Sing	SOONI VAARIKAID	SUVEL ___SOONI___ ___VAARIKAID___ .	33538	2
kasvatus	NOUN	Gen	Sing	tund	NOUN	Par	Sing	kasvatuse tundi	Kas sa lähed rõõmsa meelega kehalise ___kasvatuse___ ___tundi___ ?	33758	43
üksi_kala	NOUN	Gen	Plur	finaal	NOUN	Par	Sing	üksikalade finaali	Uue süsteemi järgi toimub talvel kaks ja kevadel samuti kaks ___üksikalade___ ___finaali___ ning suvel finaal mitmevõistluses .	33789	2
poiss	NOUN	Gen	Plur	jalg_pall	NOUN	Par	Sing	poiste jalgpalli	Lähme kõigepealt ja vaatame teatejooksu , seejärel ___poiste___ ___jalgpalli___ ning lõpuks võtame osa rahvastepallivõistlusest .	33863	262
osa	NOUN	Nom	Sing	õpilane	NOUN	Par	Plur	osa õpilasi	Suur ___osa___ ___õpilasi___ tahtis osa võtta kergejõustikuvõistlustest .	33926	236
hulk	NOUN	Nom	Sing	olümpia_medal	NOUN	Par	Plur	hulk olümpiamedaleid	Siin on väljas väga suur ___hulk___ eestlaste ___olümpiamedaleid___ .	33984	45
eestlane	NOUN	Gen	Plur	olümpia_medal	NOUN	Par	Plur	eestlaste olümpiamedaleid	Siin on väljas väga suur hulk ___eestlaste___ ___olümpiamedaleid___ .	33984	119
keel	NOUN	Gen	Sing	tund	NOUN	Par	Plur	keele tunde	Siin võiks korraldada ka eesti ___keele___ ___tunde___ vene koolide õpilastele .	33992	609
kuld_medal	NOUN	Par	Plur	foto	NOUN	Par	Plur	kuldmedaleid fotosid	Tahan näha ___kuldmedaleid___ ja olümpiavõistlejate ___fotosid___ .	34013	17
eestlane	NOUN	Gen	Plur	kommentaar	NOUN	Par	Plur	eestlaste kommentaare	Loen sumofoorumist ___eestlaste___ ___kommentaare___ ja mind rõõmustab , kuidas nad mulle kaasa elavad .	34067	119
tuul	NOUN	Gen	Sing	suund	NOUN	Par	Sing	tuule suunda	Nad peavad tundma ilmakaari ja meremärke ning oskama määrata ___tuule___ ___suunda___ .	34091	55
maa_ilma_rekord	NOUN	Gen	Sing	püstitamine	NOUN	Par	Sing	maailmarekordi püstitamist	Pärast ___maailmarekordi___ ___püstitamist___ lubas särtsakas piiga endale vaid ühe puhkepäeva .	34113	3
ala	NOUN	Gen	Sing	tipp_sportlane	NOUN	Par	Plur	ala tippsportlasi	Mis ___ala___ ___tippsportlasi___ võib teie klassist tulla ?	34165	63
tund	NOUN	Nom	Sing	aeg	NOUN	Par	Sing	tund aega	Sõit kestis umbes ___tund___ ___aega___ .	34266	555
mäng	NOUN	Gen	Sing	algus	NOUN	Par	Sing	mängu algust	Kaks tundi enne ___mängu___ ___algust___ otsustati , et mäng toimub algusega kell 18.00 - nagu lubatud .	34285	79
laps	NOUN	Gen	Plur	käitumine	NOUN	Par	Sing	laste käitumist	Ühtne rõivastus muudab ___laste___ ___käitumist___ ja loob ühtekuuluvustunde .	34336	810
hulk	NOUN	Gen	Sing	lisa_töö	NOUN	Par	Plur	hulga lisatööd	Koolivorm ei too minu arvates võrdsust , vaid lastele pingeid ja lastevanematele ___hulga___ ___lisatööd___ ning kulutusi , et vormirõivaid korras hoida .	34347	45
komplekt	NOUN	Par	Sing	kooli_rõivas	NOUN	Par	Plur	komplekti koolirõivaid	Arvan , et minu lapsel peaks olema kolm ___komplekti___ ___koolirõivaid___ .	34349	8
inimene	NOUN	Gen	Plur	arvamus	NOUN	Par	Plur	inimeste arvamusi	Ma tean , et on kindlasti PALJU teisitimõtlejaid , aga ma tahaks ikkagi kuulda ___inimeste___ ___arvamusi___ sellel teemal .	34360	1323
enamik	NOUN	Nom	Sing	korra_valvur	NOUN	Par	Plur	enamik korravalvureid	Olete te kunagi mõelnud , miks kannab ___enamik___ ___korravalvureid___ tumesiniseid riideid ?	34366	42
korra_valvur	NOUN	Par	Plur	riie	NOUN	Par	Plur	korravalvureid riideid	Olete te kunagi mõelnud , miks kannab enamik ___korravalvureid___ tumesiniseid ___riideid___ ?	34366	1
elu_kutse	NOUN	Gen	Sing	esindaja	NOUN	Par	Plur	elukutse esindajaid	Ning kui oleks vastupidi , kas saaksime siis kummagi ___elukutse___ ___esindajaid___ sama tõsiselt võtta kui praegu ?	34368	46
auto_signaal	NOUN	Gen	Sing	praksumine	NOUN	Par	Sing	autosignaali praksumist	Kuulmisprobleemidega inimene ei kuule ___autosignaali___ ja leegi ___praksumist___ tulekahju ajal , aga abikoer võib ta eluohtlikust olukorrast päästa .	34591	1
osa	NOUN	Nom	Sing	teadlane	NOUN	Par	Plur	Osa teadlasi	___Osa___ ___teadlasi___ arvab , et eestlased tulid praegusele territooriumile kohe pärast jää sulamist , seega juba 10 000 – 12 000 aastat tagasi .	34724	236
jää	NOUN	Gen	Sing	sulamine	NOUN	Par	Sing	jää sulamist	Osa teadlasi arvab , et eestlased tulid praegusele territooriumile kohe pärast ___jää___ ___sulamist___ , seega juba 10 000 – 12 000 aastat tagasi .	34724	9
president	NOUN	Gen	Sing	vastu_võtt	NOUN	Par	Sing	presidendi vastuvõttu	Koos istutakse kohvilauas , vaadatakse telerist päevasündmusi ja ___presidendi___ ___vastuvõttu___ .	34746	48
inimene	NOUN	Gen	Sing	tervis	NOUN	Par	Sing	inimese tervist	Juuksed peegeldavad ___inimese___ ___tervist___ .	34931	1323
liiter	NOUN	Par	Sing	suhkru_vesi	NOUN	Par	Sing	liitrit suhkruvett	Kuidas reklaamida poolt ___liitrit___ ___suhkruvett___ ?	35110	6
kirjanik	NOUN	Gen	Plur	jutustus	NOUN	Par	Plur	kirjanike jutustusi	Nende ___kirjanike___ toredaid ___jutustusi___ , muinasjutte ja luuletusi ning koomikseid lugesid huviga juba sinuvanuste eesti laste emad ja isad .	35117	41
kilo_gramm	NOUN	Par	Sing	prügi	NOUN	Par	Sing	kilogrammi prügi	Iga Eestis elav inimene tekitab aastas 400 ___kilogrammi___ ___prügi___ .	35168	10
kilo_gramm	NOUN	Gen	Sing	vana_paber	NOUN	Par	Sing	kilogrammi vanapaberit	Kui sa kogud 70 ___kilogrammi___ ___vanapaberit___ , päästad ühe puu .	35169	10
tonn	NOUN	Par	Sing	pakend	NOUN	Par	Plur	tonni pakendeid	Eestis kogutakse aastas umbes 73 000 ___tonni___ ___pakendeid___ .	35170	10
tonn	NOUN	Par	Sing	prügi	NOUN	Par	Sing	tonni prügi	Eesti metsades ja teede ääres on kevadel kuni 10 000 ___tonni___ ___prügi___ .	35172	10
enamik	NOUN	Gen	Sing	kodu_töö	NOUN	Par	Plur	enamiku kodutöid	Robotite asemel teevad ___enamiku___ ___kodutöid___ jälle inimesed ise .	35230	42
mängu_asi	NOUN	Gen	Plur	jõu_jaam	NOUN	Par	Sing	mänguasjade jõujaama	Saab uurida ___mänguasjade___ ___jõujaama___ ja päikeseelektrijaama .	35268	27
tuba	NOUN	Gen	Plur	plaan	NOUN	Par	Sing	tubade plaani	Üks selline abiline jätab meelde ___tubade___ ___plaani___ ja teda võib kasutada asjade transportimiseks .	35345	228
kodu	NOUN	Gen	Sing	kord	NOUN	Par	Sing	kodu korda	Arvutiprogrammi abil süüdatakse lambid , lülitatakse sisse küte , pannakse jooksma vesi , tehakse ___kodu___ ___korda___ ja palju muud .	35370	714
leht	NOUN	Gen	Plur	laste_nurk	NOUN	Par	Sing	lehtede lastenurki	Loe eestikeelseid lasteajakirju või ___lehtede___ ___lastenurki___ .	35647	47
kooli_aasta	NOUN	Gen	Sing	algus	NOUN	Par	Sing	kooliaasta algust	Head ___kooliaasta___ ___algust___ !	35671	28
selja_kott	NOUN	Par	Sing	asi	NOUN	Par	Plur	seljakotti asju	Kui ___seljakotti___ ___asju___ pakid , siis pane kõige alla magamiskott või tekk , seejärel kerged asjad ( pesu , pluusid , püksid , jalatsid ) .	35907	14
suvitaja	NOUN	Par	Plur	omanik	NOUN	Par	Plur	suvitajaid omanikke	Suvel sõidab siia hulgaliselt ___suvitajaid___ , puhkajaid ning suvekodude ___omanikke___ .	35964	1
turist	NOUN	Gen	Plur	pilk	NOUN	Par	Sing	turistide pilku	Võib-olla on see muhulaste rahvakunst : värvikirevad rahvariided , mis püüavad inimeste , eeskätt ___turistide___ ___pilku___ laulupidudel .	35972	33
kool	NOUN	Gen	Plur	õpilane	NOUN	Par	Sing	koolide õpilast	Meid oli keelelaagris kokku 30 õpilast : 15 Ahtme Gümnaasiumist ja 15 erinevate eesti ___koolide___ ___õpilast___ , kellele eesti keel on emakeel .	35987	1013
saar	NOUN	Gen	Sing	kesk_paik	NOUN	Par	Sing	saare keskpaika	Käisime vaatamas Muhu naba ehk Muhu ___saare___ ___keskpaika___ Katariina kirikut , käsitööpoodi ja antiigikauplust .	36017	73
laste_aed	NOUN	Gen	Sing	töötaja	NOUN	Par	Plur	lasteaia töötajaid	Koostasime küsimusi intervjuu jaoks ja intervjueerisime ___lasteaia___ ___töötajaid___ .	36053	28
õpetaja	NOUN	Gen	Sing	mõte	NOUN	Par	Plur	õpetaja mõtteid	Parimad hinded saab õpilane siis , kui kordab ___õpetaja___ ___mõtteid___ .	36137	475
kirjutus-laud	NOUN	Gen	Sing	kord	NOUN	Par	Sing	kirjutuslaua korda	Kõigepealt sean ( teen ) ___kirjutuslaua___ ___korda___ .	36167	4
uru	NOUN	Gen	Sing	kaevamine	NOUN	Par	Sing	uru kaevamist	Rebased oma lapsi kooli ei pannud ega olnud no ̃ us ka metsaelanikele kehtestatud koolimaksuga , sest o ̃ ppekavasse ei lisatud ___uru___ ___kaevamist___ .	36193	1
laht	NOUN	Gen	Sing	kuju	NOUN	Par	Sing	lahe kuju	Ma ei olnud ___lahe___ ___kuju___ .	36290	20
kool	NOUN	Gen	Sing	lugu	NOUN	Par	Plur	kooli lugusid	Kord nädalas kogunevad tema ja veel kaksteist noort Tartu Arsise kellade ___kooli___ ___lugusid___ harjutama .	36507	1013
õpilas_firma	NOUN	Gen	Plur	töö	NOUN	Par	Sing	Õpilasfirmade tööd	___Õpilasfirmade___ ___tööd___ koordineerib tööjuhend .	36523	1
laps	NOUN	Gen	Plur	arvamus	NOUN	Par	Sing	Laste arvamust	___Laste___ ___arvamust___ on vaja kuulata just siis , kui otsustatakse lapse jaoks tähtsaid küsimusi .	36623	810
teelusika_täis	NOUN	Par	Sing	rasv	NOUN	Par	Sing	teelusikatäis rasva	Näiteks on ühes väikeses viineris umbes ___teelusikatäis___ ___rasva___ .	36718	1
tee_lusika_täis	NOUN	Par	Sing	suhkur	NOUN	Par	Sing	teelusikatäit suhkrut	Ühes 1 , 5-liitrises limonaadipudelis on peaaegu 30 ___teelusikatäit___ ___suhkrut___ .	36719	2
pakk	NOUN	Par	Sing	krõps	NOUN	Par	Plur	pakki krõpse	Ma olen ükskord kümme ___pakki___ ___krõpse___ korraga ära söönud .	36728	18
tee_lusika_täis	NOUN	Par	Sing	sool	NOUN	Par	Sing	teelusikatäit soola	Näiteks on ühes 100-grammises pakis krõpsudes umbes pool ___teelusikatäit___ ___soola___ .	36741	2
pakk	NOUN	Gen	Sing	kartuli_krõps	NOUN	Par	Sing	paki kartulikrõpse	Kui sööksime aasta jooksul iga päev ühe 100-grammise ___paki___ ___kartulikrõpse___ , siis saaksime nendest kilogrammi soola ja 13 kilogrammi rasva .	36742	18
kilo_gramm	NOUN	Gen	Sing	sool	NOUN	Par	Sing	kilogrammi soola	Kui sööksime aasta jooksul iga päev ühe 100-grammise paki kartulikrõpse , siis saaksime nendest ___kilogrammi___ ___soola___ ja 13 kilogrammi rasva .	36742	10
kilo_gramm	NOUN	Gen	Sing	rasv	NOUN	Par	Sing	kilogrammi rasva	Kui sööksime aasta jooksul iga päev ühe 100-grammise paki kartulikrõpse , siis saaksime nendest kilogrammi soola ja 13 ___kilogrammi___ ___rasva___ .	36742	10
maitske	NOUN	Nom	Sing	sala	NOUN	Par	Plur	Maitske salateid	___Maitske___ ___salateid___ ja võrrelge .	36772	2
värv	NOUN	Par	Sing	salat	NOUN	Par	Sing	värvi salatit	Poolele taldrikust pane erinevat ___värvi___ ___salatit___ .	36791	96
gramm	NOUN	Par	Sing	kapsas	NOUN	Par	Sing	grammi kapsast	Süües päevas ühe tomati ühe suure porgandi , sada ___grammi___ ___kapsast___ ja rohelisi köögivilju , ühe banaani ja sada grammi tumedamaid marju , saame kätte vajaliku koguse vitamiine ja mineraalaineid .	36795	4
kogus	NOUN	Gen	Sing	vitamiin	NOUN	Par	Plur	koguse vitamiine	Süües päevas ühe tomati ühe suure porgandi , sada grammi kapsast ja rohelisi köögivilju , ühe banaani ja sada grammi tumedamaid marju , saame kätte vajaliku ___koguse___ ___vitamiine___ ja mineraalaineid .	36795	6
nädal	NOUN	Nom	Sing	aeg	NOUN	Par	Sing	nädal aega	Kutsu sõbrad oma sünnipäevale vähemalt ___nädal___ ___aega___ varem , siis saavad nad külaskäiguks paremini ette valmistuda .	36866	225
maa	NOUN	Gen	Plur	rahva_muusika	NOUN	Par	Sing	maade rahvamuusikat	Mulle meeldib erinevate ___maade___ ___rahvamuusikat___ kuulata .	36910	202
leevenda=mine	NOUN	Gen	Sing	vahend	NOUN	Par	Sing	leevendamise vahendit	Juba Aristoteles hindas muusikat kui emotsionaalse pinge ___leevendamise___ ___vahendit___ .	36960	3
laps	NOUN	Gen	Plur	silma_ring	NOUN	Par	Sing	laste silmaringi	See mõtlemine , mis areneb muusikapraktikas , laiendab ___laste___ ___silmaringi___ , seega soodustab vaimset arengut .	36969	810
aasta	NOUN	Gen	Sing	sündmus	NOUN	Par	Plur	aasta sündmusi	Koolitants on noorele tantsijale üks ___aasta___ olulisemaid ___sündmusi___ .	37133	906
üld_laulu_pidu	NOUN	Gen	Sing	pilt	NOUN	Par	Sing	üldlaulupeo pilti	Esimese ___üldlaulupeo___ ___pilti___ ei ole säilinud .	37236	6
tantsu_pidu	NOUN	Gen	Sing	pea_proov	NOUN	Par	Sing	tantsupeo peaproovi	Reedel oli meil võimalus vaadata ka ___tantsupeo___ ___peaproovi___ .	37287	15
nuku_teater	NOUN	Gen	Sing	etendus	NOUN	Par	Plur	nukuteatri etendusi	Ma olen ___nukuteatri___ ___etendusi___ telerist vaadanud .	37332	4
muumi_pere	NOUN	Gen	Sing	seiklus	NOUN	Par	Plur	muumipere seiklusi	Kõik , kellele meeldivad muumid , tulge vaatama ___muumipere___ ___seiklusi___ .	37355	1
kiir_rong	NOUN	Gen	Sing	saabumine	NOUN	Par	Sing	kiirrongi saabumist	Viimased reisijad lahkusid pool tundi pärast ___kiirrongi___ ___saabumist___ .	37475	1
pakk	NOUN	Par	Sing	mängu_kaar	NOUN	Par	Plur	pakki mängukaarte	Tal kulus selleks 1200 ___pakki___ ___mängukaarte___ , ta ei kasutanud liimi ega muud kleepainet .	37503	18
nädal	NOUN	Nom	Sing	aeg	NOUN	Par	Sing	nädal aega	Igal aastal toimub augustikuus ühes Hispaania linnas suur toidufestival , mis kestab ___nädal___ ___aega___ .	37515	225
tonn	NOUN	Par	Sing	tomat	NOUN	Par	Plur	tonni tomateid	Suurtelt veoautodelt visatakse tänavatele inimeste sekka 120 ___tonni___ ___tomateid___ .	37518	10
kaksik	NOUN	Gen	Plur	paare	NOUN	Par	Plur	kaksikute paare	Kaksikute kokkutulekul on kõige rohkem ___kaksikute___ ___paare___ olnud 3961.	37524	8
kilo	NOUN	Par	Sing	friikartul	NOUN	Par	Plur	kilo friikartuleid	Kuu jooksul teeb see umbes kaks ___kilo___ ___friikartuleid___ .	37556	23
protsent	NOUN	Par	Sing	rasv	NOUN	Par	Sing	protsenti rasva	Mitu ___protsenti___ ___rasva___ sisaldab üks portsjon friikartuleid ?	37575	39
portsjon	NOUN	Nom	Sing	friikartul	NOUN	Par	Plur	portsjon friikartuleid	Mitu protsenti rasva sisaldab üks ___portsjon___ ___friikartuleid___ ?	37575	5
stimulaator	NOUN	Par	Sing	amfetamiin	NOUN	Par	Sing	stimulaatorit amfetamiini	Kõik kolm olid kasutanud väsimust kaotavat ___stimulaatorit___ ___amfetamiini___ .	37629	2
indiaanlane	NOUN	Nom	Plur	šokolaad	NOUN	Par	Sing	indiaanlased šokolaadi	Missugusel kujul ___indiaanlased___ ___šokolaadi___ kasutasid ?	37646	5
segu	NOUN	Nom	Sing	karp	NOUN	Par	Sing	segu karpi	Pane ___segu___ ___karpi___ ja karp kaheks tunniks sügavkülma .	37669	2
pakk	NOUN	Nom	Sing	kohu_piim	NOUN	Par	Sing	pakk kohupiima	Osta poest või võta külmkapist üks ___pakk___ ___kohupiima___ jne .	37673	18
laps	NOUN	Gen	Sing	sünd	NOUN	Par	Sing	lapse sündi	Pärast ___lapse___ ___sündi___ jäi A. Lindgren koduseks .	37727	810
sõiduk	NOUN	Gen	Sing	ehitamine	NOUN	Par	Sing	sõiduki ehitamist	See algas pärast sisepõlemismootoriga ___sõiduki___ ___ehitamist___ Saksamaal .	37742	4
närimis_kumm	NOUN	Gen	Sing	tootmine	NOUN	Par	Sing	närimiskummi tootmist	Mitmekesise valikuga ___närimiskummi___ tööstuslikku ___tootmist___ alustas ta Portlandis Maine'is 1850. aastal .	37755	4
kool	NOUN	Gen	Sing	lõpetamine	NOUN	Par	Sing	kooli lõpetamist	Pärast ___kooli___ ___lõpetamist___ ( millal ? ) kolisin maale elama .	37771	1013
riik	NOUN	Gen	Sing	nimetus	NOUN	Par	Sing	riigi nimetust	Riigisisestel postisaadetistel ___riigi___ ___nimetust___ ei kirjutata .	37884	184
linn	NOUN	Gen	Sing	nimetus	NOUN	Par	Sing	linna nimetust	Posti sihtnumber kirjutatakse viimasele reale enne ___linna___ või maakonna ___nimetust___ .	37885	269
auto	NOUN	Gen	Plur	kihutamine	NOUN	Par	Sing	autode kihutamist	Jälgin aknast ___autode___ ___kihutamist___ .	37920	196
ahi	NOUN	Gen	Sing	kasutamine	NOUN	Par	Sing	ahju kasutamist	Miks ei tohi pärast ___ahju___ ___kasutamist___ hakata seda kohe puhastama ?	37943	38
ahi	NOUN	Gen	Sing	sein	NOUN	Par	Plur	ahju seinu	Põhjus : sellega võite kahjustada ___ahju___ ___seinu___ .	37951	38
klaas	NOUN	Nom	Sing	vesi	NOUN	Par	Sing	klaas vett	Nõuanne : jätke alati ahju ___klaas___ ___vett___ .	37952	21
mikro_laine_ahi	NOUN	Gen	Sing	sein	NOUN	Par	Plur	mikrolaineahju seinu	ÄRGE puhastage ___mikrolaineahju___ ___seinu___ kohe pärast kasutamist .	37956	12
töö	NOUN	Gen	Sing	efektiivsus	NOUN	Par	Sing	töö efektiivsust	Põhjus : ahjuseintele kogunenud toiduosakesed ja õlipritsmed võivad kuumenedes kahjustada värvi ja vähendada nii ahju ___töö___ ___efektiivsust___ .	37962	552
ahi	NOUN	Gen	Sing	välja_lülita=mine	NOUN	Par	Sing	ahju väljalülitamist	Pärast ___ahju___ ___väljalülitamist___ jätke ALATI 20 sekundit järelvalmimisaega , et temperatuur saaks võrdsustuda .	37964	38
sekund	NOUN	Par	Sing	järel_valmimine	NOUN	Par	Sing	sekundit järelvalmimisaega	Pärast ahju väljalülitamist jätke ALATI 20 ___sekundit___ ___järelvalmimisaega___ , et temperatuur saaks võrdsustuda .	37964	38
pere_naine	NOUN	Gen	Sing	hääl	NOUN	Par	Sing	perenaise häält	Kui ta kuuleb oma ___perenaise___ ___häält___ , siis hakkab ta kisendama .	38033	12
muna	NOUN	Gen	Sing	kest	NOUN	Par	Sing	muna kesta	Vastsed söövad kõigepealt ära ___muna___ ___kesta___ ning kui läheduses muud toitu ei ole , hakkavad nad üksteist sööma .	38084	49
tükk	NOUN	Nom	Sing	maa	NOUN	Par	Sing	tükk maad	Et uus ___tükk___ kuiva ___maad___ jäi täpselt kahe maa vahele , pandi talle nimeks Piirissaar .	38139	30
nädal	NOUN	Gen	Plur	viis	NOUN	Par	Sing	nädalate viisi	Vägimees magas ___nädalate___ ___viisi___ , pea allapoole rippumas .	38145	225
nädal	NOUN	Gen	Plur	viis	NOUN	Par	Sing	nädalate viisi	Kalevipoeg ärkas alles siis , kui oli ___nädalate___ ___viisi___ maganud .	38182	225
tilk	NOUN	Par	Sing	vesi	NOUN	Par	Sing	tilka vett	Mõned muistendid on sarnased nagu kaks ___tilka___ ___vett___ .	38185	2
lepp	NOUN	Gen	Sing	õie_tolm	NOUN	Par	Sing	lepa õietolmu	Lõuna-Eestis on õhus kase ja ___lepa___ ___õietolmu___ .	38243	3
pakk	NOUN	Par	Sing	mängu_kaar	NOUN	Par	Plur	pakki mängukaarte	Tal kulus selleks tuhat kaheksasada ___pakki___ ___mängukaarte___ , kusjuures ta ei kasutanud liimi ega muud kleepainet .	38306	18
kuus_sada	NOUN	Par	Sing	kilo_gramm	NOUN	Par	Sing	kuussada kilogrammi	Selles oli neli tuhat ___kuussada___ ___kilogrammi___ jahu , üheksakümmend kilogrammi soola , tuhat kaheksasada kilogrammi juustu ja kaheksasada kilogrammi tomatipüreed .	38309	1
kilo_gramm	NOUN	Par	Sing	jahu	NOUN	Par	Sing	kilogrammi jahu	Selles oli neli tuhat kuussada ___kilogrammi___ ___jahu___ , üheksakümmend kilogrammi soola , tuhat kaheksasada kilogrammi juustu ja kaheksasada kilogrammi tomatipüreed .	38309	10
kilo_gramm	NOUN	Par	Sing	sool	NOUN	Par	Sing	kilogrammi soola	Selles oli neli tuhat kuussada kilogrammi jahu , üheksakümmend ___kilogrammi___ ___soola___ , tuhat kaheksasada kilogrammi juustu ja kaheksasada kilogrammi tomatipüreed .	38309	10
kilo_gramm	NOUN	Par	Sing	juust	NOUN	Par	Sing	kilogrammi juustu	Selles oli neli tuhat kuussada kilogrammi jahu , üheksakümmend kilogrammi soola , tuhat kaheksasada ___kilogrammi___ ___juustu___ ja kaheksasada kilogrammi tomatipüreed .	38309	10
kilo_gramm	NOUN	Par	Sing	tomati_püreed	NOUN	Par	Sing	kilogrammi tomatipüreed	Selles oli neli tuhat kuussada kilogrammi jahu , üheksakümmend kilogrammi soola , tuhat kaheksasada kilogrammi juustu ja kaheksasada ___kilogrammi___ ___tomatipüreed___ .	38309	10
nädal	NOUN	Nom	Sing	aeg	NOUN	Par	Sing	nädal aega	Igal aastal augustikuus toimub Hispaanias suur toidufestival , mis kestab ___nädal___ ___aega___ .	38319	225
tonn	NOUN	Par	Sing	tomat	NOUN	Par	Plur	tonni tomateid	Suurtelt veoautodelt visatakse tänavatele inimeste sekka sada kakskümmend ___tonni___ ___tomateid___ .	38322	10
dražees	NOUN	Nom	Plur	tablett	NOUN	Par	Plur	dražeesid tablette	Kas te soovite ___dražeesid___ või lahustuvaid ___tablette___ ?	38365	1
närimis_kumm	NOUN	Gen	Sing	tootmine	NOUN	Par	Sing	närimiskummi tootmist	John Curtis alustab ___närimiskummi___ ___tootmist___ Portlandis tuhande kaheksasaja viiekümnendal aastal .	38477	4
närimis_kumm	NOUN	Gen	Sing	tootmine	NOUN	Par	Sing	närimiskummi tootmist	John Curtis alustas ___närimiskummi___ ___tootmist___ Portlandis tuhande kaheksasaja viiekümnendal aastal .	38478	4
ratas	NOUN	Gen	Sing	leiutamine	NOUN	Par	Sing	ratta leiutamist	No üldiselt peetakse tehnika arengule kõige suuremat mõju avaldanud leiutiseks ___ratta___ , kõige klassikalisema ratta ___leiutamist___ , kuna sellest hetkest nagu hakkas üsna kiire ja tormiline tehnika edasine areng .	38503	74
ratas	NOUN	Gen	Sing	leiutamine	NOUN	Par	Sing	ratta leiutamist	No üldiselt peetakse tehnika arengule kõige suuremat mõju avaldanud leiutiseks ratta , kõige klassikalisema ___ratta___ ___leiutamist___ , kuna sellest hetkest nagu hakkas üsna kiire ja tormiline tehnika edasine areng .	38503	74
tehnoloogia	NOUN	Gen	Sing	leiutamine	NOUN	Par	Sing	tehnoloogia leiutamist	Aga samas ei saa ka muidugi eitada rauasulatamise ___tehnoloogia___ ___leiutamist___ või kas või tuletiku tähtsust .	38504	26
tuletik	NOUN	Gen	Sing	tähtsus	NOUN	Par	Sing	tuletiku tähtsust	Aga samas ei saa ka muidugi eitada rauasulatamise tehnoloogia leiutamist või kas või ___tuletiku___ ___tähtsust___ .	38504	3
lill	NOUN	Gen	Plur	õie_mahla	NOUN	Par	Sing	lillede õiemahla	Nad joovad ___lillede___ ___õiemahla___ .	38622	124
tükk	NOUN	Nom	Sing	leib	NOUN	Par	Sing	tükk leiba	Talle anti kaasa ___tükk___ ___leiba___ ja kruus vett .	38652	30
lepp	NOUN	Gen	Sing	õie_tolm	NOUN	Par	Sing	lepa õietolmu	Lõuna-Eestis on õhus kase ja ___lepa___ ___õietolmu___ .	38683	3
õpetaja	NOUN	Nom	Plur	teksa_püks	NOUN	Par	Plur	õpetajad teksapükse	Meie koolis kannavad ___õpetajad___ ___teksapükse___ , aga aastatel 1963 - 1968 kandsid õpetajad ülikondi .	38728	475
õpetaja	NOUN	Nom	Plur	üli_kond	NOUN	Par	Plur	õpetajad ülikondi	Meie koolis kannavad õpetajad teksapükse , aga aastatel 1963 - 1968 kandsid ___õpetajad___ ___ülikondi___ .	38728	475
kirjutis	NOUN	Gen	Plur	lugemine	NOUN	Par	Sing	kirjutiste lugemist	Selliste ___kirjutiste___ ___lugemist___ nimetab Putin tühjaks ajaraiskamiseks , sest ta teab endast niigi kõike .	38754	2
isa	NOUN	Gen	Sing	hukkumine	NOUN	Par	Sing	isa hukkumist	Pärast ___isa___ ___hukkumist___ lennuõnnetuses 1947. aastal sai selgeks , et Carl Gustaf pärib krooni oma vanaisalt .	38767	469
sepp	NOUN	Gen	Sing	amet	NOUN	Par	Sing	sepa ametit	Tema üks vend oli samuti laulja ansamblis Kukerpillid , aga teine vend pidas ___sepa___ ___ametit___ .	38791	3
ansambel	NOUN	Par	Sing	plaadi_kogu	NOUN	Par	Plur	ansambli plaadikogusid	Ivo Linnal on üks suuremaid ___ansambli___ The Beatles ___plaadikogusid___ Eestis .	38795	27
müügi_mees	NOUN	Gen	Sing	amet	NOUN	Par	Sing	müügimehe ametit	Uuringutest on siiski selgunud , et näiteks suure palgaga ___müügimehe___ ___ametit___ ei hinda eestlased kuigi kõrgelt .	38852	2
haridus	NOUN	Par	Sing	mõtlemine	NOUN	Par	Sing	haridust mõtlemist	Selleks et olla konkurentsivõimeline ka mujal maailmas , on vaja omandada ning arendada neid väärtusi , mida seal kõrgelt hinnatakse - ___haridust___ , arenguvõimet ja loovat ___mõtlemist___ .	38853	41
haridus	NOUN	Par	Sing	mõtlemine	NOUN	Par	Sing	haridust mõtlemist	Eestis hinnatakse kõrgelt ___haridust___ , enesetäiendamist ja loovat ___mõtlemist___ .	38855	41
mõistus	NOUN	Gen	Sing	hääl	NOUN	Par	Sing	mõistuse häält	Kes ei seedi ___mõistuse___ ___häält___ ?	38902	11
kirik	NOUN	Gen	Sing	era_kordsus	NOUN	Par	Sing	kiriku erakordsust	See näitab Oleviste ___kiriku___ ___erakordsust___ ja suurt vanust .	38931	82
enamik	NOUN	Nom	Sing	tüdruk	NOUN	Par	Plur	Enamik tüdrukuid	___Enamik___ ___tüdrukuid___ , kes diskol käivad , ongi põhiliselt turistid , sest meil on islami usk ja tüdrukud ei tohiks väljas käia , aga osa käib ikka .	38940	42
klaastaar	NOUN	Gen	Sing	vastu_võtt	NOUN	Par	Sing	klaastaara vastuvõttu	Prügi tuleks sorteerida nii , et klaasasjad võiks viia ___klaastaara___ ___vastuvõttu___ ja et vanapaberi saaks viia vanapaberi vastuvõttu või spetsiaalsesse papi ja vanapaberi prügikasti .	39009	2
vana_paber	NOUN	Gen	Sing	vastu_võtt	NOUN	Par	Sing	vanapaberi vastuvõttu	Prügi tuleks sorteerida nii , et klaasasjad võiks viia klaastaara vastuvõttu ja et vanapaberi saaks viia ___vanapaberi___ ___vastuvõttu___ või spetsiaalsesse papi ja vanapaberi prügikasti .	39009	11
purk	NOUN	Nom	Plur	vastu_võtu_punkt	NOUN	Par	Sing	purgid vastuvõtupunkti	Mitu protsenti küsitletud elanikest viib klaaspudelid ja - ___purgid___ ___vastuvõtupunkti___ ?	39020	7
protsent	NOUN	Par	Sing	inimene	NOUN	Par	Plur	protsenti inimesi	Mitu ___protsenti___ ___inimesi___ on ohtlikke jäätmeid ära andnud kogumispäevadel ?	39024	39
enamik	NOUN	Nom	Sing	inimene	NOUN	Par	Plur	enamik inimesi	Mida teeb jäätmete töötlemise heaks ___enamik___ ___inimesi___ ?	39027	42
aerosool	NOUN	Nom	Sing	preparaat	NOUN	Par	Sing	aerosool preparaati	Kasuta alati ___aerosool___ ___preparaati___ .	39037	1
liiklus	NOUN	Nom	Sing	keskkond	NOUN	Par	Sing	liiklus keskkonda	Eelmise aasta loenduses selgus , et kõige rohkem saastab ___liiklus___ ___keskkonda___ Statoili bensiinijaama juures .	39050	23
laulu_lava	NOUN	Gen	Sing	ümbrus	NOUN	Par	Sing	laululava ümbrust	Viiendad klassid ja Keila algkooli õpilased lähevad koristama ___laululava___ ___ümbrust___ .	39052	4
viie_võistlus	NOUN	Gen	Sing	skulptuur	NOUN	Par	Plur	Viievõistluse skulptuure	___Viievõistluse___ ___skulptuure___ tehakse alati ainult klaasasjadest .	39057	3
laulu_lava	NOUN	Gen	Sing	ümbrus	NOUN	Par	Sing	laululava ümbrust	Gümnaasiumiosa õpilased koristavad keskkonnapäeval ___laululava___ ___ümbrust___ .	39060	4
jäätmed	NOUN	Gen	Plur	kogumis_koht	NOUN	Par	Plur	jäätmete kogumiskohti	Keilas ei ole ohtlike ___jäätmete___ ___kogumiskohti___ .	39061	8
pakend	NOUN	Gen	Plur	kasutamine	NOUN	Par	Sing	pakendite kasutamist	Soovitatakse vältida ühekordsete nõude ja ___pakendite___ ___kasutamist___ .	39062	9
jalats	NOUN	Gen	Plur	vahetamine	NOUN	Par	Sing	jalatsite vahetamist	Lahendus : kooli korrapidaja peab kõigilt õpilastelt nõudma ___jalatsite___ ___vahetamist___ .	39066	12
kaader	NOUN	Gen	Sing	filmimis_viis	NOUN	Par	Sing	kaadri filmimisviisi	Filmis kutsutakse plaaniks ühe ___kaadri___ ___filmimisviisi___ .	39113	10
tegelane	NOUN	Gen	Plur	nägu	NOUN	Par	Plur	tegelaste nägusid	Suur plaan on vajalik siis , kui on tarvis näidata ___tegelaste___ ___nägusid___ või on vaja detaile esile tõsta .	39117	33
lill	NOUN	Gen	Plur	üle_andmine	NOUN	Par	Sing	lillede üleandmist	Enne ___lillede___ ___üleandmist___ võetakse need paberist välja .	39289	124
kodu	NOUN	Gen	Sing	noor	NOUN	Par	Plur	koduta noori	Ma ei usu , et ___koduta___ ___noori___ on palju , aga palju on lihtsalt abivajajaid , kelle peres vanemad joovad ja lapsest ei hooli .	39337	714
muusika	NOUN	Gen	Sing	looja	NOUN	Par	Plur	muusika loojaid	Missuguseid klassikalise ___muusika___ ___loojaid___ te teate ?	39373	224
lemmik_laulja	NOUN	Gen	Sing	kodu_lehe_külg	NOUN	Par	Sing	lemmiklaulja kodulehekülge	Ma külastan mitu korda päevas oma ___lemmiklaulja___ ___kodulehekülge___ .	39388	7
riik	NOUN	Gen	Sing	sadam	NOUN	Par	Sing	riigi sadamat	Jaht kavatseb 560 päevaga läbi sõita 26 ___riigi___ 43 ___sadamat___ , kokku läbitakse 37 000 meremiili .	39569	184
omanik	NOUN	Gen	Sing	nõus_olek	NOUN	Par	Sing	omaniku nõusolekut	Ka on olemas esimesed erasaared , kuhu minekuks on vaja ___omaniku___ ___nõusolekut___ .	39600	26
kroon	NOUN	Par	Sing	telkimis_tasu	NOUN	Par	Sing	krooni telkimistasu	Loa saab , makstes ca 25 ___krooni___ ___telkimistasu___ .	39609	86
hulk	NOUN	Nom	Sing	suur_tüki_patarei	NOUN	Par	Plur	hulk suurtükipatareisid	Aegnal on ilus liivarand , surnuaed , ___hulk___ õhkulastud ___suurtükipatareisid___ ja keskus .	39612	45
tund	NOUN	Nom	Sing	aeg	NOUN	Par	Sing	tund aega	Sõit saarele kestab umbes ___tund___ ___aega___ .	39613	555
enamus	NOUN	Nom	Sing	õpilane	NOUN	Par	Plur	enamus õpilasi	Aga ___enamus___ [ enamik ] ___õpilasi___ ei pea nendest reeglitest kinni .	39707	5
kirik	NOUN	Gen	Sing	torn	NOUN	Par	Sing	Kiriku torni	___Kiriku___ kõrget ___torni___ kasutati majakana , et laevad näeksid sõita kuulsasse kaubalinna .	39740	82
tund	NOUN	Nom	Sing	aeg	NOUN	Par	Sing	tund aega	Oleme ___tund___ ___aega___ .	39769	555
tonn	NOUN	Gen	Plur	viis	NOUN	Par	Sing	tonnide viisi	Igal kevadel koristavad kooliõpilased metsa alt ___tonnide___ ___viisi___ prügi , mida inimesed on sinna jätnud .	39785	10
grupp	NOUN	Nom	Sing	töötaja	NOUN	Par	Plur	grupp töötajaid	See on üks ___grupp___ ___töötajaid___ , loominguline grupp .	39800	22
grupp	NOUN	Nom	Sing	töötaja	NOUN	Par	Plur	grupp töötajaid	Ja on nüüd teine ___grupp___ ___töötajaid___ , see on majanduslik , tehniline personal : assistendid , autojuhid , valgustajad , administraatorid , monteerijad .	39801	22
film	NOUN	Gen	Sing	valmimine	NOUN	Par	Sing	filmi valmimist	Pärast ___filmi___ ___valmimist___ tagab filmile tee ekraanile .	39804	241
kaamera	NOUN	Gen	Sing	võimalus	NOUN	Par	Plur	kaamera võimalusi	Operaatorta peab valdama kaamerat , see tähendab , ta peab tundma ___kaamera___ tehnilisi ___võimalusi___ .	39808	14
näitleja	NOUN	Gen	Plur	tekst	NOUN	Par	Sing	näitlejate teksti	Helioperaator lindistab võtteplatsil ___näitlejate___ ___teksti___ , taustahelisid , osaleb pärast filmi valmimist muusika salvestamisel ja seda tööd nimetatakse filmi heli salvestamiseks .	39810	80
film	NOUN	Gen	Sing	valmimine	NOUN	Par	Sing	filmi valmimist	Helioperaator lindistab võtteplatsil näitlejate teksti , taustahelisid , osaleb pärast ___filmi___ ___valmimist___ muusika salvestamisel ja seda tööd nimetatakse filmi heli salvestamiseks .	39810	241
püks	NOUN	Gen	Plur	kandmine	NOUN	Par	Sing	pükste kandmist	Näiteks kirikusse lühikestes pükstes ja miniseelikus minna ei tohi , Kuigi lühikeste ___pükste___ ___kandmist___ pannakse pahaks , riietuvad venelased võimalikult kergelt .	39906	27
metal	NOUN	Gen	Sing	muusika	NOUN	Par	Sing	metal muusikat	Kõige meelsamini kuulan ma ___metal___ ___muusikat___ ja sellist raskemapoolset kitarrimuusikat , aga üldiselt olen ma väga vastuvõtlik kõiksugustele muusikastiilidele ja mulle meeldib kuulata ka trans'i ja drum ' n ' base'i .	39917	2
maa_ilm	NOUN	Gen	Sing	ookean	NOUN	Par	Sing	maailma ookeani	See on imekspandav , kui sageli võib avaookeanil , keset ___maailma___ kõige suuremat ___ookeani___ , Vaikset ookeani , võib leida vees hulpimas plastikpudelit , kilekotti , sõnaga [ ühesõnaga ] - kõikvõimalikku plastikust [ plastist ] rämpsu .	40041	223
kõne_keel	NOUN	Gen	Sing	väljend	NOUN	Par	Plur	kõnekeele väljendeid	Kasutatakse ___kõnekeele___ ___väljendeid___ .	40133	5
kõne_keel	NOUN	Gen	Sing	väljend	NOUN	Par	Plur	kõnekeele väljendeid	Ei kasutata ___kõnekeele___ ___väljendeid___ .	40137	5
kursus	NOUN	Gen	Plur	lõpp	NOUN	Par	Sing	kursuste lõppu	Nad helistasid järgmisel päeval muuseumi direktorile ja küsisid , kas võivad pärast ___kursuste___ ___lõppu___ tagasi tulla .	40151	35
enamik	NOUN	Nom	Sing	kursuslane	NOUN	Par	Plur	Enamik kursuslasi	___Enamik___ ___kursuslasi___ tormas mõisast lihtsalt läbi .	40170	42
klaver	NOUN	Gen	Sing	klahv	NOUN	Par	Plur	klaveri klahve	Erandkorras lubati neil aga isegi Rahmaninovi-aegse häälest ära ___klaveri___ ___klahve___ puutuda .	40177	32
kesk_kool	NOUN	Gen	Sing	lõpetamine	NOUN	Par	Sing	keskkooli lõpetamist	Pärast ___keskkooli___ ___lõpetamist___ tahtis tüdruk õppida Riigikaitse Akadeemias uurijaks , aga ei teinud ära suhtlemistesti .	40220	24
kilo	NOUN	Par	Sing	varustus	NOUN	Par	Sing	kilo varustust	Kakskümmend kaheksa ___kilo___ ___varustust___ seljas ja mask peas - see on tavaline asi .	40228	23
klass	NOUN	Gen	Sing	lõpetamine	NOUN	Par	Sing	klassi lõpetamist	Pärast üheksanda ___klassi___ ___lõpetamist___ hakkan õppima gümnaasiumis .	40260	502
klass	NOUN	Gen	Sing	lõpetamine	NOUN	Par	Sing	klassi lõpetamist	Millised edasiõppimisvõimalused on sul pärast üheksanda ___klassi___ ___lõpetamist___ ?	40289	502
klass	NOUN	Gen	Sing	lõpetamine	NOUN	Par	Sing	klassi lõpetamist	Mida hakkad tegema pärast üheksanda ___klassi___ ___lõpetamist___ ?	40290	502
film	NOUN	Gen	Sing	pea_tegelane	NOUN	Par	Sing	Filmi peategelast	___Filmi___ üht ___peategelast___ karu Valgelauku mängib karu Malõš , kes saabus Venemaalt Eestisse filmivõtetele koos kahe dresseerijaga .	40304	241
karu	NOUN	Gen	Sing	välimus	NOUN	Par	Sing	karu välimust	Grimeerija muudab ___karu___ ___välimust___ .	40355	39
loom	NOUN	Gen	Sing	vanus	NOUN	Par	Sing	looma vanust	Selle ___looma___ ___vanust___ ei ole võimalik väga täpselt hinnata .	40391	190
puur	NOUN	Gen	Sing	sisu	NOUN	Par	Sing	puuri sisu	Sellel loomal tuleb pidevalt vahetada ___puuri___ ___sisu___ .	40393	25
tükk	NOUN	Nom	Sing	aeg	NOUN	Par	Sing	tükk aega	Pole Sinust juba ___tükk___ ___aega___ midagi kuulnud .	40424	30
kõne	NOUN	Gen	Plur	maksumus	NOUN	Par	Sing	kõnede maksumust	See teenus võimaldab vaadata oma viimasena peetud kõne või kõikide ___kõnede___ ligikaudset ___maksumust___ .	40476	54
hulk	NOUN	Nom	Sing	õpilane	NOUN	Par	Plur	hulk õpilasi	Sageli haarab ___hulk___ ___õpilasi___ pärast tundi telefoni kätte , et teha kõne korrus allpool asuvale sõbrale .	40507	45
tüüp	NOUN	Par	Sing	vagun	NOUN	Par	Plur	tüüpi vaguneid	Tokios näeb sõitmas ronge , millel on kaht ___tüüpi___ ___vaguneid___ - mobiiliga ning mobiilita .	40511	16
kool	NOUN	Gen	Sing	söögi_raha	NOUN	Par	Sing	kooli söögiraha	Kui lapsel on taskus kuukaart ja ___kooli___ ___söögiraha___ makstud , siis milleks talle raha ?	40570	1013
raha	NOUN	Gen	Sing	väärtus	NOUN	Par	Sing	raha väärtust	Tead ___raha___ ___väärtust___ ning oskad oma tulud ja kulud tasakaalus hoida .	40664	255
trenn	NOUN	Par	Sing	asi	NOUN	Par	Sing	trenni asja	Välistatud on narkootikumid ning ka alkoholi tarvitavatel inimestel pole ___trenni___ ___asja___ .	40704	160
eestlane	NOUN	Gen	Plur	breigi_trupp	NOUN	Par	Sing	eestlaste breigitruppe	Kuid viimasel ajal on rohkem tekkinud ka ___eestlaste___ ___breigitruppe___ .	40735	119
moslem	NOUN	Gen	Plur	komme	NOUN	Par	Plur	moslemite kombeid	Grete ütleb otse , et tema on feministlik eurooplanna , kes peab paljusid ___moslemite___ ___kombeid___ ahistavaks .	40868	4
pruut	NOUN	Gen	Sing	foto	NOUN	Par	Plur	pruudi fotosid	Karim käis ise Liibanonis - Grete ei saanud oma nooruse ja vallalisuse tõttu viisat - ning viis suguvõsale ___pruudi___ ___fotosid___ .	40873	6
mees	NOUN	Gen	Sing	tahe	NOUN	Par	Sing	mehe tahet	Grete kiidab ka ___mehe___ ___tahet___ sulada eesti kultuuri : iga päev küsib midagi uut Eesti ajaloo kohta ja loeb ärilehes ilmunud artiklite pealkirju .	40876	199
artikkel	NOUN	Gen	Plur	peal_kiri	NOUN	Par	Plur	artiklite pealkirju	Grete kiidab ka mehe tahet sulada eesti kultuuri : iga päev küsib midagi uut Eesti ajaloo kohta ja loeb ärilehes ilmunud ___artiklite___ ___pealkirju___ .	40876	55
mees	NOUN	Gen	Sing	kapital	NOUN	Par	Sing	mehe kapitali	Küllap peavad mõned Grete ja Karimi suhtest kuulnud inimesed tüdruku motiiviks ___mehe___ ___kapitali___ .	40884	199
jagu	NOUN	Par	Sing	vihm	NOUN	Par	Sing	jagu vihma	Pärnus sadas eile poole tunni jooksul maha 15 päeva normi ___jagu___ ___vihma___ , mis uputas kesklinnas bussijaama ümbruse põlvini ulatuva veega .	40963	5
manne_keen	NOUN	Gen	Sing	haige	NOUN	Par	Sing	mannekeeni haiget	Veel sai näitusel kuulata ___mannekeeni___ ___haiget___ ja tervet südant , maadelda sumoülikonnas , käia peeglilabürindis .	40974	3
liiklus_kiirus	NOUN	Par	Sing	märk	NOUN	Par	Plur	liikluskiirust märke	Nädalavahetusel ei suutnud mitu miljonit krooni maksva võimsa sportauto roolis istunud purjus mees Tallinna-Pärnu maanteel jälgida ___liikluskiirust___ piiravaid ___märke___ ja sõitis teelt suure kiirusega välja .	40977	2
seadus	NOUN	Gen	Plur	vastu_võtmine	NOUN	Par	Sing	seaduste vastuvõtmist	Kuidas tavainimesed saavad mõjutada ___seaduste___ ___vastuvõtmist___ ?	41136	33
riik	NOUN	Gen	Sing	iga_päeva_elu	NOUN	Par	Sing	riigi igapäevaelu	Eesti Vabariigi kõrgeim võimuorgan , kelle ülesanne on juhtida ___riigi___ ___igapäevaelu___ .	41138	184
riigi_elu	NOUN	Gen	Sing	küsimus	NOUN	Par	Plur	riigielu küsimusi	See organ võtab vastu seadusi , valib presidendi , otsustab rahvahääletuse korraldamise , võtab vastu riigieelarve ja lahendab muid ___riigielu___ ___küsimusi___ .	41141	1
pilt	NOUN	Gen	Sing	tegemine	NOUN	Par	Sing	pildi tegemist	Mis toimus enne ___pildi___ ___tegemist___ ?	41200	205
kuju	NOUN	Gen	Sing	valmistamine	NOUN	Par	Sing	kuju valmistamist	Enne järjekordse ___kuju___ ___valmistamist___ süvenevad nad kõigepealt tükiks ajaks raamatutesse .	41317	41
savi_pea	NOUN	Gen	Sing	valmimine	NOUN	Par	Sing	savipea valmimist	Pärast ___savipea___ ___valmimist___ võetakse sellelt kipsvorm .	41322	1
biitel	NOUN	Gen	Plur	plaat	NOUN	Par	Plur	Biitlite plaate	___Biitlite___ ___plaate___ on välja antud mitu miljonit .	41356	6
inimene	NOUN	Gen	Sing	elu	NOUN	Par	Sing	inimese elu	Kust hangiksid infot kuulsa ___inimese___ ___elu___ tutvustava kõne jaoks ?	41365	1323
avaldus	NOUN	Gen	Sing	andmine	NOUN	Par	Sing	avalduse andmist	Mitu kuud pärast ___avalduse___ ___andmist___ saab abielluda ?	41403	27
pilt	NOUN	Gen	Sing	tegemine	NOUN	Par	Sing	pildi tegemist	Kus nad olid enne ___pildi___ ___tegemist___ ?	41429	205
sand	NOUN	Par	Sing	klass	NOUN	Par	Sing	sandat klassi	Ma läksin sinna peale [ pärast ] ühek ___sandat___ ___klassi___ .	41500	2
kool	NOUN	Gen	Sing	lõpetamine	NOUN	Par	Sing	kooli lõpetamist	Aga mida sa kavatsed teha pärast ___kooli___ ___lõpetamist___ ?	41561	1013
kausi_täis	NOUN	Nom	Sing	toit	NOUN	Par	Sing	kausitäis toitu	Üks ___kausitäis___ ___toitu___ , kuivtoitu .	41593	1
puur	NOUN	Gen	Sing	sisu	NOUN	Par	Sing	puuri sisu	Neil tuleb pidevalt vahetada ___puuri___ ___sisu___ , neil peab olema närimiseks asju , kas siis puuoksi või midagi sellist .	41615	25
kogu	NOUN	Nom	Plur	raha	NOUN	Par	Sing	kogud raha	Kas sa ___kogud___ ka ___raha___ millegi jaoks ?	41695	8
tükk	NOUN	Nom	Sing	aeg	NOUN	Par	Sing	tükk aega	No veel ei ole saanud , aga ma arvan , et kui ta veel ___tükk___ ___aega___ nuiab , siis ma ikka annan talle selle raha .	41723	30
valik	NOUN	Nom	Sing	pliiatsei	NOUN	Par	Plur	valik pliiatseid	Nojah , meil on siin suur ___valik___ harilikke ___pliiatseid___ .	41758	56
pastapliiats	NOUN	Par	Sing	pliiats	NOUN	Par	Sing	pastapliiatsit pliiatsit	Kas teil on vaja kustutada ___pastapliiatsit___ või harilikku ___pliiatsit___ ?	41771	2
soe=m	NOUN	Par	Plur	riie	NOUN	Par	Plur	soemaid riideid	Ei , merele ma jah otseselt ei lähe , aga talvine aeg on kättejõudnud , et siis oleks vähe ___soemaid___ [ soojemaid ] ___riideid___ ikka vaja .	41828	1
muuseum	NOUN	Gen	Sing	ait	NOUN	Par	Sing	muuseumi aita	Tartus tegutsev teaduskeskus Ahhaa kolis juuliks Pärnu ___muuseumi___ ___aita___ .	41957	113
manne_keen	NOUN	Gen	Sing	haige	NOUN	Par	Sing	mannekeeni haiget	Veel sai näitusel kuulata ___mannekeeni___ ___haiget___ ja tervet südant ning kopse , maadelda sumoülikonnas ja käia peeglilabürindis .	41959	3
liiklus_kiirus	NOUN	Par	Sing	märk	NOUN	Par	Plur	liikluskiirust märke	Nädalavahetusel ei suutnud mitu miljonit krooni maksva võidusõiduauto roolis istunud purjus mees Tallinn-Haapsalu maanteel jälgida ___liikluskiirust___ piiravaid ___märke___ ja sõitis suure kiirusega teelt välja .	41969	2
laad	NOUN	Par	Sing	külmumine	NOUN	Par	Sing	laadi külmumist	Aga , kas on ka tõsisemat ___laadi___ ___külmumist___ ?	41990	6
laad	NOUN	Par	Sing	külmumine	NOUN	Par	Sing	laadi külmumist	Võib esineda tõsisemat ___laadi___ ___külmumist___ siis , kui inimene on pikka aega suure külma käes ja siis võivad esineda suured kahjustused ja sellisel korral on muidugi arstiabi väga oluline , et ei teeks sellist esmaabivõtet , et paneb selle jala või käe kuuma vette ja sellisel juhul võib tekkida väga raske kahjustus .	41991	6
arst	NOUN	Gen	Sing	konsultatsioon	NOUN	Par	Sing	arsti konsultatsiooni	Kui on raske kuumarabandus , siis tuleb kindlasti arsti poole pöörduda , sest südamehaigetel ja ja väikelastel võivad esineda väga tõsised terviserikked ja sellisel juhul on kindlasti vaja ___arsti___ ___konsultatsiooni___ .	42011	101
paar	NOUN	Gen	Sing	pluus	NOUN	Par	Plur	paari pluuse	Et peab olema ikka mitu paari pükse ja mitu ___paari___ ___pluuse___ ja .	42070	4
kool	NOUN	Gen	Sing	käe_käik	NOUN	Par	Sing	kooli käekäiku	No tänapäeva koolides on sihuke [ selline ] uudne süsteem , et iga klass valib enda seast esindaja või esindajad , kes lähevad õpilasomavalitsusse , ja nõnda saab ka klass juhtida oma ___kooli___ ___käekäiku___ ja tegemisi .	42167	1013
biitel	NOUN	Gen	Plur	plaat	NOUN	Par	Sing	biitlite plaati	Ühe kuuga müüdi kaks koma viis miljonit ___biitlite___ ___plaati___ .	42241	6
biitel	NOUN	Gen	Plur	soeng	NOUN	Par	Plur	biitlite soenguid	Noored matkisid ___biitlite___ ___soenguid___ ja riietumisstiili .	42242	6
gümnaasium	NOUN	Gen	Sing	lõpetamine	NOUN	Par	Sing	gümnaasiumi lõpetamist	Pärast ___gümnaasiumi___ ___lõpetamist___ teenis ta kaks aastat sõjaväes ning õppis ülikoolis majandust , riigiteadust , sotsioloogiat ja ajalugu .	42254	37
lill	NOUN	Gen	Plur	vastu_võtmine	NOUN	Par	Sing	lillede vastuvõtmist	Valmistudes tulevaseks ametiks pidi ta lisaks muule harjutama ka lastelt ___lillede___ ___vastuvõtmist___ ning pikkade ja igavate kõnede kuulamist .	42255	124
kõne	NOUN	Gen	Plur	kuulamine	NOUN	Par	Sing	kõnede kuulamist	Valmistudes tulevaseks ametiks pidi ta lisaks muule harjutama ka lastelt lillede vastuvõtmist ning pikkade ja igavate ___kõnede___ ___kuulamist___ .	42255	54
