lemma	POS	total
.	PUNCT	110541
,	PUNCT	104587
mina	PRON	74742
olema	AUX	71227
ja	CCONJ	46414
see	PRON	28769
et	SCONJ	24705
sina	PRON	24200
ei	AUX	16615
tema	PRON	15132
inimene	NOUN	14600
!	PUNCT	12439
tahtma	VERB	12031
see	DET	11945
väga	ADV	11915
mis	PRON	11232
kui	SCONJ	10840
ka	ADV	8973
olema	VERB	8718
sest	SCONJ	8490
aga	CCONJ	8429
meeldima	VERB	8227
oma	PRON	8195
saama	AUX	8113
tegema	VERB	8006
palju	ADV	7932
saama	VERB	7225
kool	NOUN	6985
pidama	AUX	6942
hea	ADJ	6571
keel	NOUN	6542
võima	AUX	6478
kõik	PRON	6388
toimuma	VERB	5959
?	PUNCT	5793
kes	PRON	5669
sõber	NOUN	5579
seal	ADV	5437
aeg	NOUN	5353
siis	ADV	5150
või	CCONJ	5132
minema	VERB	4999
arvama	VERB	4953
õppima	VERB	4945
nii	ADV	4739
ning	CCONJ	4729
kell	NOUN	4497
elu	NOUN	4493
õpilane	NOUN	4401
rohkem	ADV	4257
kõik	DET	4205
tere	INTJ	4192
tulema	VERB	4184
muusika	NOUN	4092
teadma	VERB	4030
eesti	ADJ	3961
ütlema	VERB	3868
Eesti	PROPN	3845
klass	NOUN	3809
kirjutama	VERB	3707
elama	VERB	3691
probleem	NOUN	3667
ise	PRON	3615
spordi_päev	NOUN	3573
kuidas	ADV	3464
mängima	VERB	3409
võtma	VERB	3392
arvamus	NOUN	3386
ainult	ADV	3324
""""	PUNCT	3305
käima	VERB	3276
rääkima	VERB	3250
erinev	ADJ	3239
vaja	ADV	3163
päev	NOUN	3142
teine	DET	3090
ootama	VERB	3033
Mari	PROPN	2996
iga	DET	2957
uus	ADJ	2951
veel	ADV	2927
suur	ADJ	2905
kõige	ADV	2886
töö	NOUN	2878
kas	ADV	2806
:	PUNCT	2673
kus	ADV	2671
miski	PRON	2657
kallis	ADJ	2648
asi	NOUN	2625
mõtlema	VERB	2604
Mart	PROPN	2491
näiteks	ADV	2486
noor	NOUN	2421
üks	DET	2382
huvitav	ADJ	2333
teine	PRON	2283
osa	NOUN	2270
aasta	NOUN	2223
mitte	ADV	2170
kohvik	NOUN	2149
kursus	NOUN	2142
pärast	ADP	2142
hakkama	VERB	2129
vaatama	VERB	2081
aitama	VERB	2054
õpetaja	NOUN	2041
juba	ADV	2038
töötama	VERB	1955
kiri	NOUN	1935
võimalus	NOUN	1928
kutsuma	VERB	1915
selline	DET	1886
kuid	CCONJ	1880
hästi	ADV	1873
tund	NOUN	1869
raske	ADJ	1860
algama	VERB	1830
film	NOUN	1816
ekskursioon	NOUN	1800
valima	VERB	1799
laager	NOUN	1771
praegu	ADV	1733
nagu	SCONJ	1719
sõitma	VERB	1688
jaoks	ADP	1686
maa_ilm	NOUN	1680
pere	NOUN	1680
Mets	PROPN	1651
jääma	VERB	1648
vastus	NOUN	1622
kuulama	VERB	1620
andma	VERB	1616
aine	NOUN	1614
laps	NOUN	1590
kord	NOUN	1589
positiivne	ADJ	1573
nädal	NOUN	1571
parem	ADJ	1547
inglise	ADJ	1544
mõni	DET	1537
tehnika	NOUN	1537
)	PUNCT	1509
alati	ADV	1487
ilus	ADJ	1484
Tallinn	PROPN	1482
eest	ADP	1481
soovima	VERB	1480
(	PUNCT	1448
kaasa	ADV	1433
gümnaasium	NOUN	1426
koht	NOUN	1416
pakkuma	VERB	1413
koos	ADP	1408
nägema	VERB	1407
täna_päev	NOUN	1405
pidu	NOUN	1397
aru	NOUN	1394
riik	NOUN	1384
leidma	VERB	1381
nõus	ADV	1364
tulevik	NOUN	1362
vanem	NOUN	1339
kodu	NOUN	1337
teadus	NOUN	1335
sööma	VERB	1333
kuna	SCONJ	1321
areng	NOUN	1319
kaks	NUM	1312
osalema	VERB	1286
suhtlema	VERB	1274
keegi	PRON	1270
oskama	VERB	1265
maksma	VERB	1259
meel	NOUN	1257
lihtsalt	ADV	1245
kui	ADV	1220
selle_pärast	ADV	1215
tore	ADJ	1210
panema	VERB	1201
põlvkond	NOUN	1200
üks	NUM	1190
lugu_pidamine	NOUN	1184
lõpetama	VERB	1162
väide	NOUN	1134
esimene	ADJ	1124
tegelema	VERB	1114
kuulsus	NOUN	1101
linn	NOUN	1101
reis	NOUN	1094
-	PUNCT	1091
avaldama	VERB	1090
palju	DET	1086
järgmine	ADJ	1085
lugu_peetud	ADJ	1078
kontsert	NOUN	1072
euro	NOUN	1063
mingi	DET	1061
isegi	ADV	1057
siin	ADV	1050
tekkima	VERB	1045
huvi	NOUN	1044
edasi	ADV	1023
küsimus	NOUN	1022
_	X	1016
võitma	VERB	1013
väike	ADJ	1008
tundma	VERB	1005
Tartu	PROPN	1004
siduma	VERB	1003
kohta	ADP	995
välja	ADV	994
ise	ADV	989
lootma	VERB	980
jalutama	VERB	958
nimi	NOUN	957
aga	ADV	955
negatiivne	ADJ	952
mõte	NOUN	944
nüüd	ADV	943
muutuma	VERB	937
üritus	NOUN	932
jalg_pall	NOUN	929
ära	ADV	920
kui	CCONJ	918
kogu	DET	913
matemaatika	NOUN	890
paluma	VERB	885
sünni_päev	NOUN	876
juures	ADP	870
internet	NOUN	861
lugema	VERB	859
kokku_võte	NOUN	854
lahendama	VERB	852
eri_arvamus	NOUN	851
just	ADV	849
võimalik	ADJ	849
muutma	VERB	848
reede	NOUN	848
Maasikas	PROPN	843
eestlane	NOUN	840
proovima	VERB	838
püüdma	VERB	836
halb	ADJ	835
arvuti	NOUN	831
lõppema	VERB	831
kahjuks	ADV	826
esinema	VERB	825
küsima	VERB	814
õppimine	NOUN	811
varem	ADV	807
külg	NOUN	806
au_hind	NOUN	805
edu	NOUN	805
peale	ADP	804
tooma	VERB	803
loodus	NOUN	801
jutustama	VERB	797
vahel	ADP	796
mai	NOUN	795
üldse	ADV	795
õige	ADJ	793
tähtis	ADJ	792
vana	ADJ	786
olu_kord	NOUN	777
poolt	ADV	775
miks	ADV	773
telefon	NOUN	771
näitleja	NOUN	769
kunagi	ADV	767
kasutama	VERB	756
noor	ADJ	750
aja_leht	NOUN	744
oluline	ADJ	742
info_päev	NOUN	739
tihti	ADV	739
arenema	VERB	738
eile	ADV	735
kestma	VERB	735
muuseum	NOUN	735
raha	NOUN	728
kolm	NUM	723
abi	NOUN	713
tänu	ADP	709
ema	NOUN	706
esmas_päev	NOUN	706
mäng	NOUN	703
samuti	ADV	703
tervitama	VERB	701
pingutama	VERB	700
Anna	PROPN	698
muidugi	ADV	692
üks	PRON	691
jõudma	VERB	678
üle	ADP	677
ilma	ADP	670
sõbralik	ADJ	670
sõna	NOUN	669
kasulik	ADJ	667
suvi	NOUN	665
vaba	ADJ	659
kuulus	ADJ	652
koos	ADV	644
kuhu	ADV	641
veetma	VERB	641
millal	ADV	640
keele_laager	NOUN	638
põnev	ADJ	635
viimane	ADJ	635
paar	NUM	631
raiskama	VERB	630
kiiresti	ADV	629
tuju	NOUN	629
milline	ADJ	627
toit	NOUN	625
kindlasti	ADV	612
liiga	ADV	611
tagasi	ADP	610
pärast	ADV	609
kogemus	NOUN	608
sport	NOUN	608
juuni	NOUN	606
terve	DET	603
uudis	NOUN	603
armastama	VERB	602
jooma	VERB	597
elu_kutse	NOUN	594
muretsemine	NOUN	592
juhtuma	VERB	587
laul	NOUN	585
teema	NOUN	580
huvitama	VERB	572
Tere	PROPN	570
näitama	VERB	570
teadmine	NOUN	570
tõeline	ADJ	568
avama	VERB	563
helistama	VERB	563
korraldama	VERB	559
sõltuma	VERB	558
igav	ADJ	556
kohtuma	VERB	553
info	NOUN	552
otsima	VERB	552
korv_pall	NOUN	549
tüdruk	NOUN	549
koolitus	NOUN	548
kokku	ADV	546
plaan	NOUN	545
ühiskond	NOUN	543
klassikaaslane	NOUN	542
kuulma	VERB	539
töö_tuba	NOUN	539
Laura	PROPN	535
enne	ADP	535
päris	ADV	533
vastu	ADP	529
üli_kool	NOUN	527
eelmine	ADJ	521
lihtsam	ADJ	521
mõni_kord	ADV	520
oskus	NOUN	518
pilet	NOUN	518
miinus	NOUN	517
enam	ADV	513
poiss	NOUN	511
umbes	ADV	511
pluss	NOUN	509
välis_maa	NOUN	509
neli	NUM	507
vaid	CCONJ	507
sama	DET	506
sobima	VERB	505
hommik	NOUN	504
tutvuma	VERB	504
jooksul	ADP	502
direktor	NOUN	501
lõpp	NOUN	499
jooksma	VERB	498
amet	NOUN	494
teine	ADJ	487
mõni	PRON	484
õhtu	NOUN	483
staadion	NOUN	482
12.	ADJ	479
varsti	ADV	478
2	NUM	475
istuma	VERB	474
tagasi	ADV	471
mets	NOUN	470
parim	ADJ	470
laulma	VERB	469
lõbus	ADJ	469
kuu	NOUN	468
tegevus	NOUN	468
tutvustama	VERB	468
kooli_vahe_aeg	NOUN	460
soov	NOUN	460
selg	NOUN	457
algus	NOUN	456
3	NUM	454
külastama	VERB	454
asuma	VERB	453
otsustama	VERB	452
võrk_pall	NOUN	452
muretsema	VERB	451
pikk	ADJ	450
põhjus	NOUN	449
natuke	ADV	448
ostma	VERB	448
kaua	ADV	447
kohe	ADV	447
palk	NOUN	446
üles_anne	NOUN	446
alustama	VERB	445
isa	NOUN	441
Karl	PROPN	437
töö_varju_päev	NOUN	437
ikka	ADV	436
täna	ADV	436
mitu	DET	434
esiteks	ADV	432
nimel	ADP	427
kindel	ADJ	426
eriti	ADV	422
mure	NOUN	422
kava	NOUN	419
vastama	VERB	419
5	NUM	418
auto	NOUN	418
pidama	VERB	416
tee	NOUN	414
pilt	NOUN	413
märts	NOUN	411
riie	NOUN	410
tähendama	VERB	409
viis	NUM	408
kultuur	NOUN	405
küll	ADV	403
tunn	NOUN	403
vaid	ADV	401
buss	NOUN	400
vajalik	ADJ	400
meedia	NOUN	399
hetk	NOUN	398
park	NOUN	398
situatsioon	NOUN	398
suurem	ADJ	398
tohtima	AUX	396
kasu	NOUN	395
unustama	VERB	395
10	NUM	394
poolt	ADP	394
lihtne	ADJ	393
vene	ADJ	392
puhkama	VERB	391
saatma	VERB	391
tunne	NOUN	391
paremini	ADV	388
programm	NOUN	388
iga_üks	PRON	387
konkurss	NOUN	387
edukas	ADJ	386
Mihkel	PROPN	385
pea	NOUN	384
roll	NOUN	384
õu	NOUN	384
ilm	NOUN	382
see_tõttu	ADV	381
pall	NOUN	380
vajama	VERB	375
katkestama	VERB	372
tuba	NOUN	372
vesi	NOUN	371
pool	NOUN	369
tunduma	VERB	369
lisa	NOUN	367
Narva	PROPN	366
suutma	VERB	366
looma	VERB	365
mugav	ADJ	365
Saare_maa	PROPN	364
sõbranna	NOUN	364
valik	NOUN	363
sinna	ADV	362
tõttu	ADP	361
võistlus	NOUN	361
ajal	ADP	360
hind	NOUN	359
aja_lugu	NOUN	358
osaliselt	ADV	358
kiire	ADJ	354
hoidma	VERB	352
vanem	ADJ	352
maa	NOUN	350
käsi	NOUN	349
;	PUNCT	345
arendama	VERB	345
söök	NOUN	345
hüppama	VERB	343
kuni	CCONJ	342
loom	NOUN	342
ette	ADV	341
tänama	VERB	339
homme	ADV	338
kuigi	SCONJ	338
aprill	NOUN	336
palju	PRON	336
juht	NOUN	335
nii_moodi	ADV	334
kodu_maa	NOUN	333
tasu	NOUN	333
eksam	NOUN	332
korras	ADJ	332
parandama	VERB	332
tegelikult	ADV	331
ikkagi	ADV	330
sündima	VERB	330
läbi	ADV	329
joonistama	VERB	328
12	NUM	326
Kask	PROPN	326
kasvama	VERB	324
pea_aegu	ADV	324
reisima	VERB	324
tehnoloogia	NOUN	324
tervis	NOUN	324
õpetama	VERB	321
lõpuks	ADV	318
teiseks	ADV	318
vähe	ADV	318
ega	CCONJ	316
rahvas	NOUN	316
täpselt	ADV	316
nuti_laager	NOUN	315
raskus	NOUN	315
Tamm	PROPN	314
teisi_päev	NOUN	313
raamat	NOUN	311
tähele_panu	NOUN	311
kartma	VERB	310
Liisa	PROPN	305
huvi_ring	NOUN	305
15	NUM	304
saavutama	VERB	304
kõrg_kool	NOUN	303
tavaliselt	ADV	303
ööbima	VERB	303
Televisioon	PROPN	302
maja	NOUN	302
idee	NOUN	301
kolma_päev	NOUN	299
juurde	ADP	296
registreerima	VERB	296
lahendus	NOUN	295
tark	ADJ	294
4	NUM	293
Inglis_maa	PROPN	293
aitäh	INTJ	293
õnnelik	ADJ	293
mugavam	ADJ	292
täiesti	ADV	292
astuma	VERB	291
nelja_päev	NOUN	291
mõjutama	VERB	290
tõesti	ADV	290
valimine	NOUN	289
restoran	NOUN	288
number	NOUN	287
tegelemine	NOUN	287
vähem	ADV	287
peo	NOUN	286
rahul	ADV	285
see_pärast	ADV	284
viima	VERB	283
kergem	ADJ	281
arst	NOUN	280
tähtsam	ADJ	278
selline	ADJ	277
uskuma	VERB	275
kodu_koht	NOUN	273
laulja	NOUN	272
klassi_juhataja	NOUN	271
läbima	VERB	271
maitsev	ADJ	271
1	NUM	270
sajand	NOUN	269
9	NUM	268
informatsioon	NOUN	268
15.	ADJ	267
pood	NOUN	267
ees_märk	NOUN	266
mäletama	VERB	262
rõõmus	ADJ	262
soe	ADJ	260
tekitama	VERB	260
keele_oskus	NOUN	259
pildistamine	NOUN	257
lapse_põlv	NOUN	256
populaarne	ADJ	256
viga	NOUN	256
kümme	NUM	251
tegemine	NOUN	251
kooli_leht	NOUN	249
tugev	ADJ	249
valmistama	VERB	249
paranema	VERB	248
organiseerima	VERB	247
paha	ADJ	247
kuni	ADP	246
õpima	VERB	246
30	NUM	245
lugu	NOUN	245
eri_ala	NOUN	244
üheksa	NUM	243
trenn	NOUN	242
vastu	ADV	241
õigesti	ADV	241
väljendama	VERB	240
lennuk	NOUN	238
siiski	ADV	238
meeldiv	ADJ	237
ammu	ADV	236
jooks	NOUN	236
ju	ADV	236
muu	DET	236
suhtlemine	NOUN	236
grupp	NOUN	235
ilu_tulestik	NOUN	235
haridus	NOUN	234
hiljuti	ADV	234
tavaline	ADJ	233
tel	NOUN	233
seega	ADV	232
kevad_pidu	NOUN	231
vastu_argument	NOUN	231
montaaž	NOUN	229
bänd	NOUN	228
jne	ADV	228
ujuma	VERB	227
ema_keel	NOUN	225
emotsioon	NOUN	225
lahendamine	NOUN	225
praegune	ADJ	225
valdkond	NOUN	225
tantsima	VERB	223
õnnestuma	VERB	222
üsna	ADV	220
+372	NUM	219
ehk	CCONJ	219
jook	NOUN	219
meeter	NOUN	217
turismi_talu	NOUN	217
keskus	NOUN	216
Pärnu	PROPN	215
huvi_juht	NOUN	215
kurb	ADJ	215
muu	PRON	215
mälestus	NOUN	215
rahulik	ADJ	215
Mere	PROPN	214
meelest	ADP	214
silm	NOUN	214
suure_pärane	ADJ	214
kolmas	ADJ	212
lau_päev	NOUN	212
reegel	NOUN	212
konsert	NOUN	211
20.-25.	ADJ	210
kogu_aeg	ADV	210
nautima	VERB	210
Üli_kool	PROPN	210
jätma	VERB	209
kõige_pealt	ADV	209
planeerima	VERB	209
vali	NOUN	209
vihm	NOUN	208
puutuma	VERB	207
samas	ADV	207
keemia	NOUN	206
Toomas	PROPN	205
valmis	ADJ	205
september	NOUN	204
kuulamine	NOUN	202
vana_ema	NOUN	202
aula	NOUN	201
kuus	NUM	201
meri	NOUN	201
seletus_kiri	NOUN	201
valesti	ADV	201
praktika	NOUN	200
erinema	VERB	199
stress	NOUN	199
raskem	ADJ	197
abil	ADP	196
8	NUM	195
mõistma	VERB	194
sõidu_tund	NOUN	194
20.	ADJ	193
Kadri	PROPN	193
ise_loom	NOUN	193
kino	NOUN	193
12.00	NUM	192
kujutama	VERB	192
normaalne	ADJ	192
üks_teise	PRON	192
parem	ADV	191
tulemus	NOUN	191
üheksas	ADJ	191
kokku_võtt	NOUN	190
külm	ADJ	190
keva_dkontsert	NOUN	189
läbi	ADP	189
pool	NUM	189
seoses	ADP	188
17.00	NUM	187
puuduma	VERB	187
tuttav	NOUN	187
viis	NOUN	187
abi_valmis	ADJ	186
koll	NOUN	186
jagama	VERB	185
käituma	VERB	185
aktiivne	ADJ	184
kaheksa	NUM	184
loeng	NOUN	184
nuti_telefon	NOUN	184
stiil	NOUN	184
Gümnaasium	PROPN	183
kiiremini	ADV	183
lubama	VERB	183
Martin	PROPN	182
huvitavam	ADJ	182
ümber	ADP	181
kord	ADV	180
7	NUM	179
komm	NOUN	179
süda	NOUN	179
tort	NOUN	179
6	NUM	178
haigus	NOUN	178
konflikt	NOUN	178
kuulutus	NOUN	178
magama	VERB	178
teater	NOUN	178
koer	NOUN	177
seoma	VERB	177
terve	ADJ	177
kevad_peo	NOUN	176
perekond	NOUN	176
vaatamata	ADP	176
Maria	PROPN	175
suhe	NOUN	175
ei	ADV	174
kriitika	NOUN	174
lisama	VERB	174
vend	NOUN	174
20	NUM	173
filmimine	NOUN	173
halvasti	ADV	173
jätkama	VERB	173
laua_mäng	NOUN	173
seletama	VERB	173
aina	ADV	171
korraldus_komitee	NOUN	171
näide	NOUN	171
seotud	ADJ	171
teooria_tund	NOUN	171
natukene	ADV	170
peal	ADP	170
pigem	ADV	170
ühis_elamu	NOUN	170
Saar	PROPN	169
kohustuslik	ADJ	169
pildi_töötlus	NOUN	169
vabalt	ADV	169
00	NUM	168
a	NOUN	168
järgi	ADP	168
kaotama	VERB	168
Siim	PROPN	167
Tiina	PROPN	167
liikuma	VERB	167
nimetama	VERB	167
sõiduki_juht	NOUN	167
sugulane	NOUN	166
tagasi_side	NOUN	166
16	NUM	165
rahule	ADV	165
siia	ADV	165
kavatsema	VERB	164
kerge	ADJ	164
lemmik	NOUN	164
sõbra	NOUN	164
15.00	NUM	163
Keku	PROPN	163
iga_sugune	DET	163
jah	ADV	163
laud	NOUN	163
märkama	VERB	163
teama	VERB	163
Vene_maa	PROPN	162
poole	ADP	162
ise_enese	PRON	161
klassi_kaaslane	NOUN	161
tants	NOUN	161
puhas	ADJ	160
eriline	ADJ	159
lahe	ADJ	159
matk	NOUN	159
õppilane	NOUN	159
korraldus	NOUN	158
lõpetamine	NOUN	158
_	NUM	157
jaanuar	NOUN	157
armastus	NOUN	156
pill	NOUN	156
üllatus	NOUN	156
tase	NOUN	155
traditsioon	NOUN	155
töö_koht	NOUN	155
töö_päev	NOUN	155
jäätis	NOUN	154
minut	NOUN	154
silma_ring	NOUN	154
rõõm	NOUN	153
se	PRON	153
kunst	NOUN	152
räägima	VERB	152
seas	ADP	152
õde	NOUN	152
kohv	NOUN	151
hotell	NOUN	150
jalg	NOUN	150
väärtus	NOUN	150
üles	ADV	150
Soome	PROPN	149
giid	NOUN	149
jõud	NOUN	149
sarnane	ADJ	149
spordi_saal	NOUN	149
taeva_täht	NOUN	149
õigus	NOUN	149
eksami_periood	NOUN	148
harjuma	VERB	148
kaduma	VERB	148
puhkus	NOUN	148
rühm	NOUN	148
vaga	ADV	148
viskama	VERB	148
huvita=tud	ADJ	147
kahju	NOUN	147
laskma	VERB	147
vastutama	VERB	147
väljas	ADV	147
armas	ADJ	146
arvuti_mäng	NOUN	146
küla	NOUN	146
mõtlemine	NOUN	146
nii_sugune	DET	146
seitsmes	ADJ	146
soovitama	VERB	146
uurima	VERB	146
üks_kõik	ADV	146
kiirem	ADJ	145
magus	ADJ	145
oma_vahel	ADV	145
piisavalt	ADV	145
positiivselt	ADV	145
tekst	NOUN	145
iga	PRON	144
kontakt	NOUN	144
uhke	ADJ	144
komme	NOUN	143
naine	NOUN	143
nägu	NOUN	143
juuli	NOUN	142
töökas	ADJ	142
tänu	NOUN	141
täpsustama	VERB	141
üldiselt	ADV	141
arust	ADP	140
e-post	NOUN	140
isik	NOUN	140
pildistama	VERB	140
vähemalt	ADV	140
üle	ADV	140
füüsika	NOUN	139
lahkuma	VERB	139
leiduma	VERB	139
muusika_kool	NOUN	139
programmeeri=mine	NOUN	139
ääres	ADP	139
14.00	NUM	138
seisma	VERB	138
sisse	ADV	138
sõidu_tunne	NOUN	138
nõustuma	VERB	137
vale	ADJ	137
Kerli	PROPN	136
kehaline	ADJ	136
robootika	NOUN	136
mees	NOUN	135
politseinik	NOUN	135
vahel	ADV	135
enamus	NOUN	134
haige	ADJ	134
inimkond	NOUN	134
juhataja	NOUN	134
kirjutamine	NOUN	134
segama	VERB	134
seitse	NUM	134
sõltuvus	NOUN	133
tänav	NOUN	133
äev	NOUN	133
austama	VERB	132
käitumine	NOUN	132
mis_sugune	DET	132
sein	NOUN	132
sõitmine	NOUN	132
tasuma	VERB	132
vana_linn	NOUN	132
vestlema	VERB	132
üha	ADV	132
keskkond	NOUN	131
võrdlema	VERB	131
rand	NOUN	130
16.00	NUM	129
eesti_keelne	ADJ	129
esitama	VERB	129
kuidagi	ADV	129
pidevalt	ADV	129
pikniku_laud	NOUN	129
põhi_kool	NOUN	129
teenima	VERB	129
lahke	ADJ	128
„	PUNCT	128
masin	NOUN	127
osalemine	NOUN	127
stadioon	NOUN	127
teatri_grupp	NOUN	127
teisiti	ADV	127
toetama	VERB	127
õhk	NOUN	127
aus	ADJ	126
saamine	NOUN	126
spordi_riie	NOUN	126
teade	NOUN	126
kitukas	NOUN	125
sada	NUM	125
auto_kool	NOUN	124
kokk	NOUN	124
side	NOUN	124
teate_jooks	NOUN	124
ühendama	VERB	124
Vene	PROPN	123
foto	NOUN	123
hiljem	ADV	123
hindama	VERB	123
omandama	VERB	123
restoraan	NOUN	123
14	NUM	122
50	NUM	122
noorem	ADJ	122
paik	NOUN	122
Eesti_maa	PROPN	121
asemel	ADP	121
olulisem	ADJ	121
pöörama	VERB	121
ees	ADP	120
keskenduma	VERB	120
13.00	NUM	119
arvestama	VERB	119
eelistama	VERB	119
esindaja	NOUN	119
selgitama	VERB	119
sisse_astumis_eksam	NOUN	119
täna_päevane	ADJ	119
ära	AUX	119
sealt	ADV	118
vabadus	NOUN	118
enamasti	ADV	117
kuskil	ADV	117
leiutama	VERB	117
lähedal	ADP	117
must	ADJ	117
sooritama	VERB	117
töötaja	NOUN	117
60	NUM	116
hoopis	ADV	116
iga_päevane	ADJ	116
osalus_tasu	NOUN	116
selge	ADJ	116
vanasti	ADV	116
arutlema	VERB	115
kasvatus	NOUN	115
käest	ADP	115
loomulikult	ADV	115
pool	ADV	115
ringi	ADV	115
robot	NOUN	115
tuntud	ADJ	115
video	NOUN	115
väitma	VERB	115
enne	ADV	114
hea	NOUN	114
kinni	ADV	114
lõuna_söök	NOUN	114
nuti_seade	NOUN	114
tsau	INTJ	114
10.00	NUM	113
kuulsam	ADJ	113
suhtuma	VERB	113
tõsine	ADJ	113
variant	NOUN	113
võimatu	ADJ	113
Mari	NOUN	112
arv	NOUN	112
kaebama	VERB	112
keeruline	ADJ	112
kook	NOUN	112
saade	NOUN	112
argument	NOUN	111
bioloogia	NOUN	111
gümnaasiumiõpilane	NOUN	111
kooli_kaaslane	NOUN	111
kõrval	ADP	111
lemmik	ADJ	111
maitse	NOUN	111
mood	NOUN	111
mõjuma	VERB	111
saal	NOUN	111
seen	NOUN	111
sündmus	NOUN	111
teel	ADP	111
muutus	NOUN	110
ühine	ADJ	110
lendama	VERB	109
taga	ADP	109
viimati	ADV	109
õhtune	ADJ	109
avastama	VERB	108
juhtima	VERB	108
meloodia	NOUN	108
teatama	VERB	108
välimus	NOUN	108
elektroonika	NOUN	107
jargmine	ADJ	107
kuhugi	ADV	107
motivatsioon	NOUN	107
puhul	ADP	107
puu	NOUN	107
15.-17.	ADJ	106
alles	ADV	106
energia	NOUN	106
halvem	ADJ	106
laev	NOUN	106
lühike	ADJ	106
mangima	VERB	106
rahulikult	ADV	106
väärtustama	VERB	106
võimaldama	VERB	106
isiklikult	ADV	105
kaa	ADV	105
kandma	VERB	105
kaugus	NOUN	105
tänulik	ADJ	105
väljas_pool	ADP	105
võib-olla	ADV	105
9.	ADJ	104
e-mail	NOUN	104
pime	NOUN	104
ruum	NOUN	104
valmistumine	NOUN	104
100	NUM	103
erinevus	NOUN	103
grammatika	NOUN	103
meele_olu	NOUN	103
otsus	NOUN	103
püks	NOUN	103
rahvaste_pall	NOUN	103
tõstma	VERB	103
töö_vihik	NOUN	103
21.	ADJ	102
ainuke	ADJ	102
jälle	ADV	102
osaleja	NOUN	102
raadio	NOUN	102
raiskamine	NOUN	102
seisu_koht	NOUN	102
tingimus	NOUN	102
all	ADP	101
juurde	ADV	101
kaks_kümmend	NUM	101
vahva	ADJ	101
vältima	VERB	101
ühendus	NOUN	101
kaasas	ADV	100
koristama	VERB	100
lill	NOUN	100
maha	ADV	100
mull	PRON	100
nägemine	NOUN	100
pikkus	NOUN	100
püha_päev	NOUN	100
suhtlus_keel	NOUN	100
veenduma	VERB	100
õnn	NOUN	100
üksinda	ADV	100
isiklik	ADJ	99
jutt	NOUN	99
kiir_kursus	NOUN	99
korjama	VERB	99
unistus	NOUN	99
vaidlema	VERB	99
vana_isa	NOUN	99
Internet	PROPN	98
ise_seisvalt	ADV	98
kaudu	ADP	98
mõju	NOUN	98
omadus	NOUN	98
sportlane	NOUN	98
süsteem	NOUN	98
võtima	VERB	98
5Miinust	PROPN	97
milline	DET	97
mulje	NOUN	97
poolest	ADP	97
suurim	ADJ	97
sõidma	VERB	97
vahetama	VERB	97
18	NUM	96
Saksa_maa	PROPN	96
gümnaasiumi_õpilane	NOUN	96
laulu_pidu	NOUN	96
müüma	VERB	96
11	NUM	95
eba_õnnestuma	VERB	95
korter	NOUN	95
kuues	ADJ	95
kõikjal	ADV	95
kontrollima	VERB	94
kuuluma	VERB	94
minevik	NOUN	94
sport_mäng	NOUN	94
sõda	NOUN	94
tubli	ADJ	94
avatud	ADJ	93
ehitama	VERB	93
grillimine	NOUN	93
jooksmine	NOUN	93
kass	NOUN	93
mainima	VERB	93
päike	NOUN	93
sobiv	ADJ	93
võttama	VERB	93
kodu_töö	NOUN	92
muidu	ADV	92
televiisor	NOUN	92
valge	ADJ	92
värske	ADJ	92
üksi	ADV	92
Kohtla-Järve	PROPN	91
Sergei	PROPN	91
harjutus	NOUN	91
kohtumine	NOUN	91
kust	ADV	91
looma_aed	NOUN	91
sees	ADP	91
teist_moodi	ADV	91
teooria	NOUN	91
vastu_pidi	ADV	91
13	NUM	90
9.00	NUM	90
ala	NOUN	90
aut_oju_hikursu	NOUN	90
hobi	NOUN	90
iga_päevaselt	ADV	90
kaasnema	VERB	90
kaheksas	ADJ	90
kevad	NOUN	90
leiutis	NOUN	90
sageli	ADV	90
tere,_kall	ADJ	90
tuttav	ADJ	90
vanus	NOUN	90
12:	NUM	89
5.	ADJ	89
hinne	NOUN	89
korrus	NOUN	89
laste_aed	NOUN	89
stadion	NOUN	89
tool	NOUN	89
ettevalmistus_kursus	NOUN	88
ilma	ADV	88
kirjandus	NOUN	88
kolima	VERB	88
kõrva_klapp	NOUN	88
maasikas	NOUN	88
mõnus	ADJ	88
unistama	VERB	88
vabandama	VERB	88
jalg_ratas	NOUN	87
karjuma	VERB	87
laiendama	VERB	87
muusika_stiil	NOUN	87
tantma	VERB	87
töö_vihikus	NOUN	87
viies	ADJ	87
16:	NUM	86
laisk	ADJ	86
roheline	ADJ	86
soobima	VERB	86
supp	NOUN	86
vahe_aeg	NOUN	86
1.	ADJ	85
18.00	NUM	85
abi_turient	NOUN	85
kabinet	NOUN	85
kasvatama	VERB	85
loss	NOUN	85
pikem	ADJ	85
sattuma	VERB	85
vahend	NOUN	85
veelgi	ADV	85
aktuaalne	ADJ	84
hulk	NOUN	84
ilmuma	VERB	84
kingitus	NOUN	84
kõrge	ADJ	84
pirukas	NOUN	84
ravim	NOUN	84
salat	NOUN	84
üritama	VERB	84
Tere	INTJ	83
aadress	NOUN	83
karjäär	NOUN	83
kesk_linn	NOUN	83
matkama	VERB	83
motiveerima	VERB	83
pruukima	VERB	83
põhjal	ADP	83
sinine	ADJ	83
telefoni_number	NOUN	83
tudeng	NOUN	83
viisakas	ADJ	83
värv	NOUN	83
õppe_aine	NOUN	83
absoluutselt	ADV	82
esm_aabi_koolitus	NOUN	82
koostama	VERB	82
mart	NOUN	82
meele_lahutus	NOUN	82
rikkuma	VERB	82
selline	PRON	82
tunduma	AUX	82
tähtsus	NOUN	82
täpsem	ADJ	82
erinevalt	ADV	81
libeda_sõit	NOUN	81
mõttetu	ADJ	81
sama	ADV	81
teadlane	NOUN	81
tohutult	ADV	81
täpsemalt	ADV	81
vahe	NOUN	81
värviline	ADJ	81
õtlema	VERB	81
17	NUM	80
järv	NOUN	80
kirjeldama	VERB	80
kätte_saadav	ADJ	80
punkt	NOUN	80
saksa	ADJ	80
sama_sugune	DET	80
ümbritsema	VERB	80
eba_meeldiv	ADJ	79
jälgima	VERB	79
kulutama	VERB	79
lemmikõppeai=ne	NOUN	79
lennu_kipiloot	NOUN	79
meditsiin	NOUN	79
meldima	VERB	79
olenema	VERB	79
pakkumine	NOUN	79
piisama	VERB	79
siinne	ADJ	79
treener	NOUN	79
töö_vari	NOUN	79
töö_varjupäe_vast	NOUN	79
väiksem	ADJ	79
55555555	NUM	78
ausalt	ADV	78
koguma	VERB	78
konkurs	NOUN	78
korraldamine	NOUN	78
nõudma	VERB	78
rahvus	NOUN	78
spordi_mäng	NOUN	78
šokolaad	NOUN	78
Jõhvi	PROPN	77
fakt	NOUN	77
iga_päeva_elu	NOUN	77
jope	NOUN	77
kaugele	ADV	77
korraldaja	NOUN	77
kuri	ADJ	77
laulmine	NOUN	77
leppima	VERB	77
meeskond	NOUN	77
ohtlik	ADJ	77
seade	NOUN	77
suhtumine	NOUN	77
tõusma	VERB	77
uks	NOUN	77
vedama	VERB	77
võõras	ADJ	77
10:	NUM	76
enamik	NOUN	76
iga_päev	NOUN	76
ilusam	ADJ	76
klassikaline	ADJ	76
klaver	NOUN	76
lõppuks	ADV	76
mujal	ADV	76
pöörduma	VERB	76
siit	ADV	76
sõit	NOUN	76
12.a	ADJ	75
kahjustama	VERB	75
kiirus	NOUN	75
meenutama	VERB	75
vaimne	ADJ	75
avaldamine	NOUN	74
gramaatika	NOUN	74
imeline	ADJ	74
kahjulik	ADJ	74
kirjanik	NOUN	74
koor	NOUN	74
lahti	ADV	74
näitering	NOUN	74
peamine	ADJ	74
õping	NOUN	74
kaunis	ADJ	73
kuu_päev	NOUN	73
ruttu	ADV	73
sünn_ipäeva_pidu	NOUN	73
täiendama	VERB	73
Ameerika	PROPN	72
andekas	ADJ	72
ette_panek	NOUN	72
kaima	VERB	72
leht	NOUN	72
saate_juht	NOUN	72
tähele	ADV	72
täpne	ADJ	72
tõsi	NOUN	72
võõr_keel	NOUN	72
äge	ADJ	72
Päike	PROPN	71
juur	NOUN	71
jätkuma	VERB	71
kaugus_hüpe	NOUN	71
nõu	NOUN	71
sama_moodi	ADV	71
sünni_maa	NOUN	71
targem	ADJ	71
väsinud	ADJ	71
17:	NUM	70
B-kategooria	NOUN	70
antud	ADJ	70
esinemine	NOUN	70
hoolitsema	VERB	70
lause	NOUN	70
nooruk	NOUN	70
ots	NOUN	70
pitsa	NOUN	70
aastane	ADJ	69
autojuh_ikursus	NOUN	69
edukalt	ADV	69
kaamera	NOUN	69
lõppetama	VERB	69
nimelt	ADV	69
ring	NOUN	69
sundima	VERB	69
teler	NOUN	69
täis_kasvanu	NOUN	69
vee_park	NOUN	69
25.	ADJ	68
aru_anne	NOUN	68
august	NOUN	68
elu_viis	NOUN	68
koolivahe_aeg	NOUN	68
kunstnik	NOUN	68
kõndima	VERB	68
mängimine	NOUN	68
piir	NOUN	68
seltskond	NOUN	68
taevas	NOUN	68
tuhat	NUM	68
täht	NOUN	68
tõsiselt	ADV	68
vaatamis_väärsus	NOUN	68
10.	ADJ	67
Liit	PROPN	67
arendamine	NOUN	67
ette_aste	NOUN	67
filmima	VERB	67
jooksima	VERB	67
moment	NOUN	67
nii_sama	ADV	67
pesema	VERB	67
soovitus	NOUN	67
taga_järg	NOUN	67
tihti_peale	ADV	67
vaade	NOUN	67
vihkama	VERB	67
viibima	VERB	67
austus	NOUN	66
järeldus	NOUN	66
järjest	ADV	66
kõig	PRON	66
lõpu_klass	NOUN	66
mingi_sugune	DET	66
müüja	NOUN	66
negatiivselt	ADV	66
olev	ADJ	66
populaarsus	NOUN	66
progress	NOUN	66
punane	ADJ	66
põhjustama	VERB	66
tänane	ADJ	66
vaba_aeg	NOUN	66
viktoriin	NOUN	66
õppe_materjal	NOUN	66
14:	NUM	65
arenemine	NOUN	65
kaks_teist	NUM	65
kaugel	ADV	65
kitarr	NOUN	65
lõke	NOUN	65
lõpetus	NOUN	65
mööduma	VERB	65
naljakas	ADJ	65
näitus	NOUN	65
pool_targument	NOUN	65
ujumine	NOUN	65
vajadus	NOUN	65
vana_vanem	NOUN	65
aru_saadav	ADJ	64
firma	NOUN	64
hommikune	ADJ	64
loobuma	VERB	64
moodne	ADJ	64
määr	NOUN	64
oktoober	NOUN	64
ravima	VERB	64
sfäär	NOUN	64
tervislik	ADJ	64
tõeliselt	ADV	64
virtuaal_maa_ilm	NOUN	64
vorm	NOUN	64
võib_olla	ADV	64
ekskursion	NOUN	63
füüsiline	ADJ	63
kinno	NOUN	63
kollane	ADJ	63
kurvem	ADJ	63
lai	ADJ	63
mahl	NOUN	63
neljas	ADJ	63
nt	ADV	63
peale	ADV	63
toitlustamine	NOUN	63
tule_tõrjuja	NOUN	63
ümbritsev	ADJ	63
3.	ADJ	62
Liis	PROPN	62
elektrooniline	ADJ	62
hing	NOUN	62
kohale	ADV	62
lugu_pidamine	PROPN	62
medal	NOUN	62
muusik	NOUN	62
muusika_tund	NOUN	62
pealt	ADP	62
sajama	VERB	62
sõja_tehnika	NOUN	62
tehtud	ADJ	62
tugevam	ADJ	62
täis	ADJ	62
vahetu_sõpilane	NOUN	62
11.00	NUM	61
19	NUM	61
Andrei	PROPN	61
Kallis	PROPN	61
ehitaja	NOUN	61
esmaabi_koolitus	NOUN	61
kaas_aegne	ADJ	61
kohtama	VERB	61
kümnes	ADJ	61
levima	VERB	61
lööma	VERB	61
milleks	ADV	61
mõlema	DET	61
paber	NOUN	61
paistma	VERB	61
toime	NOUN	61
toimuv	ADJ	61
täis_kasvanud	ADJ	61
25	NUM	60
Katrin	PROPN	60
Maardu	PROPN	60
adress	NOUN	60
ideaalne	ADJ	60
kergesti	ADV	60
kituma	VERB	60
mari	NOUN	60
materjal	NOUN	60
oht	NOUN	60
oma_moodi	ADV	60
palk_maja	NOUN	60
spetsialist	NOUN	60
sull	PRON	60
surema	VERB	60
vaev	NOUN	60
ütelema	VERB	60
abistama	VERB	59
huvi_ala	NOUN	59
ise_seisev	ADJ	59
kaaslane	NOUN	59
koordinaator	NOUN	59
koos_töö	NOUN	59
kujunema	VERB	59
loomine	NOUN	59
mobiil_telefon	NOUN	59
noor_mees	NOUN	59
sama	ADJ	59
sõnum	NOUN	59
talv	NOUN	59
valmistamine	NOUN	59
öö	NOUN	59
Mänd	PROPN	58
aju	NOUN	58
kaheteistkümnes	ADJ	58
keelama	VERB	58
koosnema	VERB	58
kurss	NOUN	58
peamiselt	ADV	58
seos	NOUN	58
sportlik	ADJ	58
Ivanov	PROPN	57
Vana	PROPN	57
aken	NOUN	57
all_kiri	NOUN	57
artist	NOUN	57
arvamus_lugu	NOUN	57
aspekt	NOUN	57
edas_pidi	ADV	57
ilmselt	ADV	57
individuaalne	ADJ	57
kartul	NOUN	57
kauplus	NOUN	57
lähedane	NOUN	57
närv	NOUN	57
pea_kokk	NOUN	57
piknik	NOUN	57
räkima	VERB	57
rõõmsa_meelne	ADJ	57
sisaldama	VERB	57
suund	NOUN	57
tegu	NOUN	57
vaikne	ADJ	57
valetama	VERB	57
7.	ADJ	56
Moskva	PROPN	56
Rootsi	PROPN	56
alla	ADV	56
käimine	NOUN	56
näite_ring	NOUN	56
sisse_astumine	NOUN	56
tahtmine	NOUN	56
teatud	ADJ	56
tutvus	NOUN	56
tädi	NOUN	56
Kuusk	PROPN	55
arenenud	ADJ	55
artikkel	NOUN	55
just_kui	SCONJ	55
kritiseerima	VERB	55
mugavus	NOUN	55
mööda	ADP	55
päriselt	ADV	55
tava	NOUN	55
tegutsema	VERB	55
võimas	ADJ	55
+37255555555	NUM	54
ees_kuju	NOUN	54
instruktor	NOUN	54
kitukas	ADJ	54
kohal	ADV	54
korralda=tud	ADJ	54
kutse	NOUN	54
palav	ADJ	54
protsess	NOUN	54
puu_vili	NOUN	54
rikas	ADJ	54
saavutus	NOUN	54
suhtes	ADP	54
süni_päev	NOUN	54
taim	NOUN	54
töö_varjupä_evas	NOUN	54
vaesem	ADJ	54
veidi	ADV	54
viitsima	VERB	54
Kalev	PROPN	53
Riia	PROPN	53
aed	NOUN	53
elamine	NOUN	53
esi_vanem	NOUN	53
isa_maa	NOUN	53
kaitsma	VERB	53
kõvasti	ADV	53
lõuna	NOUN	53
omama	VERB	53
reaalne	ADJ	53
rong	NOUN	53
telekas	NOUN	53
uuesti	ADV	53
võitlema	VERB	53
15:	NUM	52
30.	ADJ	52
ekraan	NOUN	52
elanik	NOUN	52
kehtima	VERB	52
kiirelt	ADV	52
mitme_külgne	ADJ	52
oma_pärane	ADJ	52
pidev	ADJ	52
põld	NOUN	52
rääkimine	NOUN	52
suurenema	VERB	52
tapma	VERB	52
televisioon	NOUN	52
tähistama	VERB	52
vägi_vald	NOUN	52
õnneks	ADV	52
õpimine	NOUN	52
15:00	NUM	51
16.	ADJ	51
4-kohaline	ADJ	51
5miinus	PROPN	51
T-särk	NOUN	51
alates	ADP	51
aru_saamine	NOUN	51
bassein	NOUN	51
festival	NOUN	51
kujundama	VERB	51
lugemine	NOUN	51
projekt	NOUN	51
saavutamine	NOUN	51
tahe	NOUN	51
tohutu	ADJ	51
täis	ADV	51
täitma	VERB	51
vähendama	VERB	51
ööbimine	NOUN	51
23.	ADJ	50
Tulp	PROPN	50
arvatavasti	ADV	50
atmo_sfäär	NOUN	50
kodune	ADJ	50
korralikult	ADV	50
lähedane	ADJ	50
pea	ADV	50
päästma	VERB	50
sõna_vara	NOUN	50
tellima	VERB	50
tuletama	VERB	50
täielikult	ADV	50
tänu	ADV	50
vahetusõ_pilas	NOUN	50
vatama	VERB	50
Artur	PROPN	49
eesti_keel	NOUN	49
elav	ADJ	49
häirima	VERB	49
kas_või	ADV	49
korralik	ADJ	49
kujuma	VERB	49
laulama	VERB	49
lausa	ADV	49
leiutamine	NOUN	49
miljon	NUM	49
mis_sugune	ADJ	49
olemine	NOUN	49
pikas	ADJ	49
reklaam	NOUN	49
sama	PRON	49
seostuma	VERB	49
summa	NOUN	49
tele_saade	NOUN	49
tootma	VERB	49
tänu_kiri	NOUN	49
tõde	NOUN	49
töö_andja	PROPN	49
Ahhaa	PROPN	48
Jaan	PROPN	48
ainus	ADJ	48
aru_saamatus	NOUN	48
eksisteerima	VERB	48
heli	NOUN	48
igatsema	VERB	48
instrument	NOUN	48
karu	NOUN	48
kindlalt	ADV	48
muusika_maitse	NOUN	48
muusium	NOUN	48
pingutus	NOUN	48
rõõmustama	VERB	48
voodi	NOUN	48
Ahha	PROPN	47
Viktoria	PROPN	47
hüpe	NOUN	47
juhtum	NOUN	47
kasutamine	NOUN	47
katkesta=mine	NOUN	47
katki	ADV	47
kooli_elu	NOUN	47
leidmine	NOUN	47
lennuk_ipiloot	NOUN	47
liige	NOUN	47
nädala_vahetus	NOUN	47
planeet	NOUN	47
pärit	ADV	47
tegima	VERB	47
tegur	NOUN	47
toimima	VERB	47
tuul	NOUN	47
vahe_peal	ADV	47
veetmine	NOUN	47
õpik	NOUN	47
õun	NOUN	47
“	PUNCT	47
Tumelilla	PROPN	46
Vaba_riik	PROPN	46
asendama	VERB	46
eba_mugav	ADJ	46
elekter	NOUN	46
esinev	ADJ	46
haigla	NOUN	46
harva	ADV	46
juus	NOUN	46
kauem	ADV	46
kleit	NOUN	46
kõlama	VERB	46
noot	NOUN	46
pisike	ADJ	46
poeg	NOUN	46
proov	NOUN	46
päris	ADJ	46
sadama	VERB	46
see_järel	ADV	46
surm	NOUN	46
tagasi_hoidlik	ADJ	46
teine_teise	PRON	46
töö_andja	NOUN	46
uhkus	NOUN	46
ärkama	VERB	46
300	NUM	45
55566677	NUM	45
8.00	NUM	45
Kadri_org	PROPN	45
Kool	PROPN	45
disko	NOUN	45
ehk	ADV	45
grillima	VERB	45
hakama	VERB	45
harjutama	VERB	45
kinkima	VERB	45
kooli_vaheaja	NOUN	45
kukkuma	VERB	45
köök	NOUN	45
lisa_info	NOUN	45
lõbusam	ADJ	45
lõkk	NOUN	45
pakuma	VERB	45
peakoka	NOUN	45
rahu	NOUN	45
tennis	NOUN	45
välis_maalane	NOUN	45
väärt	ADJ	45
ümbes	ADV	45
,et	SCONJ	44
19.00	NUM	44
2.	ADJ	44
Lasna_mäe	PROPN	44
ette_vaatlik	ADJ	44
huvituma	VERB	44
kena	ADJ	44
kodu_leht	NOUN	44
kohustus	NOUN	44
lava	NOUN	44
lihtsustama	VERB	44
nali	NOUN	44
popmuusika	NOUN	44
programmeerima	VERB	44
range	ADJ	44
sama_sugune	ADJ	44
suhtleja	NOUN	44
suu	NOUN	44
tarvis	ADV	44
vaatlema	VERB	44
valdama	VERB	44
vist	ADV	44
!!	PUNCT	43
6.	ADJ	43
Euroopa	PROPN	43
Sõber	PROPN	43
Tallina	PROPN	43
esi_algu	ADV	43
ilusti	ADV	43
julge	ADJ	43
julgema	VERB	43
kala	NOUN	43
keva_dkonsert	NOUN	43
klassikaslane	NOUN	43
limonaad	NOUN	43
lähedal	ADV	43
minua	PRON	43
mängu_asi	NOUN	43
nõrk	ADJ	43
piloot	NOUN	43
pinge	NOUN	43
pois	NOUN	43
pop_muusika	NOUN	43
põhjendama	VERB	43
saladus	NOUN	43
talu	NOUN	43
tasa_kaal	NOUN	43
toetus	NOUN	43
toss	NOUN	43
tugevalt	ADV	43
võima	VERB	43
200	NUM	42
Alina	PROPN	42
Maa	PROPN	42
austa=tud	ADJ	42
diivan	NOUN	42
geo_graafia	NOUN	42
hulgas	ADP	42
kannatama	VERB	42
kasulikum	ADJ	42
kodanik	NOUN	42
kordama	VERB	42
kutsutud	ADJ	42
m	NOUN	42
odav	ADJ	42
pea_tegelane	NOUN	42
pere_liige	NOUN	42
populaarsem	ADJ	42
samm	NOUN	42
test	NOUN	42
töötamine	NOUN	42
veebi_leht	NOUN	42
vii	NUM	42
žanr	NOUN	42
28	NUM	41
A	NOUN	41
Kaia	PROPN	41
Liina	PROPN	41
eba_õnnestus	NOUN	41
joonistamine	NOUN	41
kaart	NOUN	41
kilo_meeter	NOUN	41
kuni	SCONJ	41
lind	NOUN	41
mahtuma	VERB	41
majutus	NOUN	41
müts	NOUN	41
naaber	NOUN	41
november	NOUN	41
oma_korda	ADV	41
puudutama	VERB	41
põrand	NOUN	41
räpp	NOUN	41
siduma	ADJ	41
siiani	ADV	41
spordi_paev	NOUN	41
tantsija	NOUN	41
tõlkima	VERB	41
viis_teist	NUM	41
võim	NOUN	41
võimsam	ADJ	41
õues	ADV	41
ültse	ADV	41
29.05.2017	NUM	40
B-kategooria	PROPN	40
Inglise	PROPN	40
aru_saam	NOUN	40
eelistus	NOUN	40
imelik	ADJ	40
it-tudeng	NOUN	40
kasv	NOUN	40
lahutamatu	ADJ	40
maiustus	NOUN	40
moodustama	VERB	40
museum	NOUN	40
pop	NOUN	40
praktiseerima	VERB	40
prügi	NOUN	40
põnevam	ADJ	40
pühendama	VERB	40
saiake	NOUN	40
sarnaselt	ADV	40
sees	ADV	40
suhtlus	NOUN	40
särk	NOUN	40
söökla	NOUN	40
sügis	NOUN	40
sünd	NOUN	40
tunni_plaan	NOUN	40
vali	ADJ	40
veetama	VERB	40
võimalikult	ADV	40
võimeline	ADJ	40
õhkkond	NOUN	40
õu	ADV	40
18:	NUM	39
8.	ADJ	39
Lenna	PROPN	39
Pirita	PROPN	39
Spordi_päev	PROPN	39
bouling	NOUN	39
eksponaat	NOUN	39
faktor	NOUN	39
hei	INTJ	39
hirm	NOUN	39
ise_loomustama	VERB	39
kätte_saadavus	NOUN	39
liha	NOUN	39
luuletus	NOUN	39
paluma	AUX	39
parandamine	NOUN	39
pime	ADJ	39
plaanima	VERB	39
poliitika	NOUN	39
püsima	VERB	39
sekund	NOUN	39
suhtlemis_oskus	NOUN	39
säilitama	VERB	39
teist_sugune	DET	39
teos	NOUN	39
tervise_tõend	NOUN	39
tihedalt	ADV	39
toode	NOUN	39
tõmbama	VERB	39
vabandus	NOUN	39
vähene	ADJ	39
vähenema	VERB	39
õppetaja	NOUN	39
ühtne	ADJ	39
30.05.2016	NUM	38
55	NUM	38
Inglise	ADJ	38
Sander	PROPN	38
arvu_tee	NOUN	38
elu_iga	NOUN	38
ignoreerima	VERB	38
katma	VERB	38
kollektiiv	NOUN	38
kooli_päev	NOUN	38
kuluma	VERB	38
kurv	ADJ	38
kuulaja	NOUN	38
langema	VERB	38
milline	PRON	38
nukk	NOUN	38
närviline	ADJ	38
reisimine	NOUN	38
relv	NOUN	38
rokk	NOUN	38
suurus	NOUN	38
too	DET	38
vahest	ADV	38
vaikus	NOUN	38
vestlus	NOUN	38
õnnetus	NOUN	38
%	SYM	37
.me	PUNCT	37
17.	ADJ	37
21	NUM	37
40	NUM	37
Kristjan	PROPN	37
Pere	PROPN	37
Põld	PROPN	37
Rak_vere	PROPN	37
Toila	PROPN	37
aadres	NOUN	37
ajama	VERB	37
eemal	ADV	37
generatsioon	NOUN	37
hubane	ADJ	37
hüppamine	NOUN	37
ilu	NOUN	37
kokku_võtk	NOUN	37
kontroll	NOUN	37
kontroll_töö	NOUN	37
kooli_tund	NOUN	37
kooli_õpilane	NOUN	37
korral	ADP	37
korv	NOUN	37
kurs	NOUN	37
mnt	NOUN	37
pluus	NOUN	37
reaalsus	NOUN	37
rõõmsam	ADJ	37
saar	NOUN	37
seiklus	NOUN	37
sotsiaalne	ADJ	37
tantsi=mine	NOUN	37
tekkitama	VERB	37
tunduvalt	ADV	37
unikaalne	ADJ	37
õppe_töö	NOUN	37
üle_jäänud	ADJ	37
Andres	PROPN	36
Marina	PROPN	36
Reede	PROPN	36
arutama	VERB	36
dokument	NOUN	36
eba_õnnestus	VERB	36
hoolima	VERB	36
hääl	NOUN	36
kassa	NOUN	36
kesk_kool	NOUN	36
keskel	ADP	36
kiip	NOUN	36
kiitma	VERB	36
kuulus	NOUN	36
külaline	NOUN	36
laisem	ADJ	36
loomulik	ADJ	36
mitme_kesine	ADJ	36
mängija	NOUN	36
nii_võrd	ADV	36
pildistaja	NOUN	36
rock	NOUN	36
sotsiaal_meedia	NOUN	36
tervitus	NOUN	36
täht_päev	NOUN	36
vahetusõ_pilane	NOUN	36
valutama	VERB	36
ümber	ADV	36
ümbrus	NOUN	36
üpris	ADV	36
45	NUM	35
Ants	PROPN	35
Itaalia	PROPN	35
Mägi	PROPN	35
Sepp	PROPN	35
alus	NOUN	35
arutlus	NOUN	35
ette_valmistus	NOUN	35
harjumus	NOUN	35
hobune	NOUN	35
jõgi	NOUN	35
kasutus	NOUN	35
keskmine	ADJ	35
kogunema	VERB	35
konkreetne	ADJ	35
kujunemine	NOUN	35
kõrv	NOUN	35
loogiline	ADJ	35
lõpetaja	NOUN	35
maa_ilma_vaade	NOUN	35
mil	ADV	35
mõlema	PRON	35
parast	ADP	35
puudus	NOUN	35
sisseastuma	VERB	35
sünni_paev	NOUN	35
tahama	VERB	35
tuli	NOUN	35
tütar	NOUN	35
vastutus_tundlik	ADJ	35
või_leib	NOUN	35
öösel	ADV	35
13:	NUM	34
18.	ADJ	34
Julia	PROPN	34
Mark	PROPN	34
Peterburi	PROPN	34
Prantsus_maa	PROPN	34
Zara	PROPN	34
eel_kõige	ADV	34
igal_pool	ADV	34
inglise_keel	NOUN	34
kev_adkontsert	NOUN	34
kirjand	NOUN	34
kirjas	ADV	34
klassika	NOUN	34
kolmandaks	ADV	34
koolistaadion	NOUN	34
kõlar	NOUN	34
lumi	NOUN	34
lõppus	NOUN	34
mis_tõttu	ADV	34
muudatus	NOUN	34
otama	VERB	34
politsei	NOUN	34
põgenema	VERB	34
põhi	NOUN	34
raisama	VERB	34
riigi_eksam	NOUN	34
teismeline	NOUN	34
transport	NOUN	34
väljak	NOUN	34
võistkond	NOUN	34
võitja	NOUN	34
õppe_kava	NOUN	34
17:00	NUM	33
400	NUM	33
Aleksander	PROPN	33
Anton	PROPN	33
Ivanova	PROPN	33
Jaapan	PROPN	33
Kati	PROPN	33
Olga	PROPN	33
abiturient	NOUN	33
depressioon	NOUN	33
edukam	ADJ	33
enese_hinnang	NOUN	33
jalutamine	NOUN	33
keek	PRON	33
keha	NOUN	33
käes	ADP	33
kõrgus	NOUN	33
laamendama	VERB	33
madal	ADJ	33
mõistlik	ADJ	33
naiteks	ADV	33
nelja_kohaline	ADJ	33
problem	NOUN	33
rakendama	VERB	33
ronima	VERB	33
seadus	NOUN	33
seostama	VERB	33
suplema	VERB	33
suure_päraselt	ADV	33
suurendama	VERB	33
säilima	VERB	33
tekima	VERB	33
turniir	NOUN	33
vaatamine	NOUN	33
valitud	ADJ	33
valmistuma	VERB	33
vee_keskus	NOUN	33
14:00	NUM	32
2016	NUM	32
B	NOUN	32
Dima	PROPN	32
Lütseum	PROPN	32
Peeter	PROPN	32
aeglane	ADJ	32
aitäh	NOUN	32
avanema	VERB	32
eksima	VERB	32
emotsionaalne	ADJ	32
hotel	NOUN	32
juuksur	NOUN	32
järelikult	ADV	32
kahtlemata	ADV	32
keegi	DET	32
kusagil	ADV	32
kõrval_mõju	NOUN	32
küllaltki	ADV	32
meele_pärane	ADJ	32
mõiste	NOUN	32
mõtte_viis	NOUN	32
nagu	ADV	32
nelja_kohalistne	ADJ	32
paev	NOUN	32
pakutama	VERB	32
raamatu_kogu	NOUN	32
rahulikum	ADJ	32
rõhutama	VERB	32
sünni-päev	NOUN	32
tähele_panelik	ADJ	32
täis_kasvanud	NOUN	32
tõdema	VERB	32
tõe_poolest	ADV	32
vara	NOUN	32
Noor	PROPN	31
ainu_laadne	ADJ	31
aja_viide	NOUN	31
alla	ADP	31
au	NOUN	31
elmine	ADJ	31
hea_tahtlik	ADJ	31
hoolimata	ADP	31
ime_ilus	ADJ	31
imetlema	VERB	31
keskkonna_saas	NOUN	31
kippuma	VERB	31
klassi_vend	NOUN	31
koik	PRON	31
kommunikatsioon	NOUN	31
koormus	NOUN	31
kott	NOUN	31
krõps	NOUN	31
kuulutama	VERB	31
kõne	NOUN	31
linnu_laul	NOUN	31
moodi	ADV	31
naerma	VERB	31
nurk	NOUN	31
nutma	VERB	31
president	NOUN	31
riietuma	VERB	31
rumal	ADJ	31
rühma_tund	NOUN	31
sisse_astuja	NOUN	31
suuresti	ADV	31
tasuline	ADJ	31
teate_jook	NOUN	31
tipp	NOUN	31
tugi	NOUN	31
tulevane	ADJ	31
tühi	ADJ	31
varasem	ADJ	31
veebruar	NOUN	31
20.00	NUM	30
Daniel	PROPN	30
Silla_mäe	PROPN	30
alatine	ADJ	30
andmed	NOUN	30
füüsiliselt	ADV	30
hea_olu	NOUN	30
hele	ADJ	30
keele_praktika	NOUN	30
kirik	NOUN	30
klapp	NOUN	30
kliima	NOUN	30
käsitsi	ADV	30
laamendamine	NOUN	30
mittu	DET	30
pahu_pool	NOUN	30
pala	NOUN	30
parenema	VERB	30
periood	NOUN	30
porgand	NOUN	30
päevitama	VERB	30
põlv	NOUN	30
raba	NOUN	30
reageerima	VERB	30
revolutsioon	NOUN	30
sõper	NOUN	30
tagastama	VERB	30
tantsu_pidu	NOUN	30
toetuma	VERB	30
tuleviku_plaan	NOUN	30
tähendus	NOUN	30
tähenduslik	ADJ	30
tõe_näoliselt	ADV	30
võistlema	VERB	30
võit	NOUN	30
11:	NUM	29
2017	NUM	29
auto_juht	NOUN	29
batuut	NOUN	29
eba_kindlalt	ADV	29
elu_stiil	NOUN	29
esindama	VERB	29
ette_valmistu_skursu	NOUN	29
iga	NOUN	29
klient	NOUN	29
kunsti_kool	NOUN	29
kutsutama	VERB	29
kääs	NOUN	29
kõrg_haridus	NOUN	29
kõrv_pall	NOUN	29
liigne	ADJ	29
liik	NOUN	29
liikumine	NOUN	29
lipp	NOUN	29
maitsma	VERB	29
majandus	NOUN	29
matematika	NOUN	29
mälu	NOUN	29
naeratama	VERB	29
negatiivsus	NOUN	29
neiu	NOUN	29
olemas_olu	NOUN	29
pingutamine	NOUN	29
positiivsus	NOUN	29
puder	NOUN	29
rahustama	VERB	29
registreeruma	VERB	29
saati	ADP	29
skypark	PROPN	29
suhteliselt	ADV	29
teismeline	ADJ	29
tord	NOUN	29
täitsa	ADV	29
tõestama	VERB	29
usaldama	VERB	29
venelane	NOUN	29
võime	NOUN	29
12.30	NUM	28
2019	NUM	28
4.	ADJ	28
Ashilev	PROPN	28
Hispaania	PROPN	28
Jan	PROPN	28
Jim	PROPN	28
Tõnn	PROPN	28
autor	NOUN	28
b-kategooria	NOUN	28
e-post	PROPN	28
enese_kindel	ADJ	28
haige	NOUN	28
hilinema	VERB	28
hoone	NOUN	28
juur_vili	NOUN	28
keelne	ADJ	28
kergelt	ADV	28
klaas	NOUN	28
km	NOUN	28
kätte_saadava=m	ADJ	28
lehe_külg	NOUN	28
loodetavasti	ADV	28
looma_aeg	NOUN	28
maht	NOUN	28
meenuma	VERB	28
mäletamine	NOUN	28
möödunud	ADJ	28
oluliselt	ADV	28
operatsioon	NOUN	28
organism	NOUN	28
peituma	VERB	28
pooleli	ADV	28
riietus	NOUN	28
sammuti	ADV	28
sisse	ADP	28
solvama	VERB	28
spoordi_päev	NOUN	28
süvenema	VERB	28
taha	ADP	28
taust	NOUN	28
toredam	ADJ	28
valgus	NOUN	28
vana	NOUN	28
viirus	NOUN	28
vägi_valdne	ADJ	28
äkki	ADV	28
õis_mägi	PROPN	28
õpelane	NOUN	28
ütlus	NOUN	28
01.06.2018	NUM	27
14.	ADJ	27
19.	ADJ	27
29.	ADJ	27
500	NUM	27
55556666	NUM	27
60m	NUM	27
Läti	PROPN	27
Nikolai	PROPN	27
Peo	PROPN	27
Petrov	PROPN	27
Saaremaa	PROPN	27
Valga	PROPN	27
aja_kirjanik	NOUN	27
ansambel	NOUN	27
avaldus	NOUN	27
ega	ADV	27
hullem	ADJ	27
igavam	ADJ	27
imestama	VERB	27
info_tehnoloogia	NOUN	27
julgelt	ADV	27
järgima	VERB	27
kalduma	VERB	27
kl	NOUN	27
looming	NOUN	27
magus_toit	NOUN	27
maitsema	VERB	27
mari.mets@gmail.com	NOUN	27
meena	PRON	27
mugavalt	ADV	27
murets	NOUN	27
nõid	NOUN	27
olevik	NOUN	27
paar	NOUN	27
pank	NOUN	27
piim	NOUN	27
pind_ala	NOUN	27
plats	NOUN	27
professionaalne	ADJ	27
ratas	NOUN	27
rütm	NOUN	27
saabuma	VERB	27
saatel	ADP	27
sent	NOUN	27
spordi_ala	NOUN	27
suunama	VERB	27
säästma	VERB	27
sõidu_juht	NOUN	27
teade	VERB	27
teist_pidi	ADV	27
teist_sugune	ADJ	27
tüüp	NOUN	27
viis_kümmend	NUM	27
väsima	VERB	27
võtmine	NOUN	27
õppe_aasta	NOUN	27
123-45	NUM	26
18:00	NUM	26
24.	ADJ	26
Anne_linn	PROPN	26
Kadriorg	PROPN	26
Mati	PROPN	26
Musta_mäe	PROPN	26
Nastja	PROPN	26
USA	PROPN	26
Viljandi	PROPN	26
aidama	VERB	26
alg_aste	VERB	26
alg_klass	NOUN	26
aut_oju_hikursus	NOUN	26
autojuhikursus	NOUN	26
b	NOUN	26
esile	ADV	26
iga_päev	ADV	26
järele_pärimine	NOUN	26
jõu_saal	NOUN	26
kallim	ADJ	26
kallis	NOUN	26
keva_dekontsert	NOUN	26
kohanema	VERB	26
kontserd	NOUN	26
kooli_vahea=ja	NOUN	26
küpsis	NOUN	26
leib	NOUN	26
lähtuma	VERB	26
marimets@gmail.com	NOUN	26
mujale	ADV	26
muru	NOUN	26
oma_vaheline	ADJ	26
paks	ADJ	26
proua	NOUN	26
pruun	ADJ	26
põhi_mõtteliselt	ADV	26
registreerimine	NOUN	26
roosa	ADJ	26
saadik	ADP	26
sober	NOUN	26
sulg_pall	NOUN	26
sõprus	NOUN	26
tasku	NOUN	26
tel	PROPN	26
tere	PROPN	26
tiim	NOUN	26
toimimine	NOUN	26
toimunud	ADJ	26
tootmine	NOUN	26
turvaline	ADJ	26
vahe_tund	NOUN	26
vaheline	ADJ	26
vana-ema	NOUN	26
veedma	VERB	26
vihmane	ADJ	26
väärtuslik	ADJ	26
äitäh	VERB	26
õhtuti	ADV	26
üldine	ADJ	26
150	NUM	25
22	NUM	25
23	NUM	25
26	NUM	25
Aleksandra	PROPN	25
Helsingi	PROPN	25
Markus	PROPN	25
Tehnika	PROPN	25
abi_turiend	NOUN	25
allikas	NOUN	25
analüüsima	VERB	25
arve	NOUN	25
avar	ADJ	25
eba_tavaline	ADJ	25
ent	CCONJ	25
head_aeg	NOUN	25
hinn	NOUN	25
jaama	VERB	25
jällegi	ADV	25
järje_kord	NOUN	25
king	NOUN	25
konkurents	NOUN	25
kuum	ADJ	25
kõig	DET	25
köie_vedu	NOUN	25
lemmik_laul	NOUN	25
lõbutsema	VERB	25
mask	NOUN	25
mõel=dud	ADJ	25
ometi	ADV	25
oppima	VERB	25
pehme	ADJ	25
pilli_mäng	NOUN	25
poolt_argument	NOUN	25
positsioon	NOUN	25
prantsuse	ADJ	25
põhiliselt	ADV	25
retsept	NOUN	25
riigi_keel	NOUN	25
seale	ADV	25
seisnema	VERB	25
solvuma	VERB	25
soovija	NOUN	25
sõitama	VERB	25
sõna_vabadus	NOUN	25
tehas	NOUN	25
tele_torn	NOUN	25
tere,sõber	NOUN	25
tondi_raba	PROPN	25
tõe_näosus	NOUN	25
vihik	NOUN	25
õnnelikum	ADJ	25
õppetama	VERB	25
ühiskonna_õpetus	NOUN	25
10:00	NUM	24
123	NUM	24
16:00	NUM	24
Facebook	PROPN	24
Ott	PROPN	24
Peipsi	PROPN	24
algul	ADV	24
arhitektuur	NOUN	24
asu_koht	NOUN	24
eelis	NOUN	24
erand	NOUN	24
fänn	NOUN	24
harima	VERB	24
jalgsi	ADV	24
joonistus	NOUN	24
järgnev	ADJ	24
jäätma	VERB	24
katkestamine	NOUN	24
kauba_maja	NOUN	24
kerge_jõustik	NOUN	24
kestama	VERB	24
kohvikune	NOUN	24
kolm_kümmend	NUM	24
kulutus	NOUN	24
kuni	ADV	24
kuus	NOUN	24
lennuk_ipilood	NOUN	24
lõppuma	VERB	24
meetod	NOUN	24
mitu	PRON	24
muusikaline	ADJ	24
märkima	VERB	24
naudima	VERB	24
nimetus	NOUN	24
nupp	NOUN	24
nüüdne	ADJ	24
otseselt	ADV	24
protsent	NOUN	24
puudumine	NOUN	24
põhiline	ADJ	24
püha	NOUN	24
ravi	NOUN	24
rikkas	ADJ	24
rändama	VERB	24
saatmine	NOUN	24
selguma	VERB	24
soome	ADJ	24
suve_niir	NOUN	24
suvila	NOUN	24
sügav	ADJ	24
tahve_larvuti	NOUN	24
tegelik	ADJ	24
tähtsaim	ADJ	24
vaikselt	ADV	24
vastua_rgument	NOUN	24
väsitav	ADJ	24
õpping	NOUN	24
11.	ADJ	23
12:00	NUM	23
2018	NUM	23
23.04.2019	NUM	23
24	NUM	23
26.04.2017	NUM	23
Anne	PROPN	23
Kesk_linn	PROPN	23
Maksim	PROPN	23
Võru	PROPN	23
avardama	VERB	23
avastus	NOUN	23
bussi_jaam	NOUN	23
eba_normaalne	ADJ	23
ees	ADV	23
eks	ADV	23
enese_tunne	NOUN	23
eri	ADJ	23
esma_späev	ADV	23
ette_kandja	NOUN	23
ettegi	ADV	23
folk	NOUN	23
haridus_süsteem	NOUN	23
hommiku_söök	NOUN	23
huvitama	ADJ	23
ilusasti	ADV	23
interneti_ajastu	NOUN	23
joon	NOUN	23
järeldama	VERB	23
järele	ADP	23
kauge	ADJ	23
kaup	NOUN	23
klubi	NOUN	23
kokku_lepe	NOUN	23
kuu	NUM	23
kuulsus	ADJ	23
käema	VERB	23
käigus	ADP	23
kõnelema	VERB	23
lähenemine	NOUN	23
lõpema	VERB	23
mart@gmail.com	NOUN	23
mikro_skeem	NOUN	23
muutumine	NOUN	23
mõistlikult	ADV	23
nadal	NOUN	23
normaalselt	ADV	23
näidis	NOUN	23
ohver	NOUN	23
onu	NOUN	23
paraku	ADV	23
paremus	NOUN	23
plaanimine	NOUN	23
poliitik	NOUN	23
pomm	NOUN	23
pool	ADP	23
prill	NOUN	23
rool	NOUN	23
salvestama	VERB	23
sõidu_tunn	NOUN	23
sööklane	NOUN	23
söömine	NOUN	23
talant	NOUN	23
tansima	VERB	23
teadlik	ADJ	23
techno	NOUN	23
teksas	NOUN	23
tunnistama	VERB	23
turist	NOUN	23
uu	ADJ	23
uudis_himulik	ADJ	23
uuendus	NOUN	23
vanalinn	NOUN	23
veri	NOUN	23
ühes_koos	ADV	23
üle_eile	ADV	23
+372	SYM	22
15.30	NUM	22
27.	ADJ	22
5miin	NOUN	22
Aleksei	PROPN	22
Elina	PROPN	22
Erik	PROPN	22
Igor	PROPN	22
Kuurma	PROPN	22
Margus	PROPN	22
Sarv	PROPN	22
aasta_aeg	NOUN	22
avalik	ADJ	22
disain	NOUN	22
eba_vajalik	ADJ	22
elu_kogemus	NOUN	22
hea_meel	NOUN	22
huvitavalt	ADV	22
iganes	ADV	22
igaveseks	ADV	22
igavesti	ADV	22
inspiratsioon	NOUN	22
juhtimine	NOUN	22
kahetsema	VERB	22
kannatlik	ADJ	22
kauaks	ADV	22
kitsas	ADJ	22
kivi	NOUN	22
kogema	VERB	22
kohati	ADV	22
kokku_hoidev	ADJ	22
koroona_viirus	NOUN	22
korraga	ADV	22
kõrgem	ADJ	22
lahema	VERB	22
leitma	VERB	22
marju	NOUN	22
meeldivam	ADJ	22
mull	NOUN	22
märgatavalt	ADV	22
omanik	NOUN	22
osutuma	VERB	22
pakk	NOUN	22
peatus	NOUN	22
pilk	NOUN	22
poole	ADV	22
praktiliselt	ADV	22
rahva_arv	NOUN	22
seisund	NOUN	22
sihi_kindel	ADJ	22
siia_maani	ADV	22
sugugi	ADV	22
sügavalt	ADV	22
t-särk	NOUN	22
talent	NOUN	22
tulevikkus	NOUN	22
tunnistus	NOUN	22
töö_aeg	NOUN	22
vali_kaine	NOUN	22
vara	ADV	22
vihma_vari	NOUN	22
õpitaja	NOUN	22
17.30	NUM	21
3,5	NUM	21
5555555	NUM	21
Eva	PROPN	21
Film	PROPN	21
Jana	PROPN	21
Kaus	PROPN	21
Maarja	PROPN	21
Meedia	PROPN	21
Mihhail	PROPN	21
Viktor	PROPN	21
aja_looline	ADJ	21
ajastu	NOUN	21
arms	ADJ	21
arsti_teadus	NOUN	21
ava=tud	ADJ	21
avalduma	VERB	21
dialoog	NOUN	21
edas_pidine	ADJ	21
eemale	ADV	21
eest	ADV	21
eksursioon	NOUN	21
elamus	NOUN	21
esineja	NOUN	21
ette	ADP	21
graafik	NOUN	21
hull	ADJ	21
härra	NOUN	21
hävitama	VERB	21
hüpama	VERB	21
inglis	ADJ	21
inspireerima	VERB	21
ise_enesest	ADV	21
ise_seisvus	NOUN	21
juttustama	VERB	21
kardma	VERB	21
kaubandus_keskus	NOUN	21
keerulisem	ADJ	21
kiir	ADJ	21
kiirustama	VERB	21
kirjas	NOUN	21
kokkas	ADJ	21
konstruktiivne	ADJ	21
korrektselt	ADV	21
kull	NOUN	21
kuri_tarvitamine	NOUN	21
kuritarvitama	VERB	21
kuulmine	NOUN	21
käsi_töö	NOUN	21
laagrine	NOUN	21
lähedasem	ADJ	21
lükkama	VERB	21
meedia_klubi	PROPN	21
mere_muuseum	NOUN	21
moodi	ADP	21
muld	NOUN	21
odavam	ADJ	21
organiseerimine	NOUN	21
paha	NOUN	21
pakutud	ADJ	21
panustama	VERB	21
pesu	NOUN	21
pliiats	NOUN	21
poolt	NOUN	21
proekt	NOUN	21
sait	NOUN	21
seadma	VERB	21
side_tehnika	NOUN	21
stabiilne	ADJ	21
struktuur	NOUN	21
sugu_võsa	NOUN	21
sugune	ADJ	21
sulgema	VERB	21
surfama	VERB	21
südame_lähedane	ADJ	21
teema	VERB	21
tegama	VERB	21
tempo	NOUN	21
toimumine	NOUN	21
töö_toa	NOUN	21
tüli	NOUN	21
uisutama	VERB	21
usk	NOUN	21
uuem	ADJ	21
vabamalt	ADV	21
vana_linn	PROPN	21
veedama	VERB	21
vidin	NOUN	21
viskamine	NOUN	21
väljendamine	NOUN	21
värvima	VERB	21
üks_kord	ADV	21
ületama	VERB	21
+37255566777	NUM	20
03.06.2019	NUM	20
13.	ADJ	20
14.30	NUM	20
19:00	NUM	20
20-25	NUM	20
21.04.2021	NUM	20
22.	ADJ	20
Bilan	PROPN	20
Leedu	PROPN	20
Linn	PROPN	20
Oja	PROPN	20
Oskar	PROPN	20
Robin	PROPN	20
Vana_linn	PROPN	20
aeg-ajalt	ADV	20
astumine	NOUN	20
avarii	NOUN	20
eak_aaslane	NOUN	20
edastama	VERB	20
eelnev	ADJ	20
elu_kvaliteet	NOUN	20
energiline	ADJ	20
esmas_päev	PROPN	20
gümnaasium_iõpilane	NOUN	20
hasti	ADV	20
hingama	VERB	20
igatsus	NOUN	20
iial	ADV	20
iidol	NOUN	20
inimine	NOUN	20
inimm_õõtm	NOUN	20
isa_maaline	ADJ	20
isiksus	NOUN	20
juures	ADV	20
karantiin	NOUN	20
kaugusel	ADP	20
kergemini	ADV	20
kindlus	NOUN	20
kinnine	ADJ	20
kinnitama	VERB	20
komitee	NOUN	20
komöödia	NOUN	20
korrektne	ADJ	20
kuulsa	ADJ	20
käänd	NOUN	20
kõht	NOUN	20
lähendama	VERB	20
lõbustus_park	NOUN	20
lõugamine	NOUN	20
maa_kera	NOUN	20
mee	PRON	20
minek	NOUN	20
mis	DET	20
mõningas	DET	20
mööda	ADV	20
noh	INTJ	20
nägima	VERB	20
nähtus	NOUN	20
näima	VERB	20
omane	ADJ	20
palli_vise	NOUN	20
partner	NOUN	20
peatuma	VERB	20
pikkem	ADJ	20
pop-muusika	NOUN	20
praaktika	NOUN	20
psüholoog	NOUN	20
päästja	NOUN	20
reaal_aine	NOUN	20
reži_söör	NOUN	20
se	DET	20
seiklus_park	NOUN	20
spordi_hall	NOUN	20
suheldama	VERB	20
tans	NOUN	20
tekki=nud	ADJ	20
telefoon	NOUN	20
telk	NOUN	20
toitumine	NOUN	20
tulenema	VERB	20
tulev	ADJ	20
tundma	NOUN	20
tähele_panelikult	ADV	20
vaheldus	NOUN	20
vaim	NOUN	20
vaktsiin	NOUN	20
vastu_pidine	ADJ	20
viisakalt	ADV	20
väike_saar	NOUN	20
välja_töötamine	NOUN	20
võttma	VERB	20
üksik	ADJ	20
+37255566677	NUM	19
.ma	PRON	19
26.	ADJ	19
9:	NUM	19
Astri	PROPN	19
Daniil	PROPN	19
EkskursiooniLe.me	NOUN	19
IT	NOUN	19
Indrek	PROPN	19
Lp	PROPN	19
Petrova	PROPN	19
Restoran	PROPN	19
Seletuskir	PROPN	19
Tamm_saare	PROPN	19
aja_kiri	NOUN	19
aja_raiskamine	NOUN	19
aja_veetmine	NOUN	19
aktiivselt	ADV	19
aru_saada	VERB	19
detsember	NOUN	19
eba_reaalne	ADJ	19
eristama	VERB	19
etendus	NOUN	19
ette_võte	NOUN	19
foto_graaf	NOUN	19
foto_graafia	NOUN	19
grill	NOUN	19
hall	ADJ	19
hobbi	NOUN	19
insener	NOUN	19
jaani_päev	NOUN	19
jooks	ADP	19
jooksema	VERB	19
kahe_kümnes	ADJ	19
kahekesi	ADV	19
kahtlema	VERB	19
kaktlema	VERB	19
kallistama	VERB	19
kaupluste_kett	NOUN	19
kooli_aasta	NOUN	19
kriitiline	ADJ	19
kunsti_ring	NOUN	19
kutse	VERB	19
laulu_sõna	NOUN	19
lennu_akadeemia	NOUN	19
liiklus	NOUN	19
lõppetamine	NOUN	19
lõõgastuma	VERB	19
mart.mets@gmail.com	NOUN	19
matkamine	NOUN	19
menüü	NOUN	19
mitme_sugune	DET	19
mobiil	NOUN	19
märk	NOUN	19
määrama	VERB	19
mõistus	NOUN	19
naitleja	NOUN	19
net	NOUN	19
objektiivne	ADJ	19
ootamatult	ADV	19
opilane	NOUN	19
osakond	NOUN	19
otse	ADV	19
parendama	VERB	19
peaegu	ADV	19
pealt	ADV	19
pingeline	ADJ	19
pooldama	VERB	19
programmeeri=ja	NOUN	19
provima	VERB	19
putukas	NOUN	19
päris_elu	NOUN	19
pääsema	VERB	19
rokk_muusika	NOUN	19
saabas	NOUN	19
seotama	VERB	19
sest	PRON	19
siht	NOUN	19
soeng	NOUN	19
suht	ADV	19
süüja	NOUN	19
teatma	VERB	19
trend	NOUN	19
tuntum	ADJ	19
turg	NOUN	19
tutvumine	NOUN	19
vald	NOUN	19
veel_kord	ADV	19
vene_keel	NOUN	19
vigu	NOUN	19
või	ADV	19
äri	NOUN	19
õppema	VERB	19
ühe_sugune	ADJ	19
ühte_kuuluvus	NOUN	19
+3725555555	NUM	18
...	PUNCT	18
08.06.2020	NUM	18
5miinus	NOUN	18
7-9	NUM	18
7.a	ADJ	18
Ahaa	PROPN	18
Haapsalu	PROPN	18
Jõgi	PROPN	18
Kallis	ADJ	18
Katja	PROPN	18
M.	PROPN	18
Pae	PROPN	18
Robert	PROPN	18
Saku	PROPN	18
Sandra	PROPN	18
_	PUNCT	18
aasta_kümme	NOUN	18
aitäh	VERB	18
anema	VERB	18
avastamine	NOUN	18
diplom	NOUN	18
disainer	NOUN	18
elu_tee	NOUN	18
enam_jaolt	ADV	18
ettevalmistama	VERB	18
haarama	VERB	18
heaks	ADP	18
hilja	ADV	18
häda_vajalik	ADJ	18
informeerima	VERB	18
inimlik	ADJ	18
jazz	NOUN	18
juurest	ADP	18
kandidaat	NOUN	18
kasutusele_võtt	NOUN	18
katastroof	NOUN	18
keevitaja	NOUN	18
klass_ikaaslane	NOUN	18
klassi_õde	NOUN	18
kogus	NOUN	18
kulsus	NOUN	18
kurbus	NOUN	18
kvaliteet	NOUN	18
käik	NOUN	18
kätte	ADV	18
kõla	NOUN	18
kõrvak_lapp	NOUN	18
kõrvale	ADV	18
külastamine	NOUN	18
lahutama	VERB	18
leevendama	VERB	18
lennu_jaam	NOUN	18
meelsasti	ADV	18
minema	ADJ	18
märg	ADJ	18
nuti_sõltuvus	NOUN	18
nõnda	ADV	18
omandamine	NOUN	18
organisatsioon	NOUN	18
pahasti	ADV	18
pastakas	NOUN	18
piirama	VERB	18
pikalt	ADV	18
post	NOUN	18
psühholoog	NOUN	18
puhastama	VERB	18
ravimine	NOUN	18
reaktsioon	NOUN	18
risk	NOUN	18
rõõm	ADJ	18
rühma_töö	NOUN	18
soodustama	VERB	18
staar	NOUN	18
suruma	VERB	18
suuline	ADJ	18
suuteline	ADJ	18
tagant	ADP	18
tehniline	ADJ	18
tervik	NOUN	18
tervis	INTJ	18
trennima	VERB	18
trumm	NOUN	18
tuli	VERB	18
tulima	VERB	18
tuntuma	VERB	18
täis_koolitus	NOUN	18
vaatamis_värsus	NOUN	18
vaba_tahtlik	ADJ	18
vastavalt	ADP	18
vastu_argumend	NOUN	18
vastutus	NOUN	18
võtama	VERB	18
äärmiselt	ADV	18
õmbleja	NOUN	18
õpetamine	NOUN	18
õpp	NOUN	18
!!!	PUNCT	17
10.30	NUM	17
13:00	NUM	17
27.04.2022	NUM	17
5555666	NUM	17
600	NUM	17
70	NUM	17
9:00	NUM	17
Irina	PROPN	17
KUMU	PROPN	17
London	PROPN	17
Nikita	PROPN	17
Norra	PROPN	17
Nõu_kogu	PROPN	17
Roman	PROPN	17
Sofia	PROPN	17
Tamme	PROPN	17
Tanel	PROPN	17
Tapa	PROPN	17
Tel	PROPN	17
Urmas	PROPN	17
Viimsi	PROPN	17
abit_urient	NOUN	17
aeglaselt	ADV	17
aja_pikku	ADV	17
asja_olu	NOUN	17
eba_mugavus	NOUN	17
eeldama	VERB	17
ehitamine	NOUN	17
email	NOUN	17
enese_kindlus	NOUN	17
esma_abi	NOUN	17
fantaasia	NOUN	17
heat_aeg	NOUN	17
hommikuti	ADV	17
hümn	NOUN	17
iga_üks	DET	17
igavus	NOUN	17
jms	ADV	17
joog	NOUN	17
kaaluma	VERB	17
kevad_peos	NOUN	17
klaasi_kaaslane	NOUN	17
kohalik	ADJ	17
koik	DET	17
komeedia	NOUN	17
kommentaar	NOUN	17
konta_ktand	NOUN	17
kontsert	PROPN	17
kooli_programm	NOUN	17
kooli_vorm	NOUN	17
koostma	VERB	17
kurvastama	VERB	17
kuskile	ADV	17
kuskilt	ADV	17
kutse_kool	NOUN	17
käsi_käes	ADV	17
kõigest	ADV	17
levi=nud	ADJ	17
liigutama	VERB	17
lootus	NOUN	17
lähem	ADJ	17
matka	NOUN	17
miljard	NUM	17
murdma	VERB	17
muusikas_tiil	NOUN	17
mägi	NOUN	17
nett	NOUN	17
nutikas	ADJ	17
näitma	VERB	17
olima	AUX	17
paratamatult	ADV	17
pea_linn	NOUN	17
perekonna_nimi	NOUN	17
pesu_masin	NOUN	17
piisav	ADJ	17
popp	NOUN	17
präegu	ADV	17
püüdmine	NOUN	17
rakendus	NOUN	17
ringis	ADP	17
roosa	NOUN	17
selgelt	ADV	17
seni	ADV	17
sisseastumiseksam	NOUN	17
spordi_päev	PROPN	17
sporti_päev	NOUN	17
sõltumatu	ADJ	17
sõltuv	ADJ	17
tagama	VERB	17
teavitama	VERB	17
teenus	NOUN	17
tegelane	NOUN	17
teke	NOUN	17
tutvusma	VERB	17
tšau	INTJ	17
unustamatu	ADJ	17
vise	NOUN	17
väljend	NOUN	17
õudne	ADJ	17
ühis_elamu	PROPN	17
100m	NUM	16
1050	NUM	16
13.30	NUM	16
16.30	NUM	16
17.04.2018	NUM	16
20:00	NUM	16
5555	NUM	16
55566777	NUM	16
Fred	PROPN	16
Keeltelütseum	PROPN	16
Koidula	PROPN	16
Maasika	PROPN	16
Mai	PROPN	16
Taavi	PROPN	16
Vabaduse	PROPN	16
Viru	PROPN	16
agressiivne	ADJ	16
aja_kirjandus	NOUN	16
annama	VERB	16
aru_saadavalt	ADV	16
arvutama	VERB	16
auto_juhi_kursus	NOUN	16
autojuhikur=sus	NOUN	16
detektiiv	NOUN	16
edasine	ADJ	16
edukus	NOUN	16
ekskursioonile.ekskursioon	NOUN	16
elu_tingimus	NOUN	16
emotsionaalselt	ADV	16
eraldi	ADV	16
ese	NOUN	16
esinema	ADJ	16
esitaja	NOUN	16
esitlus	NOUN	16
estafeet	NOUN	16
gümna_sist	NOUN	16
hamburger	NOUN	16
hulka	ADP	16
it-spetsialist	NOUN	16
jalg_pallur	NOUN	16
jopp	NOUN	16
jälg_pall	NOUN	16
järele	ADV	16
järgnema	VERB	16
jää	NOUN	16
kaal	NOUN	16
kana	NOUN	16
kapp	NOUN	16
kardama	VERB	16
kategooria	NOUN	16
katse	NOUN	16
kaugemale	ADV	16
kevad_peol	NOUN	16
kontserdi_maja	NOUN	16
kusimus	NOUN	16
kääne	NOUN	16
lemmik_õppe_ained	NOUN	16
loogika	NOUN	16
lähemale	ADV	16
lõbusalt	ADV	16
lõhkuma	VERB	16
lõhn	NOUN	16
maa_ilma_sõda	NOUN	16
matemaatika	PROPN	16
meeletu	ADJ	16
meil	NOUN	16
minema	NOUN	16
moos	NOUN	16
muusi_kapedagoog	NOUN	16
muutuv	ADJ	16
mängu_tuba	NOUN	16
mõttlema	VERB	16
mööbel	NOUN	16
ni	ADV	16
nii_siis	ADV	16
nii_sugune	ADJ	16
nõus	NOUN	16
paar_kümmend	NUM	16
panus	NOUN	16
paras_jagu	ADV	16
paus	NOUN	16
peal	ADV	16
peitma	VERB	16
professionaal	NOUN	16
puhke_päev	NOUN	16
põhi_kool	PROPN	16
põhi_mõte	NOUN	16
püsi_väärtus	NOUN	16
rajama	VERB	16
reetma	VERB	16
reostama	VERB	16
rohke=m	ADJ	16
saa	NOUN	16
saadud	ADJ	16
sala	NOUN	16
sarnanema	VERB	16
seal_hulgas	ADV	16
sood	NOUN	16
spodi_päev	NOUN	16
spordi_keskus	NOUN	16
spordi_päaev	NOUN	16
suunas	ADP	16
suur_riik	NOUN	16
sünni-paev	NOUN	16
takistus	NOUN	16
tantsu_ring	NOUN	16
tarbima	VERB	16
teenindama	VERB	16
teostama	VERB	16
tipp_restoran	NOUN	16
truu	ADJ	16
tundmatu	ADJ	16
turvaliselt	ADV	16
ununema	VERB	16
uurimine	NOUN	16
vahetus	NOUN	16
vahvas	ADJ	16
vaikima	VERB	16
vaimselt	ADV	16
valitsus	NOUN	16
varastama	VERB	16
vari	NOUN	16
viibimine	NOUN	16
viiner	NOUN	16
väljuma	VERB	16
õhtu_söök	NOUN	16
öeldama	VERB	16
üllatama	VERB	16
,mari	PROPN	15
/	PUNCT	15
01.06.2020	NUM	15
1-1	NUM	15
11.30	NUM	15
11222	NUM	15
27	NUM	15
6-9	NUM	15
Diana	PROPN	15
Helja	PROPN	15
Jüri	PROPN	15
Kooli	PROPN	15
Kuur_maa	PROPN	15
Lääne_meri	PROPN	15
Madis	PROPN	15
Nõmme	PROPN	15
Pariis	PROPN	15
Polli	PROPN	15
Riina	PROPN	15
Talv	PROPN	15
Ullu	PROPN	15
alkohol	NOUN	15
arenev	ADJ	15
argi_elu	NOUN	15
aru_saamatu	ADJ	15
distants	NOUN	15
eba	ADV	15
eba_tervislik	ADJ	15
elektroonikas_eadmed	NOUN	15
elu	ADJ	15
elu_tempo	NOUN	15
ennem	ADV	15
ettendus	NOUN	15
fantastiline	ADJ	15
globaalne	ADJ	15
halvenema	VERB	15
haritud	ADJ	15
hea_tegevus	NOUN	15
hinnang	NOUN	15
hispaania	ADJ	15
hool	NOUN	15
iga_kord	ADV	15
individuaal=sus	NOUN	15
istutama	VERB	15
kaasnev	ADJ	15
kahe_teistkümnes	ADJ	15
kaklema	VERB	15
kallal	ADP	15
kesk_haridus	NOUN	15
kevade_pidu	NOUN	15
kevadkontsert.kontsert	NOUN	15
kodu_igatsus	NOUN	15
koduselt	ADV	15
kohus	NOUN	15
kompromiss	NOUN	15
kooli_töö	NOUN	15
koori_laul	NOUN	15
koristaja	NOUN	15
kosmos	NOUN	15
kummitamine	NOUN	15
käsi_pall	NOUN	15
käsitlema	VERB	15
kõr_vaklapp	NOUN	15
kõrval	ADV	15
külastaja	NOUN	15
külm_kapp	NOUN	15
küpsetama	VERB	15
lemm_ikõp_peaine	NOUN	15
libisema	VERB	15
lihtsa=mini	ADV	15
loov	ADJ	15
läbi_murre	NOUN	15
läbi_viimine	NOUN	15
lõikama	VERB	15
lõppu	NOUN	15
magamis_tuba	NOUN	15
maks	NOUN	15
maksmine	NOUN	15
martmets@gmail.com	NOUN	15
meeletult	ADV	15
miin	NOUN	15
mis_sugune	PRON	15
mitme_kesisus	NOUN	15
mõti	NOUN	15
naeratus	NOUN	15
negatiiv	NOUN	15
neli_kümmend	NUM	15
ollu_kord	NOUN	15
ootamatu	ADJ	15
otsimine	NOUN	15
pahandus	NOUN	15
pandma	VERB	15
peo_kuulutus	NOUN	15
pesa_pall	NOUN	15
pisar	NOUN	15
plaat	NOUN	15
pooleldi	ADV	15
postitama	VERB	15
rahvastik	NOUN	15
rohke	ADJ	15
rutiin	NOUN	15
röövima	VERB	15
sealne	ADJ	15
see_läbi	ADV	15
sell	DET	15
sellene	DET	15
seltskondlik	ADJ	15
skulptuur	NOUN	15
soojendus	NOUN	15
spordi_riide	NOUN	15
spordi_vorm	NOUN	15
sünni_päevale,m	NOUN	15
tajuma	VERB	15
takistama	VERB	15
tea_trigrupp	NOUN	15
teaduskond	NOUN	15
tegelikkus	NOUN	15
traktor	NOUN	15
usuma	VERB	15
vaate_nurk	NOUN	15
vaenlane	NOUN	15
valitsema	VERB	15
valmis	ADV	15
vähem	ADJ	15
äpp	NOUN	15
äärde	ADP	15
õpitama	VERB	15
.ma	PUNCT	14
12.A	ADJ	14
12a	ADJ	14
20.mail	ADJ	14
2016.	ADJ	14
29.05.17	NUM	14
5-7	NUM	14
7c	ADJ	14
8:00	NUM	14
Anna	VERB	14
Aura	PROPN	14
Eile	PROPN	14
Hanna	PROPN	14
Katariina	PROPN	14
Pikk	PROPN	14
Pärn	PROPN	14
Riigi_kogu	PROPN	14
Sky	PROPN	14
Smirnov	PROPN	14
TÕVL	PROPN	14
abi_kaasa	NOUN	14
abi_vahend	NOUN	14
akva_park	NOUN	14
alt	ADP	14
armuma	VERB	14
asja_tundja	NOUN	14
atraktsioon	NOUN	14
auh	NOUN	14
elu_koht	NOUN	14
endiselt	ADV	14
esmas_päevast-reed	NOUN	14
haru	NOUN	14
hob	NOUN	14
igati	ADV	14
ime	NOUN	14
informatsion	NOUN	14
jahi_mees	NOUN	14
jala	ADV	14
julgus	NOUN	14
jõudmine	NOUN	14
kaela_kargamine	NOUN	14
kandideerima	VERB	14
kasutaja	NOUN	14
kasvatamine	NOUN	14
kasvav	ADJ	14
katus	NOUN	14
kodu_masin	NOUN	14
kolma_päev	PROPN	14
kooli_direktor	NOUN	14
koolima	VERB	14
kuju	NOUN	14
kuld	NOUN	14
kuningas	NOUN	14
kuus_teist	NUM	14
kõik	ADV	14
küllastama	VERB	14
lapse_vanem	NOUN	14
laste_pile	NOUN	14
laulu_koor	NOUN	14
lehm	NOUN	14
lohutus	NOUN	14
loodud	ADJ	14
lugu_petud	ADJ	14
läbimine	NOUN	14
lõppun	NOUN	14
lülitama	VERB	14
muusika_tunne	NOUN	14
muusika_žanr	NOUN	14
muutmine	NOUN	14
mõistlikum	ADJ	14
mõtte	NOUN	14
naerama	VERB	14
noorus	NOUN	14
norm	NOUN	14
nähtav	ADJ	14
nõustama	VERB	14
oletama	VERB	14
oma_ette	ADV	14
osas	ADP	14
piirukas	NOUN	14
pilv	NOUN	14
positiivse=m	ADJ	14
psühholoogia	NOUN	14
puhkamine	NOUN	14
puhkuma	VERB	14
põhinema	VERB	14
rahuldama	VERB	14
rahunema	VERB	14
rahva_tants	NOUN	14
rahvuslik	ADJ	14
rikkus	NOUN	14
rohkesti	ADV	14
saadav	ADJ	14
saama	NOUN	14
saastama	VERB	14
see_kord	ADV	14
seis	NOUN	14
siiras	ADJ	14
sisse_pääs	NOUN	14
sisu	NOUN	14
sisustama	VERB	14
släng	NOUN	14
sobilik	ADJ	14
sobivam	ADJ	14
soobiv	ADJ	14
soodustus	NOUN	14
sooritamine	NOUN	14
sõidama	VERB	14
sünni_päeva_peol	NOUN	14
taas	ADV	14
taluma	VERB	14
tatmh	VERB	14
teaduslik	ADJ	14
tegele=mine	NOUN	14
tegema	NOUN	14
tekkimine	NOUN	14
terviseväljavaade	NOUN	14
tohtima	VERB	14
toimetus	NOUN	14
trauma	NOUN	14
tume	ADJ	14
tunnetama	VERB	14
turvalisem	ADJ	14
tänuma	VERB	14
täpsustav	ADJ	14
töö_kogemus	NOUN	14
töötav	ADJ	14
töötlema	VERB	14
tülitsema	VERB	14
uuring	NOUN	14
vaba_riik	NOUN	14
valjult	ADV	14
vihane	ADJ	14
ääretult	ADV	14
õpetus	NOUN	14
õppimis	NOUN	14
ühe_sõnaga	ADV	14
ühendus_tee	NOUN	14
ühtlasi	ADV	14
üle_homme	ADV	14
.sünni_päev	NOUN	13
18_aastane	ADJ	13
2-3	NUM	13
45-minutiline	ADJ	13
Hiina	PROPN	13
Ida-Viru_maa	PROPN	13
Ivan	PROPN	13
Jüssi	PROPN	13
Karu	PROPN	13
Keila	PROPN	13
Lauri	PROPN	13
Oleg	PROPN	13
Ootan	PROPN	13
Põhi_kool	PROPN	13
Reaal_kool	PROPN	13
Riho	PROPN	13
SPA	PROPN	13
Skype	PROPN	13
Triin	PROPN	13
Tsau	PROPN	13
Tõnis_mägi	PROPN	13
ainul	ADV	13
antma	VERB	13
arhitektor	NOUN	13
burger	NOUN	13
bussi_peatus	NOUN	13
eba_kindel	ADJ	13
enim	ADV	13
esi_koht	NOUN	13
esimene	ADV	13
esimine	ADJ	13
ette_valmistuskursus	NOUN	13
evolutsioon	NOUN	13
hoopiski	ADV	13
hoov	NOUN	13
hunt	NOUN	13
hämmastav	ADJ	13
intervjuu	NOUN	13
julgem	ADJ	13
jää_hoki	NOUN	13
karjääri_võimalus	NOUN	13
kasa	NOUN	13
keelduma	VERB	13
kleid	NOUN	13
kohmakas	ADJ	13
kohuse_tundlik	ADJ	13
kole	ADJ	13
kolma_päeviti	ADV	13
kombe_ruum	NOUN	13
konservatiivne	ADJ	13
kooli_aine	NOUN	13
koolivahea_ega	NOUN	13
kreatiivne	ADJ	13
kuhugile	ADV	13
kulje	NOUN	13
kustutama	VERB	13
kuulsu	ADJ	13
käsk	NOUN	13
kõva	ADJ	13
laadima	VERB	13
laiem	ADJ	13
laulu_väljak	NOUN	13
lemmikõ_ppe_aine	NOUN	13
lend	NOUN	13
levik	NOUN	13
liialt	ADV	13
liisa	NOUN	13
looma_arst	NOUN	13
loominguline	ADJ	13
lähemalt	ADV	13
lõbu	NOUN	13
maa_ilm	PROPN	13
maandama	VERB	13
magus	NOUN	13
mail	NOUN	13
maksimum	NOUN	13
meeldimine	NOUN	13
mite	PRON	13
mõtte_maa_ilm	NOUN	13
nutis_eadme	NOUN	13
näema	VERB	13
olemus	NOUN	13
olenevalt	ADV	13
pankook	NOUN	13
pann_kook	NOUN	13
pikendama	VERB	13
pind	NOUN	13
poks	NOUN	13
pr	NOUN	13
püsiv	ADJ	13
rägima	VERB	13
saatus	NOUN	13
saun	NOUN	13
seast	ADP	13
seest	ADV	13
segadus	NOUN	13
seline	ADJ	13
siga	NOUN	13
siiralt	ADV	13
sis	ADV	13
skypark	NOUN	13
statistika	NOUN	13
sula_raha	NOUN	13
sulg	PRON	13
südamlik	ADJ	13
sügavam	ADJ	13
süle_arvuti	NOUN	13
sünni_koht	NOUN	13
süüdi	ADV	13
taga	ADV	13
tahtis	ADJ	13
tasa	ADV	13
teekond	NOUN	13
teisi_paev	NOUN	13
toid	NOUN	13
tois	NOUN	13
torn	NOUN	13
traditsiooniline	ADJ	13
treening	NOUN	13
turvalisus	NOUN	13
tuuma_pomm	NOUN	13
täna_paev	NOUN	13
tõus	NOUN	13
tõõtama	VERB	13
vahele	ADV	13
valu	NOUN	13
vara_hommik	NOUN	13
varakult	ADV	13
vastik	ADJ	13
vastutaja	NOUN	13
viiul	NOUN	13
voima	AUX	13
voitma	VERB	13
väiksed	ADJ	13
väljas_pool	ADV	13
vältel	ADP	13
võidma	VERB	13
võlu	NOUN	13
võrdne	ADJ	13
vötma	VERB	13
õppe_plats	NOUN	13
ühiselt	ADV	13
ühtsus	NOUN	13
üle_üldse	ADV	13
ülimalt	ADV	13
ümisema	VERB	13
,sest	SCONJ	12
.spordi_päev	NOUN	12
01.06.18	NUM	12
1,3	NUM	12
10000	NUM	12
12345	NUM	12
16_aastane	ADJ	12
21.00	NUM	12
28.09.2022	NUM	12
3-4	NUM	12
35	NUM	12
7.b	ADJ	12
7a	ADJ	12
Aleksandr	PROPN	12
Aljona	PROPN	12
Andreas	PROPN	12
Andrus	PROPN	12
Arno	PROPN	12
Artjom	PROPN	12
Arvuti	PROPN	12
ETV	PROPN	12
Ekskursioon	PROPN	12
Humanitaargümnaasium	PROPN	12
Inter_net	PROPN	12
Keemia	PROPN	12
Kontsert	PROPN	12
Linna_mäe	PROPN	12
Muuseum	PROPN	12
Pargi	PROPN	12
Rakvere	PROPN	12
Rasmus	PROPN	12
Tallin	PROPN	12
Tartus	PROPN	12
ahv	NOUN	12
aktiivsus	NOUN	12
arsti_abi	NOUN	12
asutus	NOUN	12
austamine	NOUN	12
auto_juhiku_rsus	NOUN	12
drama	NOUN	12
eba_huvitav	ADJ	12
eba_viisak	ADJ	12
eelnevalt	ADV	12
effekt	NOUN	12
elektroonika_seade	NOUN	12
eri_pära	NOUN	12
estafet	NOUN	12
ette_kujutus	NOUN	12
gramatika	NOUN	12
gümnasium	NOUN	12
haigestuma	VERB	12
harrastama	VERB	12
haruldane	ADJ	12
hea_südamlik	ADJ	12
heaks	ADV	12
heli_looja	NOUN	12
hiljaks	ADV	12
hitt	NOUN	12
hoidmine	NOUN	12
huviline	NOUN	12
huvitab	ADJ	12
hüpdma	VERB	12
hüppe_nöör	NOUN	12
hüüpama	VERB	12
iga_tahes	ADV	12
internett	NOUN	12
ise_loomu_joon	NOUN	12
istumine	NOUN	12
jumal	NOUN	12
jänes	NOUN	12
kanal	NOUN	12
kasutu	ADJ	12
kegi	PRON	12
kevade_kontsert	NOUN	12
kindlustama	VERB	12
kiresti	ADV	12
kirjutatud	ADJ	12
kiusama	VERB	12
klassik_aastlane	NOUN	12
kodakondsus	NOUN	12
kodu_linn	NOUN	12
kogemata	ADV	12
kolm_teist	NUM	12
kooli_maja	NOUN	12
koostamine	NOUN	12
kotti_jooks	NOUN	12
kuigi	ADV	12
kunagine	ADJ	12
kuri	NOUN	12
kuri_tegu	NOUN	12
kuul	NOUN	12
kvaliteetne	ADJ	12
käsima	VERB	12
kõrgelt	ADV	12
küllap	ADV	12
laine	NOUN	12
laiskus	NOUN	12
laulu_kaar	NOUN	12
lennu_reis	NOUN	12
ligi	ADV	12
lihtsasti	ADV	12
lihtsus	NOUN	12
liiv	NOUN	12
loema	VERB	12
loomus	NOUN	12
lp	ADJ	12
lõppu_klass	NOUN	12
maa_kodu	NOUN	12
madalam	ADJ	12
main	NOUN	12
maksama	VERB	12
male	NOUN	12
maraton	NOUN	12
mari@gmail.com	NOUN	12
mass	NOUN	12
meelde_jääv	ADJ	12
meeleldi	ADV	12
mei	PRON	12
meisterdama	VERB	12
mudel	NOUN	12
multikas	NOUN	12
muusika_liik	NOUN	12
muusika_maa_ilm	NOUN	12
muutama	VERB	12
mänd	NOUN	12
mõistmine	NOUN	12
münt	NOUN	12
naasma	VERB	12
nimetatud	ADJ	12
näidend	NOUN	12
närvi_süsteem	NOUN	12
nüüdis_aeg	NOUN	12
ola	NOUN	12
operaator	NOUN	12
organiseeritud	ADJ	12
ostama	VERB	12
paistama	VERB	12
pallivine	NOUN	12
paratamatu	ADJ	12
peama	AUX	12
peenar	NOUN	12
perspektiiv	NOUN	12
petma	VERB	12
pizza	NOUN	12
positivne	ADJ	12
programeerimine	NOUN	12
pst	NOUN	12
pudel	NOUN	12
puhuma	VERB	12
purunev	ADJ	12
põlvkonn	NOUN	12
pühenduma	VERB	12
raakima	VERB	12
rahvus_pall	NOUN	12
remont	NOUN	12
roobot	NOUN	12
roomama	VERB	12
räkkima	VERB	12
räni_alune	ADJ	12
rõõmsalt	ADV	12
saadma	VERB	12
sbdr	NOUN	12
seotus	NOUN	12
siin_kohal	ADV	12
sild	NOUN	12
sokk	NOUN	12
sort	NOUN	12
spordi_võistlus	NOUN	12
stiilne	ADJ	12
sugu	NOUN	12
säärane	DET	12
söö	NOUN	12
tahte_jõud	NOUN	12
tanma	VERB	12
tava_inimene	NOUN	12
teave	NOUN	12
teenindaja	NOUN	12
tegelt	ADV	12
teisi_päev	PROPN	12
teist_sugune	PRON	12
territoorium	NOUN	12
toredasti	ADV	12
tuli	PRON	12
tutvus_ringkond	NOUN	12
tööstus	NOUN	12
ujumis	NOUN	12
uni	NOUN	12
usaldus	NOUN	12
uudis_himu	NOUN	12
vaba_tahtlikult	ADV	12
vahe_maa	NOUN	12
vastu_pidiselt	ADV	12
vee	NOUN	12
voolama	VERB	12
väiksus	NOUN	12
võitima	VERB	12
Õpetaja	PROPN	12
õige	ADV	12
üdi	NOUN	12
üks_teise	NUM	12
ülesse	ADV	12
1-2	NUM	11
25.mail	ADJ	11
28.	ADJ	11
30.05.16	NUM	11
31	NUM	11
5-9	NUM	11
555	NUM	11
7.00	NUM	11
80	NUM	11
Aia	PROPN	11
Aru_anne	PROPN	11
Direktor	PROPN	11
Google	PROPN	11
Ilves	PROPN	11
Ingrid	PROPN	11
Jaak	PROPN	11
Karina	PROPN	11
Lido	PROPN	11
Natalja	PROPN	11
Otepää	PROPN	11
Paide	PROPN	11
Pilet	PROPN	11
Polina	PROPN	11
Saarema	PROPN	11
Saksa	PROPN	11
Sass	PROPN	11
Soldino	PROPN	11
Tammik	PROPN	11
Youtube	PROPN	11
aasta_päev	NOUN	11
administratsioon	NOUN	11
ai	NOUN	11
aitamine	NOUN	11
aitäh	ADV	11
algaste	NOUN	11
ammune	ADJ	11
analüüs	NOUN	11
arendav	ADJ	11
aru_saam	VERB	11
ase	NOUN	11
asendamatu	ADJ	11
ausus	NOUN	11
batuudi_keskus	NOUN	11
bowling	NOUN	11
eba_viisakas	ADJ	11
eba_õnnestumine	NOUN	11
eeldus	NOUN	11
eesti_maine	ADJ	11
ehkki	SCONJ	11
elevant	NOUN	11
elu_aasta	NOUN	11
enam	ADJ	11
ennas	PRON	11
esmas_paev	NOUN	11
ette_vaatlikult	ADV	11
eur	NOUN	11
grammaatika	NOUN	11
halv	ADJ	11
heitma	VERB	11
hiiglaslik	ADJ	11
huvima	VERB	11
häbi	NOUN	11
häda	NOUN	11
info_allikas	NOUN	11
jalutus_käik	NOUN	11
juhi_luba	NOUN	11
juhuslikult	ADV	11
jurist	NOUN	11
jutukas	ADJ	11
juutustama	VERB	11
jälg	NOUN	11
järel	ADP	11
järgi	ADV	11
järsku	ADV	11
jööma	VERB	11
kahekümnes	ADJ	11
kahtlus	NOUN	11
kaotamine	NOUN	11
kasvatamatus	NOUN	11
katsuma	VERB	11
kaunine	ADJ	11
kaupa	ADP	11
keelte_kool	NOUN	11
kella_aeg	NOUN	11
kiri	ADJ	11
kohal	ADP	11
koheselt	ADV	11
kohutav	ADJ	11
kokkas	NOUN	11
kolleeg	NOUN	11
konkreetselt	ADV	11
konkurse	NOUN	11
konn	NOUN	11
konsultatsioon	NOUN	11
kooli_laps	NOUN	11
koolia_ula	NOUN	11
kummita=mine	NOUN	11
kunsti_muuseum	NOUN	11
kuulam	NOUN	11
käär	NOUN	11
kõnnima	VERB	11
kõrvalt	ADP	11
laialt	ADV	11
lennur	NOUN	11
libe_sõit	NOUN	11
liigutus	NOUN	11
liisama	VERB	11
liit	NOUN	11
liituma	VERB	11
loodan,e	NOUN	11
luba	NOUN	11
lähedase=m	ADJ	11
lähedus	NOUN	11
lärmakas	ADJ	11
maastik	NOUN	11
majustus	NOUN	11
mang	NOUN	11
masendus	NOUN	11
monteerima	VERB	11
mootor	NOUN	11
mujalt	ADV	11
muusika_pala	NOUN	11
mõistetav	ADJ	11
mõnd	PRON	11
müra	NOUN	11
nauding	NOUN	11
niitma	VERB	11
nimodi	ADV	11
näitek	NOUN	11
odavalt	ADV	11
olu_korr	NOUN	11
pakutav	ADJ	11
pidulik	ADJ	11
pidutsema	VERB	11
pild	NOUN	11
pingi_naaber	NOUN	11
pisut	ADV	11
poliitiline	ADJ	11
positiiv	NOUN	11
positiivsem	ADJ	11
pärit_olu	NOUN	11
püüd	NOUN	11
raha_kott	NOUN	11
rahustav	ADJ	11
rida	NOUN	11
riiul	NOUN	11
rikkam	ADJ	11
rõmus	ADJ	11
sallima	VERB	11
sama	AUX	11
seelik	NOUN	11
selle_poolest	ADV	11
siena	PRON	11
spoort	NOUN	11
sportima	VERB	11
stereo_tüüp	NOUN	11
suhelema	VERB	11
suitsetama	VERB	11
surmav	ADJ	11
suur_linn	NOUN	11
sõbralikult	ADV	11
süvendama	VERB	11
tahes	ADV	11
taipama	VERB	11
taldrik	NOUN	11
tall	NOUN	11
tehnika_vidin	NOUN	11
tehnoloogiline	ADJ	11
tel	ADP	11
tema	VERB	11
tihe	ADJ	11
tn	NOUN	11
tolerantne	ADJ	11
transpordi_vahend	NOUN	11
treenima	VERB	11
trikk	NOUN	11
tsiteerima	VERB	11
tudruk	NOUN	11
tunnus	NOUN	11
täesti	ADV	11
tõkke_jooks	NOUN	11
töö_graafik	NOUN	11
töö_varjupäe_vaga	NOUN	11
tükk	NOUN	11
tüütu	ADJ	11
uskumatult	ADV	11
vahendus	NOUN	11
vaidlus	NOUN	11
vale	NOUN	11
vallutama	VERB	11
varajane	ADJ	11
vastu_meelsus	NOUN	11
veendumus	NOUN	11
veider	ADJ	11
veri_vorst	NOUN	11
video_mäng	NOUN	11
viie_teistkümnes	ADJ	11
vägev	ADJ	11
väikne	ADJ	11
väärtuslikum	ADJ	11
võrratu	ADJ	11
äev	ADJ	11
äev.ee	NOUN	11
äri_mees	NOUN	11
õhu_pall	NOUN	11
õiglane	ADJ	11
õnn	ADV	11
õnnelikult	ADV	11
õnnetu	ADJ	11
ühte_kuuluvu_stunn	NOUN	11
ühtsus_tunne	NOUN	11
üüritus	NOUN	11
’	PUNCT	11
€	SYM	11
!mina	PRON	10
+3255566677	NUM	10
,kell	NOUN	10
,liisa	PROPN	10
16.mail	ADJ	10
18.30	NUM	10
2022	NUM	10
20:	NUM	10
21.mail	ADJ	10
Ahtme	PROPN	10
Austraalia	PROPN	10
Balti	PROPN	10
Ilja	PROPN	10
Jurmala	PROPN	10
Juss	PROPN	10
Kadri_org	NOUN	10
Kirber	PROPN	10
Kreeka	PROPN	10
Kumu	PROPN	10
Mare	PROPN	10
Marija	PROPN	10
Marika	PROPN	10
Marko	PROPN	10
Marta	PROPN	10
Miinus	PROPN	10
Mina	PROPN	10
Nublu	PROPN	10
Raul	PROPN	10
Sünni_päev	PROPN	10
TTÜ	PROPN	10
Vladimir	PROPN	10
abiline	NOUN	10
aim	NOUN	10
anne	NOUN	10
april	NOUN	10
ara	ADV	10
armastatud	ADJ	10
arutlemine	NOUN	10
arutlev	ADJ	10
au_hina	NOUN	10
auk	NOUN	10
autoju_hikursus	NOUN	10
bussi_juht	NOUN	10
demo_kraatlik	ADJ	10
distsipliin	NOUN	10
eba_kasulik	ADJ	10
eba_õige	ADJ	10
eest	NOUN	10
eksperimenteerima	VERB	10
erenev	ADJ	10
eri_olu_kord	NOUN	10
esi_mees	NOUN	10
esitamine	NOUN	10
estlane	NOUN	10
etapp	NOUN	10
filmi=mine	NOUN	10
fraas	NOUN	10
gmail	NOUN	10
halb	NOUN	10
harmoonia	NOUN	10
haukuma	VERB	10
hea_meelne	ADJ	10
heitgaas	NOUN	10
hirmus	ADJ	10
huuvitav	ADJ	10
hõlpsasti	ADV	10
ilusalt	ADV	10
individuaalsus	NOUN	10
inemene	NOUN	10
inim_elu	NOUN	10
j.n.e	ADV	10
jagamine	NOUN	10
juhtus	NOUN	10
jumaldama	VERB	10
jutustus	NOUN	10
jägama	VERB	10
jätkamine	NOUN	10
jää_hall	NOUN	10
jõul	NOUN	10
kaar	NOUN	10
kaevama	VERB	10
kahe_ksateist	NUM	10
kalis	ADJ	10
kargama	VERB	10
karistama	VERB	10
katsetama	VERB	10
keksima	VERB	10
kelner	NOUN	10
kergendama	VERB	10
keskendumine	NOUN	10
kev_adekontsert	NOUN	10
kiir_abi	NOUN	10
kiitus	NOUN	10
kiusamine	NOUN	10
klass.spordip	NOUN	10
klassi_kaslane	NOUN	10
klassi_õpetaja	NOUN	10
kloun	NOUN	10
kohtunik	NOUN	10
kojus	NOUN	10
kokas	NOUN	10
kompliment	NOUN	10
kontakteerima	VERB	10
kontsentreeruma	VERB	10
kooli_süsteem	NOUN	10
koolikaslane	NOUN	10
korraks	ADV	10
kross	NOUN	10
kuldne	ADJ	10
käes_olev	ADJ	10
käisima	VERB	10
kõige	PRON	10
külji	NOUN	10
laienema	VERB	10
laste-aed	NOUN	10
lego	NOUN	10
lemmikum	ADJ	10
liht_laus	NOUN	10
lihtsem	ADJ	10
liis	NOUN	10
liitma	VERB	10
lobisema	VERB	10
loll	ADJ	10
looduskatastroof	NOUN	10
loovus	NOUN	10
lp	NOUN	10
lugeja	NOUN	10
lugus	NOUN	10
läbi=tud	ADJ	10
läbi_murdeline	ADJ	10
lõbustama	VERB	10
lõpus	NOUN	10
lõvi	NOUN	10
mahukas	ADJ	10
matkas	NOUN	10
meeldima	NOUN	10
mets_loom	NOUN	10
miegi	PRON	10
miski	DET	10
moraalselt	ADV	10
multi_film	NOUN	10
muretsus	NOUN	10
muu_seum	NOUN	10
muusika_festivali	NOUN	10
mõistev	ADJ	10
mõnusam	ADJ	10
mõtisklema	VERB	10
mürgine	ADJ	10
naaber_riik	NOUN	10
narkootikum	NOUN	10
negativne	ADJ	10
neli_teist	NUM	10
nime_kiri	NOUN	10
nuti_laager	PROPN	10
nädala_päev	NOUN	10
näitlema	VERB	10
näol	ADP	10
nõu_anne	NOUN	10
ohtlikum	ADJ	10
ohustama	VERB	10
olend	NOUN	10
ootus	NOUN	10
optimistlik	ADJ	10
orav	NOUN	10
orkester	NOUN	10
otsas	ADP	10
paat	NOUN	10
pagar	NOUN	10
pahane	ADJ	10
paigutama	VERB	10
pakkuv	ADJ	10
palli_mäng	NOUN	10
palu	NOUN	10
peal_kiri	NOUN	10
pealegi	ADV	10
piira=tud	ADJ	10
piirang	NOUN	10
piirkond	NOUN	10
planeerimine	NOUN	10
pop	ADJ	10
potentsiaal	NOUN	10
prograam	NOUN	10
psüholoogia	NOUN	10
puute_tundlik	ADJ	10
päikese_paisteline	ADJ	10
päras	ADV	10
põhi_aine	NOUN	10
põlema	VERB	10
põllu_majandus	NOUN	10
püsti	ADV	10
püüdlik	ADJ	10
rada	NOUN	10
redel	NOUN	10
ressurss	NOUN	10
ride	NOUN	10
rikkalik	ADJ	10
romaan	NOUN	10
romantiline	ADJ	10
saima	VERB	10
sandaal	NOUN	10
seletus	NOUN	10
seletus_kiri	PROPN	10
selle_tõttu	ADV	10
sellegi_poolest	ADV	10
silma_nägemine	NOUN	10
sina	AUX	10
sinua	PRON	10
sisenema	VERB	10
sisseas_tumi_seksa	NOUN	10
soitma	VERB	10
spetsiaalne	ADJ	10
sportiivne	ADJ	10
sportsaal	NOUN	10
stuudio	NOUN	10
sure_pärane	ADJ	10
suurenev	ADJ	10
sõbralikum	ADJ	10
sõidu_õpetaja	NOUN	10
sõiduk	NOUN	10
söber	NOUN	10
tanama	VERB	10
taoline	ADJ	10
teadmus	NOUN	10
teate_võistlus	NOUN	10
teenindus	NOUN	10
tegija	NOUN	10
teksa	NOUN	10
tele_maa_ilm	NOUN	10
teooria_tunne	NOUN	10
tingima	VERB	10
tipp_tegija	NOUN	10
tund	PROPN	10
tuni	NOUN	10
tunt	NOUN	10
tähama	VERB	10
täielik	ADJ	10
tõsisem	ADJ	10
töö_turg	NOUN	10
töö_vihiku	NOUN	10
tühine	ADJ	10
uhkelt	ADV	10
usaldus_väärne	ADJ	10
uskumatu	ADJ	10
uuendama	VERB	10
vabastama	VERB	10
vahetus_õpilane	NOUN	10
vaide	NOUN	10
vastutav	ADJ	10
vili	NOUN	10
virtuaalne	ADJ	10
välja_kutse	NOUN	10
välja_sõit	NOUN	10
väsitama	VERB	10
väärima	VERB	10
võõras	NOUN	10
wifi	NOUN	10
www.vali	NOUN	10
zoo	NOUN	10
õpe_aine	NOUN	10
üle_vaade	NOUN	10
üleval	ADV	10
!ma	PUNCT	9
+37255556666	NUM	9
.ekskursioon	NOUN	9
.seal	ADV	9
03.06.19	NUM	9
17.mail	ADJ	9
19_aastane	ADJ	9
22.00	NUM	9
25.05	NUM	9
29	NUM	9
7.c	ADJ	9
A	PROPN	9
Amerika	PROPN	9
Aru	PROPN	9
Arvo	PROPN	9
Baskov	PROPN	9
Edgar	PROPN	9
Ema	PROPN	9
Inter_net	NOUN	9
Justin	PROPN	9
Keskus	PROPN	9
Kirill	PROPN	9
Koll	PROPN	9
Kristi	PROPN	9
Kristina	PROPN	9
Lisa	PROPN	9
Liza	PROPN	9
Mozart	PROPN	9
Peterburg	PROPN	9
Puškin	PROPN	9
Pähkli_mäe	PROPN	9
Pärn_aõis	PROPN	9
Rocca	PROPN	9
Sarve	PROPN	9
Vabaõhumuuseum	NOUN	9
Varsti	PROPN	9
Veski	PROPN	9
Välis_maa	PROPN	9
Weekend	PROPN	9
abi_valm	ADJ	9
ainul	ADJ	9
aja_loo_muuseum	NOUN	9
aktus	NOUN	9
alg_kool	NOUN	9
aparaat	NOUN	9
arukas	ADJ	9
arva=tud	ADJ	9
aul	NOUN	9
ava_meelne	ADJ	9
basein	NOUN	9
broneerima	VERB	9
demo_kraatia	NOUN	9
e-riik	NOUN	9
eba_aus	ADJ	9
eba_viisakalt	ADV	9
ees_pool	ADV	9
eesti	NOUN	9
ehitus	NOUN	9
ekskursi-oon	NOUN	9
ekskursio_on.me	NOUN	9
elementaarne	ADJ	9
elu_aeg	NOUN	9
elu_keskkond	NOUN	9
elu_kutsu	NOUN	9
era_kordne	ADJ	9
eraldi	ADJ	9
erilisem	ADJ	9
esma_kordselt	ADV	9
ett_evalmistuma	VERB	9
ette_valmistus_kursus	NOUN	9
ettevalmistu_skursus	NOUN	9
eurot.ma	NOUN	9
gaas	NOUN	9
garanteerima	VERB	9
globaliseerumine	NOUN	9
halva	ADJ	9
halvama	VERB	9
hammas	NOUN	9
harrastus	NOUN	9
hele_sinine	ADJ	9
hoiduma	VERB	9
hooliv	ADJ	9
hop	NOUN	9
humanitaar	NOUN	9
huumor	NOUN	9
häire	NOUN	9
häkker	NOUN	9
identiteet	NOUN	9
iga_päevae_lus	NOUN	9
iidne	ADJ	9
infinitiiv	NOUN	9
inseneer	NOUN	9
jaapani	ADJ	9
jalgima	VERB	9
jooksja	NOUN	9
kakao	NOUN	9
kalima	VERB	9
kallis	PROPN	9
kampaania	NOUN	9
kampsun	NOUN	9
karl	PROPN	9
karm	ADJ	9
kast	NOUN	9
kasvatatud	ADJ	9
kaunim	ADJ	9
kele	NOUN	9
kellas	NOUN	9
kenasti	ADV	9
kestvus	NOUN	9
kett	NOUN	9
keva_dekonsert	NOUN	9
kind	NOUN	9
kindlam	ADJ	9
kingima	VERB	9
kirjuma	VERB	9
kohustama	VERB	9
kohutavalt	ADV	9
kokku_võtvalt	ADV	9
kontakt_andmed	NOUN	9
kontor	NOUN	9
kontsentreerima	VERB	9
koolistadion	NOUN	9
koos_olek	NOUN	9
kriis	NOUN	9
kuts	NOUN	9
kõnetama	VERB	9
kõrgus_hüpe	NOUN	9
külge	ADV	9
laamenda=mine	NOUN	9
lahkumine	NOUN	9
laienda=tud	ADJ	9
lastekoor	NOUN	9
laulu_tund	NOUN	9
lemmi_kbänd	NOUN	9
lemmik_loom	NOUN	9
lennuki_pilood	NOUN	9
levimine	NOUN	9
levinud	ADJ	9
limonad	NOUN	9
linnastu=nud	ADJ	9
linnus	NOUN	9
loodus_õpetus	NOUN	9
looja	NOUN	9
lp	PROPN	9
lugu_peetud	PROPN	9
lähedam	ADJ	9
lähim	ADJ	9
lärmama	VERB	9
lõgi	NOUN	9
lõpu_eksam	NOUN	9
mardi_päev	NOUN	9
massiline	ADJ	9
materiaalne	ADJ	9
meister	NOUN	9
melldima	VERB	9
mentaalne	ADJ	9
mina	PROPN	9
motlema	VERB	9
muusika_õpetaja	NOUN	9
märkimis_väärne	ADJ	9
mõtlemis_viis	NOUN	9
mõõdukalt	ADV	9
nahk	NOUN	9
nelja_päev	PROPN	9
nii_palju	ADV	9
nii_viisi	ADV	9
noorus_põlv	NOUN	9
nupu_vajutus	NOUN	9
närveerima	VERB	9
objekt	NOUN	9
oh	INTJ	9
oks	NOUN	9
okupatsioon	NOUN	9
organisaator	NOUN	9
osa_võtja	NOUN	9
osa_võtt	NOUN	9
otsa	ADP	9
paiknema	VERB	9
palli=vine	NOUN	9
palve	NOUN	9
paralee	NOUN	9
pea_asi	NOUN	9
peitus	NOUN	9
pere_arst	NOUN	9
pere_mees	NOUN	9
perspektiivne	ADJ	9
piirduma	VERB	9
pikniku_laua	NOUN	9
planeeritud	ADJ	9
pooltargumend	NOUN	9
praktiline	ADJ	9
privaatne	ADJ	9
promenaat	NOUN	9
pugema	VERB	9
puhk	NOUN	9
puhtalt	ADV	9
punktuaalne	ADJ	9
pärinema	VERB	9
pääste_amet	NOUN	9
püüdlema	VERB	9
raam	NOUN	9
raames	ADP	9
rahaline	ADJ	9
rahva_pall	NOUN	9
rahvus_vaheline	ADJ	9
ratsutama	VERB	9
repertuaar	NOUN	9
retro	NOUN	9
riide	NOUN	9
rikastama	VERB	9
rippuma	VERB	9
rohelus	NOUN	9
rohi	NOUN	9
rootsi	ADJ	9
rääk	NOUN	9
saatima	VERB	9
samastuma	VERB	9
sekretär	NOUN	9
sele	NOUN	9
sele_pärast	ADV	9
sii	ADV	9
sipsik	NOUN	9
soi	NOUN	9
soojem	ADJ	9
sporti_saal	NOUN	9
staatus	NOUN	9
suhtlem	NOUN	9
sush	NOUN	9
suurelt	ADV	9
särama	VERB	9
sõjaline	ADJ	9
sõjandus	NOUN	9
sõprus_suhe	NOUN	9
sündinud	ADJ	9
süüma	VERB	9
taga_plaan	NOUN	9
taha	ADV	9
tahvel	NOUN	9
tantsu_peo	NOUN	9
teooria_tunn	NOUN	9
tere	NOUN	9
tervem	ADJ	9
tervist	INTJ	9
tihti_lugu	ADV	9
tondi_raba	NOUN	9
too	NOUN	9
too	PRON	9
trahv	NOUN	9
tsirkus	NOUN	9
tualett	NOUN	9
tunnd	NOUN	9
täheldama	VERB	9
täituma	VERB	9
täpsusta=v	ADJ	9
tõhusam	ADJ	9
tõsi_asi	NOUN	9
töökus	NOUN	9
tülli	ADV	9
ujula	NOUN	9
uskumus	NOUN	9
uss	NOUN	9
vaastus	NOUN	9
vabam	ADJ	9
vabanema	VERB	9
vadama	VERB	9
vaene	ADJ	9
vahem	ADV	9
vahetamine	NOUN	9
vaieldav	ADJ	9
vaike	ADJ	9
valetamine	NOUN	9
valmistus	NOUN	9
vana_sõna	NOUN	9
vana_viisi	NOUN	9
vapustav	ADJ	9
varasemalt	ADV	9
veema	VERB	9
veene	ADJ	9
vell	ADV	9
vigastama	VERB	9
vigastus	NOUN	9
vilistlane	NOUN	9
viske	NOUN	9
välis_maine	ADJ	9
välis_riik	NOUN	9
värvilisem	ADJ	9
võlg	NOUN	9
võrra	ADP	9
võti	NOUN	9
www.infop	NOUN	9
Ülemiste	PROPN	9
äitah	INTJ	9
õhuke	ADJ	9
õppima	NOUN	9
õppimis_protsess	NOUN	9
ühte_hoidev	ADJ	9
üks_kõikne	ADJ	9
üksindus	NOUN	9
ülemus	NOUN	9
ümbruskond	NOUN	9
+3725555666	NUM	8
,aga	CCONJ	8
.sa	PUNCT	8
.võtma	VERB	8
1.06.2018	NUM	8
100.	ADJ	8
11111	NUM	8
17.05	NUM	8
19:	NUM	8
250	NUM	8
4-5	NUM	8
56667777	NUM	8
6-12	NUM	8
7-8	NUM	8
8.a	ADJ	8
8.b	ADJ	8
9.30	NUM	8
Aru_anne	NOUN	8
Darja	PROPN	8
E	NOUN	8
Filipp	PROPN	8
Grammatika	PROPN	8
II	ADJ	8
IT	PROPN	8
Jekaterina	PROPN	8
Järv	PROPN	8
Jõhv	PROPN	8
Kukk	PROPN	8
Kunst	PROPN	8
Lennuakadeemia	PROPN	8
Lõuna-Eesti	PROPN	8
Maa_ilm	PROPN	8
Muusika	PROPN	8
P.S	PROPN	8
Pärt	PROPN	8
Queen	PROPN	8
Statoil	PROPN	8
Suur_britannia	PROPN	8
Taani	PROPN	8
Tarmo	PROPN	8
Tehnika_üli_kool	PROPN	8
_	NOUN	8
ajalt	NOUN	8
aktsepteerima	VERB	8
alg_aste	NOUN	8
alustamine	NOUN	8
armastav	ADJ	8
armsam	ADJ	8
asemele	ADP	8
astronoomia	NOUN	8
auhind	NOUN	8
auta_sustamine	NOUN	8
auto_kursus	NOUN	8
auto_sõit	NOUN	8
band	NOUN	8
depresioon	NOUN	8
depression	NOUN	8
diploom	NOUN	8
dokumentaalne	ADJ	8
dress	NOUN	8
e-kiri	NOUN	8
eaka_aslane	NOUN	8
eba_õnnelik	ADJ	8
efektiivne	ADJ	8
eitama	VERB	8
elektr	NOUN	8
elu_lugu	NOUN	8
elu_vaade	NOUN	8
elu_valdkond	NOUN	8
elus	ADJ	8
elus	NOUN	8
ennetama	VERB	8
eraldama	VERB	8
eri_olu_korr	NOUN	8
esi_plaan	NOUN	8
esmalt	ADV	8
ette_valmistamine	NOUN	8
ette_valmistusk_ursust	NOUN	8
ette_võtlik	ADJ	8
ettekujutama	VERB	8
flööt	NOUN	8
foto_aparaat	NOUN	8
güm_naasiumiõpilane	NOUN	8
hankimine	NOUN	8
haridus_tase	NOUN	8
hiir	NOUN	8
hr	NOUN	8
hulgaliselt	ADV	8
hull	NOUN	8
häbenema	VERB	8
hõlmama	VERB	8
hüüdlaus	NOUN	8
hüüdlause	NOUN	8
hüüe	NOUN	8
idea	NOUN	8
ilma	NOUN	8
inglis_keel	NOUN	8
inglis_maa	NOUN	8
innustama	VERB	8
ise_loomulik	ADJ	8
it-valdkond	NOUN	8
jagunema	VERB	8
jalg_pali	NOUN	8
jm	ADV	8
jookse=mine	NOUN	8
jt	ADV	8
julgesti	ADV	8
jäämine	NOUN	8
jäänud	ADJ	8
kadestama	VERB	8
kaebus	NOUN	8
kallis,_sõber	NOUN	8
kangelane	NOUN	8
kaoma	VERB	8
karikas	NOUN	8
kaugem	ADJ	8
kehaline_kasvatus	NOUN	8
kerkima	VERB	8
kevad_kontsert	NOUN	8
kiirgus	NOUN	8
kindlus_tunne	NOUN	8
kiremini	ADV	8
kirjalik	ADJ	8
kiuskama	VERB	8
kivi_aeg	NOUN	8
klassiek_skursioon	NOUN	8
kogu_aeg	NOUN	8
koju	NOUN	8
koka	NOUN	8
kokandus	NOUN	8
kokkamine	NOUN	8
kolimine	NOUN	8
kompenseerima	VERB	8
kontser	NOUN	8
kontserdi_maja	PROPN	8
kooli_aeg	NOUN	8
koos_viibimine	NOUN	8
korona_viirus	NOUN	8
korralema	VERB	8
kostma	VERB	8
koti_jook	NOUN	8
kulu	NOUN	8
kunsti_tunn	NOUN	8
kuri_tegevus	NOUN	8
kusima	VERB	8
kutse_haridus_keskus	NOUN	8
käitumis_viis	NOUN	8
kätte	ADP	8
kõige_kuulaja	NOUN	8
kõneleja	NOUN	8
kõrg	ADJ	8
kõrgus_hüpp	NOUN	8
kõrva_kuulmine	NOUN	8
külge	ADP	8
küps	NOUN	8
küsitama	VERB	8
laamentama	VERB	8
lager	NOUN	8
lahm	VERB	8
laienda=mata	ADJ	8
lapse_laps	NOUN	8
lemmik_muusika	NOUN	8
levitama	VERB	8
liht_lause	NOUN	8
liim	NOUN	8
lollus	NOUN	8
lugu_peetud	VERB	8
lugu_pidemine	NOUN	8
lõik	NOUN	8
lõkke	NOUN	8
lõpu	NOUN	8
lõputu	ADJ	8
lõuna_keskus	PROPN	8
lühidalt	ADV	8
m.mets@gmail.com	NOUN	8
mahuma	VERB	8
maine	NOUN	8
meeldis	NOUN	8
meelitama	VERB	8
meil	PRON	8
mere_äär	NOUN	8
meter	NOUN	8
millene	PRON	8
minnu	PRON	8
mis_ugune	DET	8
montaaz	NOUN	8
moraalne	ADJ	8
motiveeri=tud	ADJ	8
muretsem	NOUN	8
muusika_valik	NOUN	8
mängu_konsool	NOUN	8
männi_mets	NOUN	8
märgama	VERB	8
mõni_kümmend	NUM	8
müüa	NOUN	8
nagu_nii	ADV	8
naitama	VERB	8
nastja	NOUN	8
natukenegi	ADV	8
naturaalne	ADJ	8
nautimine	NOUN	8
nelja_paev	NOUN	8
nelja_päeviti	ADV	8
nii_öelda	ADV	8
niigi	ADV	8
no	INTJ	8
noorte_keskus	NOUN	8
nõue	NOUN	8
ohutum	ADJ	8
ohverdama	VERB	8
oi	INTJ	8
olek	NOUN	8
olulisus	NOUN	8
ootamine	NOUN	8
ootma	VERB	8
orienteerima	VERB	8
orienteeruma	VERB	8
ostmine	NOUN	8
otsa	ADV	8
otsing	NOUN	8
otsustus	NOUN	8
pandeemia	NOUN	8
paremale	ADV	8
pea_roll	NOUN	8
peakokkas	NOUN	8
peksma	VERB	8
peletama	VERB	8
perfektne	ADJ	8
pesemine	NOUN	8
pikniku_laug	NOUN	8
pikniku_laut	NOUN	8
pilood	NOUN	8
pink	NOUN	8
plakat	NOUN	8
poistekoor	NOUN	8
portaal	NOUN	8
praam	NOUN	8
prioriteet	NOUN	8
produktiivne	ADJ	8
professor	NOUN	8
programeerima	VERB	8
programmeerimine	NOUN	8
protseduur	NOUN	8
psühholoogiline	ADJ	8
puhtas	ADJ	8
punk	NOUN	8
pärand	NOUN	8
põõsas	NOUN	8
pühkima	VERB	8
püstitama	VERB	8
püütma	VERB	8
raamatu_pidaja	NOUN	8
rakurss	NOUN	8
raskelt	ADV	8
ravimatu	ADJ	8
reetma	NOUN	8
rekord	NOUN	8
režissöör	NOUN	8
riig	NOUN	8
roboot	NOUN	8
rohkelt	ADV	8
rõmsa_meelne	ADJ	8
saabumine	NOUN	8
sagedamini	ADV	8
sall	NOUN	8
sama_suguselt	ADV	8
seadmed	NOUN	8
see_vastu	ADV	8
sele	PRON	8
selgem	ADJ	8
selle_parast	ADV	8
sihi_kindlus	NOUN	8
silma_paistev	ADJ	8
sissea_stum_iseks	NOUN	8
situatsion	NOUN	8
soe	NOUN	8
sokolaad	NOUN	8
soodne	ADJ	8
spa	NOUN	8
spordi_muuseum	NOUN	8
sportliku=lt	ADV	8
super	NOUN	8
säilitamine	NOUN	8
sõber	PROPN	8
sõja_tööstus	NOUN	8
sõna_raamat	NOUN	8
sõrm	NOUN	8
südamelä_hedane	ADJ	8
sügisvahe_aeg	NOUN	8
sümpaatia	NOUN	8
sünni-päva	NOUN	8
tabama	VERB	8
tagune	ADJ	8
tarkus	NOUN	8
tasand	NOUN	8
tava_elu	NOUN	8
tegutsemine	NOUN	8
teisalt	ADV	8
teise_päev	NOUN	8
teiselt_poolt	ADV	8
tekkiv	ADJ	8
tendents	NOUN	8
teooria_eksam	NOUN	8
tervise_probleem	NOUN	8
tervislikum	ADJ	8
tiik	NOUN	8
tingimata	ADV	8
toidu_pood	NOUN	8
toitlustus	NOUN	8
toituma	VERB	8
tolm	NOUN	8
toredalt	ADV	8
tsensuur	NOUN	8
tu	X	8
tugevdama	VERB	8
tugevus	NOUN	8
tul=nud	ADJ	8
tundlik	ADJ	8
tundmine	NOUN	8
tuntu	ADJ	8
turva_tunne	NOUN	8
tutav	ADJ	8
tuttvuma	VERB	8
täis_kasvanu	ADJ	8
tänaseni	ADV	8
tõend	NOUN	8
tõendama	VERB	8
tõene	ADJ	8
tõhus	ADJ	8
tõuge	NOUN	8
töö_pakkumine	NOUN	8
tööline	NOUN	8
tööma	VERB	8
uhe	ADJ	8
ulatuma	VERB	8
ull	NOUN	8
utlema	VERB	8
utoopia	NOUN	8
vaastama	VERB	8
vaataja	NOUN	8
vabal_aeg	NOUN	8
vagä	ADV	8
vahele	ADP	8
vajutama	VERB	8
valja	ADV	8
vanur	NOUN	8
viha	NOUN	8
viisi_jupp	NOUN	8
vinguma	VERB	8
vorst	NOUN	8
väli	NOUN	8
välis_maa_ilm	NOUN	8
väljenduma	VERB	8
väärtu_shinnang	NOUN	8
võimlema	VERB	8
võimus	NOUN	8
võitsima	VERB	8
võrk	NOUN	8
võte	VERB	8
zoo_park	NOUN	8
ões	NOUN	8
õht	NOUN	8
õnneks	NOUN	8
õpe	NOUN	8
õpitud	ADJ	8
õppe_asutus	NOUN	8
õppe_tund	NOUN	8
õppija	NOUN	8
üheteistkümnes	ADJ	8
ühis_transport	NOUN	8
ühiskondlik	ADJ	8
üld_juht	NOUN	8
üle_liigne	ADJ	8
üle_üldiselt	ADV	8
üllatav	ADJ	8
ümmargune	ADJ	8
…	PUNCT	8
.pilet	PROPN	7
10.mail	ADJ	7
1000	NUM	7
12.a	NUM	7
12.mail	ADJ	7
120	NUM	7
12a	NUM	7
15_aastane	ADJ	7
19.30	NUM	7
2,5	NUM	7
2.50	NUM	7
20.30	NUM	7
2000	NUM	7
2018.	ADJ	7
2020	NUM	7
2021	NUM	7
21.05	NUM	7
21:00	NUM	7
26.mail	ADJ	7
28.09	NUM	7
30.mail	ADJ	7
31.	ADJ	7
31.05.2022	NUM	7
53	NUM	7
55554444	NUM	7
55566677.	ADJ	7
6-7	NUM	7
7.A	ADJ	7
7.klass	NOUN	7
7B	ADJ	7
7b	ADJ	7
8.30	NUM	7
8a	ADJ	7
9.c	ADJ	7
90	NUM	7
99	NUM	7
Alisa	PROPN	7
Angelina	PROPN	7
Arina	PROPN	7
Berliin	PROPN	7
Bieber	PROPN	7
DJ	PROPN	7
E-R	PROPN	7
Elis	PROPN	7
Estonia	PROPN	7
Facebook	NOUN	7
Geneva	PROPN	7
Harju_maa	PROPN	7
Harry	PROPN	7
Hesburger	PROPN	7
Hiiu_maa	PROPN	7
Inga	PROPN	7
Instagram	PROPN	7
John	PROPN	7
Juhan	PROPN	7
Jumal	PROPN	7
Jõhvis	PROPN	7
Kala	PROPN	7
Kase	PROPN	7
Kirkorov	PROPN	7
Kohvik	PROPN	7
Laagna	PROPN	7
Linnanmäk	PROPN	7
Maarja_maa	PROPN	7
Mustvee	PROPN	7
New	PROPN	7
Nokia	PROPN	7
Park	PROPN	7
Põldu	PROPN	7
Rae_koda	PROPN	7
Rein	PROPN	7
Skypark	PROPN	7
Spa	PROPN	7
Spotify	PROPN	7
Stroom	PROPN	7
Taba_salu	PROPN	7
Tõnis	PROPN	7
Tõnu	PROPN	7
Vali	NOUN	7
Vika	PROPN	7
abima	VERB	7
aeglasem	ADJ	7
ahi	NOUN	7
aja_lehe	NOUN	7
akadeemia	NOUN	7
aktiivsem	ADJ	7
album	NOUN	7
alg_tase	NOUN	7
alkohool	NOUN	7
ande	NOUN	7
andmine	NOUN	7
anonüümselt	ADV	7
ansamber	NOUN	7
arhitekt	NOUN	7
arvan,e	NOUN	7
arvuti_programm	NOUN	7
asjalik	ADJ	7
asta	NOUN	7
aste	NOUN	7
auhinna.mulle	NOUN	7
austaja	NOUN	7
auto_juh_ikursus	NOUN	7
avama	ADJ	7
avamine	NOUN	7
boonus	NOUN	7
botane	NOUN	7
bussi_sõit	NOUN	7
divan	NOUN	7
e-kool	NOUN	7
ea	NOUN	7
eakas	ADJ	7
eba_stabiilne	ADJ	7
eba_õnnestunud	ADJ	7
edastamine	NOUN	7
edendama	VERB	7
edenemine	NOUN	7
eestlus	NOUN	7
effektiivsem	ADJ	7
elanikkond	NOUN	7
elu_osa	NOUN	7
elu_paik	NOUN	7
elu_raskus	NOUN	7
ene_sekindel	ADJ	7
eneergia	NOUN	7
enese_arendamine	NOUN	7
erinevasti	ADV	7
esi_algne	ADJ	7
esimene	PRON	7
esindus	NOUN	7
esitatud	ADJ	7
eskursioon	NOUN	7
eurot.kui	NOUN	7
facebook	NOUN	7
foto_kaamera	NOUN	7
funktsioon	NOUN	7
gruppi_töö	NOUN	7
gümnaasia	NOUN	7
haridus_tee	NOUN	7
helin	NOUN	7
herne_supp	NOUN	7
hiina	ADJ	7
hiljemalt	ADV	7
hirmsasti	ADV	7
hirmus	NOUN	7
hobp	NOUN	7
hokk	NOUN	7
hommiku-söök	NOUN	7
hoog	NOUN	7
hoolikas	ADJ	7
hostel	NOUN	7
hukka	ADV	7
huvitam	ADJ	7
hüüu_märk	NOUN	7
i	NOUN	7
ideaalselt	ADV	7
ideea	NOUN	7
iga_lüht	PRON	7
ilm_selgelt	ADV	7
imetlus_väärne	ADJ	7
inglise_keelne	ADJ	7
inimed	NOUN	7
inimesi	NOUN	7
intensiivne	ADJ	7
inter_nett	NOUN	7
iseenesestmõistetav	ADJ	7
jagu	NOUN	7
jalk_pall	NOUN	7
jokma	VERB	7
jooksama	VERB	7
jooksime,hüppama	VERB	7
jooksu_võistlus	NOUN	7
juhtunud	ADJ	7
jä	CCONJ	7
jälutama	VERB	7
järglane	NOUN	7
järk-järgult	ADV	7
jätmine	NOUN	7
jõulud	NOUN	7
kaasa_haarav	ADJ	7
kaasama	VERB	7
kadri	NOUN	7
kama	NOUN	7
kammima	VERB	7
kapten	NOUN	7
karakter	NOUN	7
karistus	NOUN	7
kastma	VERB	7
kasulikult	ADV	7
kasvamine	NOUN	7
kasvataja	NOUN	7
katkema	VERB	7
kaugelt	ADV	7
kavatsus	NOUN	7
keemia_relv	NOUN	7
kehalisek_asvatus	NOUN	7
kehv	ADJ	7
kesk_aeg	NOUN	7
keskkonnap_robleem	NOUN	7
kets	NOUN	7
kevad_pegu	NOUN	7
kevadkontsert.see	NOUN	7
kiinduma	VERB	7
kilo	NOUN	7
kinos	NOUN	7
kirja_tehnika	NOUN	7
kirjeldamatu	ADJ	7
kittuma	VERB	7
klass.mulle	NOUN	7
klassi_õpilane	NOUN	7
klassid.seal	NOUN	7
klassik	NOUN	7
kodu_tunne	NOUN	7
kohustusliku=lt	ADV	7
kontaktima	VERB	7
konto	NOUN	7
korduma	VERB	7
koristamine	NOUN	7
korjamine	NOUN	7
korpall	NOUN	7
korraldus_komitee	PROPN	7
kosmeetika	NOUN	7
kraad	NOUN	7
kuida	ADV	7
kuiv	ADJ	7
kummik	NOUN	7
kummitama	VERB	7
kurb	NOUN	7
kurja_tegija	NOUN	7
kurtma	VERB	7
kusagile	ADV	7
kutsema	VERB	7
kutsu_da.m	NOUN	7
kuulatav	ADJ	7
kuulsas	ADJ	7
kuulsum	ADJ	7
kätte	NOUN	7
kõlav	ADJ	7
kõrvak_lape	NOUN	7
kõrvale	ADP	7
köitma	VERB	7
köögi_vili	NOUN	7
küpsetamine	NOUN	7
laat	NOUN	7
lahedam	ADJ	7
lahendamatu	ADJ	7
lennu_piloot	NOUN	7
lennuki_piloot	NOUN	7
lennundus	NOUN	7
levinum	ADJ	7
liblikas	NOUN	7
liisa_info	NOUN	7
linna_valitsus	NOUN	7
lisa_aine	NOUN	7
looduslik	ADJ	7
loomaaia	NOUN	7
lumma=v	ADJ	7
lähenema	VERB	7
lähi_tulevik	NOUN	7
lärm	NOUN	7
lääne_eurooplane	NOUN	7
lõpu_pidu	NOUN	7
lõõgastu=mine	NOUN	7
löppema	VERB	7
lühem	ADJ	7
maakond	NOUN	7
maitseline	ADJ	7
maja_pidamine	NOUN	7
manipuleerima	VERB	7
mari.maasikas@gmail.com	SYM	7
mart.maasikas@gmail.com	SYM	7
marts	NOUN	7
meeldis	ADJ	7
meeldivus	NOUN	7
mesilane	NOUN	7
metal	NOUN	7
midskt	PRON	7
mod	NOUN	7
moe	NOUN	7
monument	NOUN	7
moraal	NOUN	7
motivaator	NOUN	7
motivatsiooni_kiri	NOUN	7
muinas_jutt	NOUN	7
muudama	VERB	7
muuseu=mine	NOUN	7
mõnd	DET	7
mõnusalt	ADV	7
mõtte_kaaslane	NOUN	7
naa	NOUN	7
nauditav	ADJ	7
neljakesi	ADV	7
nii_et	ADV	7
nii_sugune	PRON	7
nuti_kell	NOUN	7
nõu_kogu	NOUN	7
objektiivselt	ADV	7
ollema	AUX	7
olu	NOUN	7
oma_enese	PRON	7
ooper	NOUN	7
organiseeri=ja	NOUN	7
osake	NOUN	7
osaline	ADJ	7
osutama	VERB	7
paanika	NOUN	7
paber_kandja	NOUN	7
pahandama	VERB	7
pahe	NOUN	7
pakumine	NOUN	7
paljum	ADV	7
paraad	NOUN	7
pea	AUX	7
peagi	ADV	7
peatama	VERB	7
peidus	ADV	7
peit	NOUN	7
personaal	NOUN	7
pidima	AUX	7
pika_ajaline	ADJ	7
pildista=mine	NOUN	7
pirn	NOUN	7
poolest	NOUN	7
praetud	ADJ	7
professionaalse=lt	ADV	7
programmeri=ja	NOUN	7
propageerima	VERB	7
psüholoogiline	ADJ	7
psüühika	NOUN	7
pähkel	NOUN	7
põhjenda=tud	ADJ	7
püks	VERB	7
rahul_olu	NOUN	7
raisamine	NOUN	7
rangelt	ADV	7
ratsionaalne	ADJ	7
ratsutamine	NOUN	7
reaa_laine	NOUN	7
reaal	NOUN	7
realiseerima	VERB	7
riidlema	VERB	7
riietama	VERB	7
ringis	ADV	7
rämps_toit	NOUN	7
räägimine	NOUN	7
rõhk	NOUN	7
saadaval	ADV	7
sedasi	ADV	7
see_sugune	DET	7
seiklus_film	NOUN	7
selg	PROPN	7
selletama	VERB	7
seltsis	ADP	7
seltsiv	ADJ	7
siduv	ADJ	7
sina	PROPN	7
sisukas	ADJ	7
solist	NOUN	7
soomlane	NOUN	7
sootsium	NOUN	7
soovitud	ADJ	7
soritama	VERB	7
spord_iäev	NOUN	7
spordi_päev,see	NOUN	7
spordi_väljak	NOUN	7
spordir	NOUN	7
spori_päev	NOUN	7
stabiilsus	NOUN	7
stroom	NOUN	7
sundimine	NOUN	7
sunni_päev	NOUN	7
suvine	ADJ	7
säilimine	NOUN	7
sõidu_eksam	NOUN	7
sööma	NOUN	7
sünnip_äeva_peol	NOUN	7
süüdma	VERB	7
taha_plaanile	ADV	7
tahtsima	VERB	7
talend	NOUN	7
tantsu_muusika	NOUN	7
teatav	ADJ	7
tehnika_seade	NOUN	7
tekitav	ADJ	7
temperatuur	NOUN	7
tere	ADJ	7
tere,klassikaaslane	NOUN	7
toimetama	VERB	7
tolmui_meja	NOUN	7
tomat	NOUN	7
toodud	ADJ	7
tramm	NOUN	7
tsau	NOUN	7
tugevasti	ADV	7
tule_kahju	NOUN	7
tunema	VERB	7
tuntuv	ADJ	7
tõhusamalt	ADV	7
tõlkimine	NOUN	7
töö_riist	NOUN	7
töö_õpetus	NOUN	7
tüter	NOUN	7
uhkem	ADJ	7
ujuja	NOUN	7
uue	ADJ	7
uuenema	VERB	7
vaadama	VERB	7
vaate_punkt	NOUN	7
vaiksem	ADJ	7
vajalikum	ADJ	7
vajav	ADJ	7
vajutus	NOUN	7
valama	VERB	7
valdav	ADJ	7
valjusti	ADV	7
vastav	ADJ	7
vastu_meelne	ADJ	7
vastu_pidav	ADJ	7
vea	NOUN	7
veeb	NOUN	7
veedetud	ADJ	7
vestleja	NOUN	7
vestlemine	NOUN	7
viitma	VERB	7
vormima	VERB	7
vormistama	VERB	7
väga-väga	ADV	7
vähk	NOUN	7
võimekas	ADJ	7
võimla	NOUN	7
võimlemine	NOUN	7
võiskond	NOUN	7
võreldama	VERB	7
äitah	VERB	7
ärevus	NOUN	7
ärritama	VERB	7
õigem	ADJ	7
õppe_programm	NOUN	7
õppik	NOUN	7
õpppima	VERB	7
õptma	VERB	7
ühetei_stküms	ADJ	7
ühinema	VERB	7
ühis_transpot	NOUN	7
ühte_moodi	ADV	7
üksnes	ADV	7
ülesa_nnne	NOUN	7
+3255556666	NUM	6
+3725555444	NUM	6
,ja	CCONJ	6
.kui	SCONJ	6
.mina	PRON	6
.see	PRON	6
1.juuni	NOUN	6
10€	NUM	6
11:00	NUM	6
12.00.me	NUM	6
14.00-16.00	NUM	6
15a	NUM	6
1km	NUM	6
20.05	NUM	6
20.05.18	NUM	6
20.05.2018	NUM	6
21:	NUM	6
22a	NUM	6
23:	NUM	6
5-6	NUM	6
54	NUM	6
5556666	NUM	6
6.B	ADJ	6
6.b	ADJ	6
6.mail	ADJ	6
6:	NUM	6
7.B	PROPN	6
77777	NUM	6
7C	PROPN	6
9-12	NUM	6
9.b	ADJ	6
9a	ADJ	6
Aino	PROPN	6
Albert	PROPN	6
Alika	PROPN	6
Allan	PROPN	6
Bioloogia	PROPN	6
Buzova	PROPN	6
C	NOUN	6
Ehte	PROPN	6
Haap_salu	PROPN	6
Haapsalus	PROPN	6
Helsinki	PROPN	6
Herman	PROPN	6
Ivo	PROPN	6
Jaanus	PROPN	6
Juudi	PROPN	6
K	NOUN	6
Kaasik	PROPN	6
Kadi	PROPN	6
Kalevi_poeg	PROPN	6
Kanada	PROPN	6
Karja_maa	PROPN	6
Kehra	PROPN	6
Kohtla-jÄrvel	PROPN	6
Koit	PROPN	6
Kristiina	PROPN	6
Kures_saare	PROPN	6
Kuznetsov	PROPN	6
Lapsed.Pilet	NOUN	6
Laulu_väljak	PROPN	6
Liisa	NOUN	6
Lotte	PROPN	6
Lydia	PROPN	6
Madara	PROPN	6
Maris	PROPN	6
Mcdonalds	PROPN	6
Michael	PROPN	6
NSVL	PROPN	6
Olümpia	PROPN	6
Padar	PROPN	6
Paldiski	PROPN	6
Palun	PROPN	6
Pavel	PROPN	6
Peter	PROPN	6
Pidu	PROPN	6
Posti_mees	PROPN	6
Potter	PROPN	6
Põllu	PROPN	6
Riga	PROPN	6
Riiga	PROPN	6
Saare	PROPN	6
Sofija	PROPN	6
Spord	PROPN	6
Tartu_maa	PROPN	6
Tere,minu	NOUN	6
Toome	PROPN	6
Tulp	NOUN	6
Tänukiri	PROPN	6
Vali	PROPN	6
Vlad	PROPN	6
York	PROPN	6
aasta_sada	NOUN	6
aasta_tuhat	NOUN	6
abi_valmine	ADJ	6
abi_valmis	NOUN	6
adekvaatne	ADJ	6
adres	NOUN	6
advokaat	NOUN	6
aednik	NOUN	6
ahhaa	PROPN	6
ait	NOUN	6
aitama	NOUN	6
akkama	VERB	6
al	PROPN	6
ala_tasa	ADV	6
algeline	ADJ	6
algselt	ADV	6
algul	ADP	6
allergia	NOUN	6
anama	VERB	6
ankeet	NOUN	6
arendus	NOUN	6
arm	NOUN	6
armas	NOUN	6
arusaama	VERB	6
arvamine	NOUN	6
arvutamine	NOUN	6
asutama	VERB	6
asuv	ADJ	6
auditoorium	NOUN	6
autoj_uhikurs	NOUN	6
automaat	NOUN	6
automaatselt	ADV	6
ava_leht	NOUN	6
avatama	VERB	6
baas	NOUN	6
beeb	NOUN	6
boks	NOUN	6
bränd	NOUN	6
delfiin	NOUN	6
digitaalne	ADJ	6
dollar	NOUN	6
domineerima	VERB	6
eba_meeldivus	NOUN	6
eba_mugavalt	ADV	6
eba_võimalik	ADJ	6
eesti	PROPN	6
efektiivsem	ADJ	6
ehtne	ADJ	6
eks_kursioonile.ne	NOUN	6
eksimus	NOUN	6
ela=nud	ADJ	6
elatis	NOUN	6
elu_ohtlik	ADJ	6
ema_ili	NOUN	6
end	PRON	6
enne_kõike	ADV	6
eri_meelsus	NOUN	6
eriliselt	ADV	6
ette_valmistatud	ADJ	6
eurot.kontsert	NOUN	6
filmine	NOUN	6
filmistama	VERB	6
fokuseerima	VERB	6
foor	NOUN	6
füüsik	NOUN	6
gruppp	NOUN	6
hall	NOUN	6
halvemini	ADV	6
halvustama	VERB	6
hankima	VERB	6
harjutamine	NOUN	6
hea	VERB	6
hea_meel	ADV	6
hein	NOUN	6
heiskama	VERB	6
helista=mine	NOUN	6
hiline	ADJ	6
hindamatu	ADJ	6
hip-hop	NOUN	6
hoki	NOUN	6
homne	PROPN	6
hottell	NOUN	6
hulgast	ADP	6
huppama	VERB	6
huvi_kool	NOUN	6
huvi_pakkuv	ADJ	6
huvitus	NOUN	6
hääbuma	VERB	6
hõivama	VERB	6
hüpamine	NOUN	6
hüppe	NOUN	6
iga_päevae_llu	NOUN	6
ihaldama	VERB	6
ihkama	VERB	6
iialgi	ADV	6
individuaalselt	ADV	6
inglis_keelne	ADJ	6
intelligentne	ADJ	6
interneti_ühendus	NOUN	6
istuv	ADJ	6
isu	NOUN	6
itaalia	ADJ	6
jaam	NOUN	6
jalats	NOUN	6
jalgp_all,k_orvpall	NOUN	6
jallg_pall	NOUN	6
jama	NOUN	6
jatkama	VERB	6
jooks	ADV	6
jooks	VERB	6
jooksemine	NOUN	6
joostama	VERB	6
joostma	VERB	6
juhuslik	ADJ	6
juust	NOUN	6
jättama	VERB	6
jäädavalt	ADV	6
kaa	NOUN	6
kaasa_skantav	ADJ	6
kahi_kümmend	NUM	6
kaitse	NOUN	6
kaitsmine	NOUN	6
kaklemine	NOUN	6
kallas	NOUN	6
kampsuma	VERB	6
kandmine	NOUN	6
kaos	NOUN	6
karp	NOUN	6
kart	NOUN	6
katsumus	NOUN	6
kaugemal	ADV	6
kaugus	ADJ	6
kavama	VERB	6
keskond	NOUN	6
kevadk_ontsert	NOUN	6
kevadkontsert	NOUN	6
ki	ADV	6
kiirenema	VERB	6
kirg	NOUN	6
kirju	ADJ	6
kirjutamis_oskus	NOUN	6
klass.me	NOUN	6
klassi_kaastlane	NOUN	6
klassi_reis	NOUN	6
klassi_vanem	NOUN	6
klots	NOUN	6
kluup	NOUN	6
klõps	NOUN	6
kodu_lehe_külg	NOUN	6
kodune	NOUN	6
kohustlik	ADJ	6
kokgas	NOUN	6
kokk	ADJ	6
kokku_hoidvus	NOUN	6
kokku_puu	NOUN	6
kolema	VERB	6
kolma_paev	NOUN	6
komand	NOUN	6
kompositsioon	NOUN	6
konstert	NOUN	6
konstrueerima	VERB	6
konta_ktandmed	NOUN	6
kood	NOUN	6
kooli_juht	NOUN	6
kooli_koor	NOUN	6
kooli_pere	NOUN	6
kooli_pidu	NOUN	6
kooli_tunn	NOUN	6
kooliaja_leht	NOUN	6
koolistadioon	NOUN	6
kora	NOUN	6
kostüüm	NOUN	6
kriitiliselt	ADV	6
kringel	NOUN	6
kues	ADJ	6
kui_võrd	ADV	6
kulgema	VERB	6
kultuuriline	ADJ	6
kummaline	ADJ	6
kurjus	NOUN	6
kurv	NOUN	6
kus_juures	ADV	6
kusagilt	ADV	6
kutse_haridus	NOUN	6
kutsima	VERB	6
kutsumine	NOUN	6
kutsus	NOUN	6
kuuldud	ADJ	6
kuulne	ADJ	6
kuulsaim	ADJ	6
kuulsua	ADJ	6
kuuluvus_tunne	NOUN	6
kuus	ADJ	6
käe_kiri	NOUN	6
käe_käik	NOUN	6
käija	NOUN	6
käitumis	NOUN	6
kätte_kõverdus	NOUN	6
kõik_sugu	ADV	6
kõikjalt	ADV	6
kõrgemale	ADV	6
kükitama	VERB	6
küsimustik	NOUN	6
l	NOUN	6
laen	NOUN	6
laendama	VERB	6
lagunema	VERB	6
lahku	ADV	6
laiali	ADV	6
lapse_hoidja	NOUN	6
las	ADV	6
laste_aeg	NOUN	6
late	NOUN	6
lau_päev	PROPN	6
laua_päev	NOUN	6
laulu_võistlus	NOUN	6
legend	NOUN	6
lennu_sadam	NOUN	6
lepppima	VERB	6
ligi_pääs	NOUN	6
lihtsaim	ADJ	6
lihtsald	ADV	6
liigelma	VERB	6
liiguma	VERB	6
liiklus_õnnetus	NOUN	6
lilla	ADJ	6
lisa_kursus	NOUN	6
loendama	VERB	6
loetud	ADJ	6
loodama	VERB	6
loogiliselt	ADV	6
lubatud	ADJ	6
lugu_peetumine	NOUN	6
lugupidama	VERB	6
lähem	VERB	6
lähendamine	NOUN	6
lähendus	NOUN	6
lõbema	VERB	6
lõppu_eksam	NOUN	6
lõppuma	NOUN	6
lõputult	ADV	6
maa_ilma_kuulus	ADJ	6
maa_värin	NOUN	6
maailmavaade	NOUN	6
maalima	VERB	6
makaron	NOUN	6
maksimaalselt	ADV	6
mari.mets@gmail.com	SYM	6
marimaasikas@gmail.com	NOUN	6
marimaasikas@gmail.com	SYM	6
maskama	VERB	6
meedima	VERB	6
meeldiv	VERB	6
meetriline	ADJ	6
meik	NOUN	6
meik	PRON	6
metoodika	NOUN	6
mill	PRON	6
min	PRON	6
minemine	NOUN	6
mingi	PRON	6
minimaalne	ADJ	6
ministeerium	NOUN	6
minu_arva	NOUN	6
moodus	NOUN	6
mudilas_koor	NOUN	6
mult_film	NOUN	6
musikaalne	ADJ	6
musitseerima	VERB	6
muusika_aja_lugu	NOUN	6
muusika_bänd	NOUN	6
muusika_grupp	NOUN	6
muusika_tunnis	NOUN	6
muusika_õpetus	NOUN	6
mängema	VERB	6
mängma	VERB	6
mängu_väljak	NOUN	6
määratlema	VERB	6
mõeldama	VERB	6
mõtlev	ADJ	6
mõtt	NOUN	6
mõõdukas	ADJ	6
müük	NOUN	6
müümine	NOUN	6
naer	NOUN	6
negatiivsem	ADJ	6
nn	ADJ	6
nuti_maa_ilm	NOUN	6
nutis_eadm	NOUN	6
nuttama	VERB	6
nägemine	PROPN	6
näljakas	ADJ	6
nõrgem	ADJ	6
nõudep_esuma	NOUN	6
nüansi_rikkamalt	ADV	6
nüanss	NOUN	6
nüüdis_aegne	ADJ	6
okei	INTJ	6
olemas_olev	ADJ	6
oma_näoline	ADJ	6
omandatud	ADJ	6
ometigi	ADV	6
oodatud	ADJ	6
oppimine	NOUN	6
organ	NOUN	6
orienteerumine	NOUN	6
osa_kaal	NOUN	6
osalus	NOUN	6
osama	VERB	6
oskamine	NOUN	6
ostja	NOUN	6
otsitama	VERB	6
paeluma	VERB	6
paha_tahtlik	ADJ	6
paigaldama	VERB	6
palun	ADV	6
pankoog	NOUN	6
paradiis	NOUN	6
paraleel	NOUN	6
paranemine	NOUN	6
paremeni	ADV	6
parg	NOUN	6
parkla	NOUN	6
passiivne	ADJ	6
pasta	NOUN	6
patriootlik	ADJ	6
pea_valu	NOUN	6
pendel	NOUN	6
pendelt_eatej	NOUN	6
pendelte	NOUN	6
pidamine	NOUN	6
pidutse=mine	NOUN	6
piinlik	ADJ	6
pikemalt	ADV	6
pikk	NOUN	6
pikkune	ADJ	6
pilot	NOUN	6
pimedus	NOUN	6
pinguta=mine	NOUN	6
pinguta=tud	ADJ	6
pisi_asi	NOUN	6
plaanerima	VERB	6
plahvatama	VERB	6
plus	NOUN	6
poole	NOUN	6
popkorn	NOUN	6
populatsioon	NOUN	6
positiivsemalt	ADV	6
praktima	VERB	6
preemia	NOUN	6
privileeg	NOUN	6
probleemi_lahendus	NOUN	6
produktiivse=m	ADJ	6
programmerija	NOUN	6
prügi_kast	NOUN	6
psühoolog	NOUN	6
puhkema	VERB	6
puudma	VERB	6
puudu	ADV	6
puutuma	ADJ	6
puutumatu	ADJ	6
pädev	ADJ	6
päeva_kava	NOUN	6
päevane	ADJ	6
pälju	ADV	6
pääs	NOUN	6
põhikooliõpilane	NOUN	6
põhjalikult	ADV	6
põlev_kivi	NOUN	6
põnn	NOUN	6
pöördama	VERB	6
rahul_olematus	NOUN	6
rahuldav	ADJ	6
rahustavalt	ADV	6
rahv	NOUN	6
rahva_laul	NOUN	6
rahva_muuseum	NOUN	6
rass	NOUN	6
reaalselt	ADV	6
rebane	NOUN	6
regulaarselt	ADV	6
resurss	NOUN	6
riigi_kogu	NOUN	6
rohkem	ADJ	6
rumalus	NOUN	6
rütmiline	ADJ	6
saadik	NOUN	6
saak	NOUN	6
sai	NOUN	6
sajake	NOUN	6
see_parast	ADV	6
seel	ADV	6
seenel_käik	NOUN	6
senine	ADJ	6
seonduma	VERB	6
seonduv	ADJ	6
sin	PRON	6
sirvima	VERB	6
sisse_astumi_seksa	NOUN	6
skeem	NOUN	6
soojus	NOUN	6
soon	NOUN	6
sotsiaal	NOUN	6
spordi_laager	NOUN	6
sprodi_päev	NOUN	6
staadi_onil.spordip	NOUN	6
subjektiivne	ADJ	6
suisa	ADV	6
sukelduma	VERB	6
sunnitama	VERB	6
super	ADJ	6
surnud	ADJ	6
suunduma	VERB	6
suurtem	ADJ	6
suve_laager	NOUN	6
sõpruskond	NOUN	6
sööt	NOUN	6
sümbol	NOUN	6
sündimine	NOUN	6
süni_päeva_pidu	NOUN	6
sünnitama	VERB	6
süü	NOUN	6
süütu	ADJ	6
taastama	VERB	6
tablett	NOUN	6
tagur_pidi	ADV	6
tahtlikult	ADV	6
takt	NOUN	6
talu_poeg	NOUN	6
tansija	NOUN	6
targalt	ADV	6
tasku_raha	NOUN	6
tea	NOUN	6
teadlikum	ADJ	6
teadma	NOUN	6
teadus_haru	NOUN	6
teadvus	NOUN	6
teenitud	ADJ	6
tehnikum	NOUN	6
teine_kord	ADV	6
tekita=tud	ADJ	6
tekitamine	NOUN	6
teksa_püks	NOUN	6
telefoni_numbrile	NOUN	6
telema_ailm	NOUN	6
teoreetiline	ADJ	6
tere,=minu	NOUN	6
tere,_sõber	NOUN	6
the	DET	6
tipps_portlane	NOUN	6
toidu_aine	NOUN	6
toitma	VERB	6
torkama	VERB	6
tosu	NOUN	6
triibuline	ADJ	6
tselluloosi_tehas	NOUN	6
tukuma	VERB	6
tullema	VERB	6
tung	NOUN	6
tungima	VERB	6
tunnustus	NOUN	6
tutav	NOUN	6
tuum	NOUN	6
täht_aeg	NOUN	6
täiendav	ADJ	6
täpsus	NOUN	6
tõlgima	VERB	6
tõstmine	NOUN	6
tõuke_ratas	NOUN	6
tõustma	VERB	6
töökas	NOUN	6
tüdinema	VERB	6
uks	ADJ	6
universum	NOUN	6
vaate_pilt	NOUN	6
vaatma	VERB	6
vaesus	NOUN	6
vait	ADV	6
valdkonn	NOUN	6
vali	VERB	6
valis_maa	NOUN	6
valitama	VERB	6
vallima	VERB	6
valmista=tud	ADJ	6
vampiir	NOUN	6
vana_aegne	ADJ	6
vana_viisi	ADV	6
vangla	NOUN	6
varane	ADJ	6
vare	NOUN	6
varem	ADJ	6
vares	NOUN	6
varju_päev	NOUN	6
vastakas	ADJ	6
vastamine	NOUN	6
vastane	ADJ	6
vastla_päev	NOUN	6
vastu_kiri	NOUN	6
vastu_võtt	NOUN	6
vene_keelne	ADJ	6
vihama	VERB	6
viimine	NOUN	6
viis_kümend	NUM	6
vis	NOUN	6
vähenemine	NOUN	6
väja	ADV	6
vältimine	NOUN	6
väär	ADJ	6
võimetu	ADJ	6
võrdselt	ADV	6
võrg_pall	NOUN	6
võõra_maalane	NOUN	6
õmblema	VERB	6
õpe_aasta	NOUN	6
õpila_sesindus	NOUN	6
õue	ADV	6
õuna_mahl	NOUN	6
ühek_sateist	NUM	6
ühte_kuuluvu_stund	NOUN	6
ühte_kuuluvus_tunne	NOUN	6
ühtlane	ADJ	6
üks	ADV	6
üld_joon	NOUN	6
üle_kaal	NOUN	6
üle_maa_ilmne	ADJ	6
šans	NOUN	6
!me	PUNCT	5
!ootama	VERB	5
+	PUNCT	5
+325556666	NUM	5
,mina	PRON	5
.ootama	PROPN	5
.pärast	ADP	5
.see	PUNCT	5
.spordi_päev	PROPN	5
00.me	SYM	5
00.me	X	5
09	NUM	5
1-4	NUM	5
1-8	NUM	5
1-9	NUM	5
10-12	NUM	5
12.15	NUM	5
12.b	ADJ	5
13.mail	ADJ	5
14.00.	NUM	5
14.mail	ADJ	5
15-17	NUM	5
15-17.	ADJ	5
15.-17	NUM	5
15.mail	ADJ	5
18.05	NUM	5
2-kohaline	ADJ	5
20-25.	ADJ	5
2019.	ADJ	5
21.04.21	NUM	5
22.04.2020	NUM	5
22:00	NUM	5
23.09	NUM	5
23.mail	ADJ	5
25.05.2021	NUM	5
27.09.2022	NUM	5
4-6	NUM	5
4-9	NUM	5
400m	NUM	5
5-8	NUM	5
5.-9.	ADJ	5
555555	NUM	5
55557777	NUM	5
55667788	NUM	5
56666777	NUM	5
5666777	NUM	5
58112233	NUM	5
6.00	NUM	5
6.c	ADJ	5
7.B	ADJ	5
7:	NUM	5
7a	NUM	5
7a	PROPN	5
7c	NUM	5
8.c	ADJ	5
800	NUM	5
8:	NUM	5
8B	ADJ	5
9.A	ADJ	5
9B	ADJ	5
:55555555	NUM	5
A.	PROPN	5
AHHA	PROPN	5
Aafrika	PROPN	5
Aitäh	PROPN	5
Anita	PROPN	5
Anna-Maria	PROPN	5
Annike	PROPN	5
Anu	PROPN	5
Arnold	PROPN	5
August	PROPN	5
Austus	PROPN	5
Baltic	PROPN	5
D	NOUN	5
DJ	NOUN	5
Denis	PROPN	5
Dmitri	PROPN	5
Eesti	ADJ	5
Egor	PROPN	5
Getter	PROPN	5
Haabersti	PROPN	5
Hea	ADJ	5
Homme	PROPN	5
Härra	PROPN	5
I	ADJ	5
Ida-Euroopa	PROPN	5
Inglise_keel	PROPN	5
Isa_maa	PROPN	5
Jaani_päev	PROPN	5
Kadri	NOUN	5
Kiri	NOUN	5
Kohtla-Jarve	PROPN	5
Kooli_leht	NOUN	5
Korea	PROPN	5
Ksenia	PROPN	5
Kutsun	PROPN	5
Lera	PROPN	5
Loboda	PROPN	5
Loodan,e	NOUN	5
Maardus	PROPN	5
Malle	PROPN	5
Mart.mets@gmail.com	PROPN	5
Meremuuseum	PROPN	5
Meri	PROPN	5
Narva-JÕes_uus	PROPN	5
Narva-Jõe_suu	PROPN	5
Olesja	PROPN	5
Paul	PROPN	5
Peo	NOUN	5
Photoshop	PROPN	5
Poll	PROPN	5
Poola	PROPN	5
Põlde	PROPN	5
R.	PROPN	5
Rahvas	PROPN	5
Rock	PROPN	5
Roosa	PROPN	5
Sakala	PROPN	5
Saue	PROPN	5
Staadion	PROPN	5
Suur	PROPN	5
Tallinnas.me	PROPN	5
Tere,Liisa	PROPN	5
Tervis	PROPN	5
Tiit	PROPN	5
Tondi_raba	PROPN	5
Triinu	PROPN	5
Ukraina	PROPN	5
Vabaõhumuuseum	PROPN	5
Veronika	PROPN	5
VÄGIVALDSETEK	ADJ	5
abi_turent	NOUN	5
abistaja	NOUN	5
adekvaatselt	ADV	5
administraator	NOUN	5
aeglasemalt	ADV	5
agresiivne	ADJ	5
ainukene	ADJ	5
ainuld	ADV	5
aitma	VERB	5
aja_looliselt	ADV	5
aja_lugu	PROPN	5
aja_vahemik	NOUN	5
ajendama	VERB	5
ajutine	ADJ	5
algav	ADJ	5
ametnik	NOUN	5
andama	VERB	5
ansma	VERB	5
aparatuur	NOUN	5
arenenum	ADJ	5
argumenteerima	VERB	5
armastaja	NOUN	5
arvama	PROPN	5
arvestus	NOUN	5
arvutie_kraan	NOUN	5
asj	NOUN	5
asja_tundlik	ADJ	5
asjatu	ADJ	5
atmo_sfäärne	ADJ	5
aus	NOUN	5
auto_juhtimine	NOUN	5
auto_mehaanik	NOUN	5
autoj_uhikursus	NOUN	5
avaldatud	ADJ	5
avaldus	VERB	5
avalikult	ADV	5
ballett	NOUN	5
bensiin	NOUN	5
borš	NOUN	5
botaanika_aed	NOUN	5
desert	NOUN	5
diskussioon	NOUN	5
doktor	NOUN	5
eba_ilu	NOUN	5
eba_kindlus	NOUN	5
eba_tõeline	ADJ	5
ede_tabel	NOUN	5
edu_samm	NOUN	5
edu_tee	NOUN	5
edukamalt	ADV	5
eel_nimeta=tud	ADJ	5
ees_ots	NOUN	5
eest	ADJ	5
eestlaslik	ADJ	5
efektiivselt	ADV	5
effektiivne	ADJ	5
ehe	ADJ	5
eilmine	ADJ	5
eirama	VERB	5
ekskursiooni_juht	NOUN	5
eksponat	NOUN	5
ela=tud	ADJ	5
elektri_auto	NOUN	5
element	NOUN	5
elistama	VERB	5
elu_rõõm	NOUN	5
elu_sfäär	NOUN	5
eluline	ADJ	5
elusituatsioon	NOUN	5
endine	ADJ	5
enese_kindl	ADJ	5
enese_väljenda=mine	NOUN	5
eralduma	VERB	5
eredam	ADJ	5
erinema	ADJ	5
ette_vaatlikum	ADJ	5
ette_võtmine	NOUN	5
euro.ma	NOUN	5
eurot	NOUN	5
fantastika	NOUN	5
filmi_kunst	NOUN	5
filosoof	NOUN	5
filosoofia	NOUN	5
fri	NOUN	5
friikartul	NOUN	5
grilli=mine	NOUN	5
gumnaasium	NOUN	5
halbas	ADJ	5
halvendama	VERB	5
halvim	ADJ	5
hapu_kapsas	NOUN	5
haritus	NOUN	5
headus	NOUN	5
heelistama	VERB	5
hei	ADJ	5
helestama	VERB	5
hilisem	ADJ	5
hingamine	NOUN	5
hirmutav	ADJ	5
hoiama	VERB	5
hoidev	ADJ	5
homne	ADJ	5
homne	ADV	5
hoogne	ADJ	5
hoolikalt	ADV	5
hoop	NOUN	5
humanitaar_aine	NOUN	5
hämmastavalt	ADV	5
häving	NOUN	5
iga_ühte	PRON	5
ilmnema	VERB	5
ilu_tulestikk	NOUN	5
ilu_tulestikus	NOUN	5
ilu_võimlemine	NOUN	5
ime_pärane	ADJ	5
ime_vidin	NOUN	5
imelikult	ADV	5
info_paev	NOUN	5
inimlikkus	NOUN	5
inimne	NOUN	5
innovaatiline	ADJ	5
introvert	NOUN	5
isa_maalisus	NOUN	5
iseend	PRON	5
jaat	NOUN	5
jagpall	NOUN	5
jaht	NOUN	5
jaksama	VERB	5
jal_gpalli,korvpall	NOUN	5
jal_graas	NOUN	5
jal_pall	NOUN	5
jalgpall,võrk_pall	NOUN	5
jalle	ADV	5
jaluma	VERB	5
jazz-muusika	NOUN	5
jn	ADV	5
jonistama	VERB	5
jooksimine	NOUN	5
jooksmine,hüppa=mine	NOUN	5
joonis	NOUN	5
jube	ADJ	5
jube	ADV	5
judo	NOUN	5
juhendaja	NOUN	5
juhtiv	ADJ	5
juni	NOUN	5
jurde	ADP	5
jures	ADP	5
just_kui	ADV	5
jutu_teema	NOUN	5
juuks	NOUN	5
jäema	VERB	5
jälgimine	NOUN	5
jäädvustama	VERB	5
jõhv	NOUN	5
jüüma	VERB	5
kaas	NOUN	5
kaas_tundlik	ADJ	5
kaasa_arvatud	ADJ	5
kaasa_kiskuv	ADJ	5
kaasaegse=m	ADJ	5
kade	ADJ	5
kadriorg	NOUN	5
kaev	NOUN	5
kaevur	NOUN	5
kahanema	VERB	5
kahe_kümneni	NUM	5
kaks_sada	NUM	5
kakskümend	NUM	5
kalkulaator	NOUN	5
kannatus	NOUN	5
kaotus	NOUN	5
kapsas	NOUN	5
karaok	NOUN	5
karjumine	NOUN	5
kartama	VERB	5
kask	NOUN	5
kasutatud	ADJ	5
kasva=nud	ADJ	5
katkine	ADJ	5
kaudselt	ADV	5
kauplus_keti	NOUN	5
kaval	ADJ	5
keele_barjäär	NOUN	5
keerama	VERB	5
kehtestama	VERB	5
keku	PROPN	5
kellil	PRON	5
kesk	NOUN	5
keskel	ADV	5
kirjatama	VERB	5
kirjeldamine	NOUN	5
kirju	NOUN	5
kirjutam	NOUN	5
kirurg	NOUN	5
klassi_ruum	NOUN	5
kliendi_teenindaja	NOUN	5
kodu_loom	NOUN	5
kodu_maine	ADJ	5
kodus.pit	NOUN	5
koha_peal	ADV	5
kohaselt	ADP	5
kohvi_masin	NOUN	5
kokku_saamine	NOUN	5
koli	NOUN	5
kolm_sada	NUM	5
kolmekesi	ADV	5
kombineerima	VERB	5
kompensatsioon	NOUN	5
komponent	NOUN	5
kondiiter	NOUN	5
konspekt	NOUN	5
kontserdi_saal	NOUN	5
koobas	NOUN	5
kooli_aja_leht	NOUN	5
kooli_bänd	NOUN	5
kooli_eksam	NOUN	5
kooli_kohvik	NOUN	5
kooli_õpetaja	NOUN	5
koolia_jale	NOUN	5
kopsu_põletik	NOUN	5
koridor	NOUN	5
koroona	NOUN	5
korra_pidaja	NOUN	5
kostuma	VERB	5
kroon	NOUN	5
kudas	ADV	5
kujutlema	VERB	5
kuld_medal	NOUN	5
kultuuri_pärand	NOUN	5
kultuuri_ruum	NOUN	5
kunsti_aja_lugu	NOUN	5
kuri_tegija	NOUN	5
kurvam	ADJ	5
kuula=tud	ADJ	5
kuulsaut	ADJ	5
kuus_kümmend	NUM	5
kvaliteetse=m	ADJ	5
käe_pärast	ADV	5
käes	ADV	5
käitma	VERB	5
käja	NOUN	5
käte	NOUN	5
kätte_saamine	NOUN	5
kõi	PRON	5
kõik_sugune	ADJ	5
kõndimine	NOUN	5
küber_kiusamine	NOUN	5
küld	NOUN	5
küllalt	ADV	5
küsitlus	NOUN	5
kütus	NOUN	5
la	ADV	5
laad	NOUN	5
laagri_programm	NOUN	5
laamendam	NOUN	5
lagi	NOUN	5
lahing	NOUN	5
lahjendama	VERB	5
laiendamine	NOUN	5
laitma	VERB	5
laks	VERB	5
lammas	NOUN	5
laste_põlv	NOUN	5
laste_tuba	NOUN	5
lastelaul	NOUN	5
laulev	ADJ	5
laulu_mäng	NOUN	5
laut	NOUN	5
legent	NOUN	5
leht	PROPN	5
leima	VERB	5
lemmik_aine	NOUN	5
lennama	VERB	5
lennu_kipilot	NOUN	5
liberaalne	ADJ	5
lihtsamalt	ADV	5
lihtsusta=tud	ADJ	5
liigselt	ADV	5
liin	NOUN	5
limonaa	NOUN	5
linna_kära	NOUN	5
linna_mäkk	PROPN	5
lisa_tund	NOUN	5
lisanduma	VERB	5
loetlema	VERB	5
lohutama	VERB	5
loodus_park	NOUN	5
loogilisem	ADJ	5
loome_aeg	NOUN	5
lugu_pidavalt	ADV	5
luksus	NOUN	5
lume_memm	NOUN	5
luna_park	NOUN	5
luu	NOUN	5
luule	NOUN	5
läbi_rääkimine	NOUN	5
lähedalt	ADV	5
lähema	VERB	5
lähi_aeg	NOUN	5
lõdvestuma	VERB	5
lõhkumine	NOUN	5
lõhuma	VERB	5
lõpe	NOUN	5
lõpp_kokku_võte	NOUN	5
lõppema	NOUN	5
lõppus	ADV	5
löök	NOUN	5
lüürika	NOUN	5
ma_ilm	NOUN	5
maa_ilma_pilt	NOUN	5
maa_lapp	NOUN	5
maagiline	ADJ	5
maakler	NOUN	5
maal	NOUN	5
maaler	NOUN	5
maan_tee	NOUN	5
magamine	NOUN	5
mainitud	ADJ	5
maitsev	VERB	5
maitsvam	ADJ	5
majanduslik	ADJ	5
makaroon	NOUN	5
makma	VERB	5
maletama	VERB	5
mart.maasikas@gmail.com	NOUN	5
massiliselt	ADV	5
materiaal	NOUN	5
materiaalselt	ADV	5
material	NOUN	5
matš	NOUN	5
media	NOUN	5
meeldivalt	ADV	5
meelt_mööda	ADV	5
meer	NOUN	5
mehaanik	NOUN	5
meje	NOUN	5
meloodiline	ADJ	5
mentaliteet	NOUN	5
mere	NOUN	5
mes	PRON	5
metall	NOUN	5
metr	NOUN	5
miga	PRON	5
mikrofoon	NOUN	5
minge	ADJ	5
minu_arust	ADV	5
mittu	PRON	5
modell	NOUN	5
moto_ratas	NOUN	5
mugama	VERB	5
mugavamalt	ADV	5
mugavdama	VERB	5
muideks	ADV	5
mulle.mi=nu	PRON	5
muna	NOUN	5
muretne	NOUN	5
muretse	NOUN	5
muretsei	NOUN	5
muusika_klass	NOUN	5
mälestama	VERB	5
mändima	VERB	5
märgatav	ADJ	5
märk_sõna	NOUN	5
märkamatult	ADV	5
märkimis_väärselt	ADV	5
märkus	NOUN	5
määletama	VERB	5
mõjutaja	NOUN	5
mõjutamine	NOUN	5
mõjuv	ADJ	5
mõn_kümmend	NUM	5
mõtestama	VERB	5
mõõtma	VERB	5
mürama	VERB	5
nali	ADJ	5
nark_ootikum	NOUN	5
nentima	VERB	5
neutraalne	ADJ	5
nii-öelda	ADV	5
nii_pea	ADV	5
nimel	ADV	5
nina	NOUN	5
noorelt	ADV	5
normalne	ADJ	5
nuber	NOUN	5
nuti_laagrine	NOUN	5
nutis_eade	NOUN	5
nuud	ADV	5
nägäma	VERB	5
nähtamatu	ADJ	5
näost-näk	NOUN	5
näpp	NOUN	5
närvilisem	ADJ	5
nõuma	VERB	5
nö	ADV	5
oktober	NOUN	5
olima	VERB	5
olümpia_mängud	NOUN	5
osa_pool	NOUN	5
osa_tähtsus	NOUN	5
osaja	NOUN	5
osav	ADJ	5
osavam	ADJ	5
osk	NOUN	5
oste=tud	ADJ	5
ostu_keskus	NOUN	5
otsuma	VERB	5
pahanema	VERB	5
pahur	ADJ	5
paju	NOUN	5
pali	NOUN	5
paljus	DET	5
paluma	NOUN	5
palun	NOUN	5
panek	NOUN	5
panemine	NOUN	5
pannema	VERB	5
parajalt	ADV	5
parandus	NOUN	5
parast	ADV	5
paremalt	ADV	5
paris	ADV	5
pass	NOUN	5
patsient	NOUN	5
pea_näitleja	NOUN	5
peakok	NOUN	5
pedagoog	NOUN	5
peegeldama	VERB	5
perel_iikgt	NOUN	5
persoon	NOUN	5
pidi	ADP	5
pidulikult	ADV	5
pikenema	VERB	5
pile	NOUN	5
pinal	NOUN	5
plaksutama	VERB	5
playlist	NOUN	5
popp	ADJ	5
postima	VERB	5
praht	NOUN	5
privaatsus	NOUN	5
probleemne	ADJ	5
profesionaal	NOUN	5
proffesionaal	NOUN	5
programeerija	NOUN	5
promenaad	NOUN	5
proobleem	NOUN	5
pruugima	VERB	5
pruun	NOUN	5
präegu	NOUN	5
puhtus	NOUN	5
päevik	NOUN	5
päeviti	ADV	5
päike_paisteline	ADJ	5
päiv	NOUN	5
päva	NOUN	5
pääst	NOUN	5
põder	NOUN	5
põhi_seadus	NOUN	5
põhi_teadmine	NOUN	5
põhjalik	ADJ	5
põllu_töö	NOUN	5
põnevalt	ADV	5
põnevus	NOUN	5
püha_päev	ADV	5
püha_päev	PROPN	5
püüjama	VERB	5
rahusta=v	ADJ	5
rahva_mass	NOUN	5
rahva_muusika	NOUN	5
rask	NOUN	5
raskendama	VERB	5
raskesti	ADV	5
raud	NOUN	5
reaalsustaju	NOUN	5
realistlik	ADJ	5
registrerima	VERB	5
reguleerima	VERB	5
rehe_papp	NOUN	5
reiss	NOUN	5
reostus	NOUN	5
retk	NOUN	5
režiim	NOUN	5
riidet	NOUN	5
riietumine	NOUN	5
riigi_lipp	NOUN	5
rikk	ADJ	5
rind	NOUN	5
rohima	VERB	5
romaantika	NOUN	5
roog	NOUN	5
ropendama	VERB	5
rätik	NOUN	5
ründama	VERB	5
saaksa	ADJ	5
saatuma	VERB	5
saatuslik	ADJ	5
sadam	NOUN	5
satuma	VERB	5
savi	NOUN	5
see,e	NOUN	5
see-eest	ADV	5
see_sama	DET	5
segamini	ADV	5
segane	ADJ	5
seisu_kord	NOUN	5
seit_seteist	NUM	5
sekkuma	VERB	5
selgus	NOUN	5
sell	PRON	5
seltsi_mees	NOUN	5
seostuv	ADJ	5
seotuks	ADJ	5
shoppama	VERB	5
siil	ADV	5
siim	NOUN	5
simulaator	NOUN	5
sina	VERB	5
sinimust_valge	ADJ	5
sisemine	ADJ	5
siuke	ADJ	5
soda	ADJ	5
soode	NOUN	5
soodsam	ADJ	5
sorteerima	VERB	5
spordi_film	NOUN	5
spordiriided,_vesi	NOUN	5
sporti_mäng	NOUN	5
sprdi_päev	NOUN	5
staadio_nil.os	NOUN	5
stadio_nil.spordip	NOUN	5
suhtlemi	VERB	5
suhtlus_ringkond	NOUN	5
sujuvalt	ADV	5
sulg	NOUN	5
sulle,et	NOUN	5
supers_taar	NOUN	5
suuna	NOUN	5
suure_päärane	ADJ	5
suve_pidu	NOUN	5
suvevahe_aeg	NOUN	5
suviti	ADV	5
särav	ADJ	5
sõber,	NOUN	5
sõid_ueksam	NOUN	5
sõja_muuseum	NOUN	5
sõpd	NOUN	5
sõprustama	VERB	5
tall	PRON	5
talve_vahe_aeg	NOUN	5
tantsu_peol	NOUN	5
tasa_pisi	ADV	5
tassima	VERB	5
teater	PROPN	5
teatri_ring	NOUN	5
tee	PROPN	5
teegema	VERB	5
teevgamk	VERB	5
tegelev	ADJ	5
tegus	NOUN	5
tehni_kaim	NOUN	5
tehnika_areng	NOUN	5
tehnoloogija	NOUN	5
tehtav	ADJ	5
teisi_päeviti	ADV	5
teismelisi	NOUN	5
tellimus	NOUN	5
teme	NOUN	5
teooria_loeng	NOUN	5
teooria_osa	NOUN	5
teooria_õpetaja	NOUN	5
terrorism	NOUN	5
tervistus	NOUN	5
tihedamini	ADV	5
tilluke	ADJ	5
toim	NOUN	5
toimetaja	NOUN	5
tolerantsus	NOUN	5
tore	VERB	5
tormiline	ADJ	5
treen	NOUN	5
tugevnema	VERB	5
tulek	NOUN	5
tulenevalt	ADV	5
tulevikune	NOUN	5
tullma	VERB	5
tumelilla	NOUN	5
tuntma	VERB	5
tuntus	NOUN	5
turism	NOUN	5
turva_mees	NOUN	5
täendama	VERB	5
tähelegi	ADV	5
täis_kasvanu	PROPN	5
täis_väärtuslik	ADJ	5
täitmine	NOUN	5
täpsustamine	NOUN	5
tõdõ	NOUN	5
tõestus	NOUN	5
tõimuma	VERB	5
tõlkija	NOUN	5
tõukama	VERB	5
töö	VERB	5
töö_jõud	NOUN	5
töö_kaaslane	NOUN	5
töö_leht	NOUN	5
töö_vahend	NOUN	5
töö_varjupäe_vaks	NOUN	5
töötlustama	VERB	5
töötu	ADJ	5
tühistama	VERB	5
tüüpiline	ADJ	5
ujumis_riie	NOUN	5
uks	NUM	5
ules_anne	NOUN	5
unarus	NOUN	5
unustamine	NOUN	5
urima	VERB	5
usklik	ADJ	5
uudne	ADJ	5
uusim	ADJ	5
vabaõhumuus_eum	NOUN	5
vabrik	NOUN	5
vaevalt	ADV	5
vaieldama	VERB	5
vaimustus	NOUN	5
valgustus	NOUN	5
valimus	NOUN	5
valmima	VERB	5
valus	ADJ	5
vana_aeg	NOUN	5
varjama	VERB	5
vasakule	ADV	5
vast	ADV	5
vastuargument	NOUN	5
vee_kogu	NOUN	5
vee_pudel	NOUN	5
veebi_lehe_külg	NOUN	5
venima	VERB	5
vestlus_kaaslane	NOUN	5
video_kõne	NOUN	5
vies	ADJ	5
viideo	NOUN	5
vinge	ADJ	5
visioon	NOUN	5
vors	NOUN	5
vot	INTJ	5
votsima	VERB	5
vottama	VERB	5
vähegi	ADV	5
vähemus	NOUN	5
väikene	ADJ	5
väitlus	NOUN	5
välisma_ailm	NOUN	5
välja_nägemine	NOUN	5
välja_pääs	NOUN	5
värvikas	ADJ	5
väsimus	NOUN	5
väärtus_hinnang	NOUN	5
võistluma	VERB	5
võluma	VERB	5
võluv	ADJ	5
võstlus	NOUN	5
võte	NOUN	5
vöima	AUX	5
Õis_mäe	PROPN	5
Ühend_riik	PROPN	5
ähvardama	VERB	5
äär	NOUN	5
õhutama	VERB	5
õige_kiri	NOUN	5
õigea_met.ee	NOUN	5
õpija	NOUN	5
õpil	NOUN	5
õpilas_pilet	NOUN	5
õppitama	VERB	5
õrn	ADJ	5
öel	NOUN	5
ööbimis_koht	NOUN	5
ööp	VERB	5
ööseks	ADV	5
ühelt_poolt	ADV	5
ühendav	ADJ	5
ühis_elamu	ADJ	5
ühtselt	ADV	5
üks_luine	ADJ	5
üld_haridus	NOUN	5
üld_laulu_pidu	NOUN	5
üldsegi	ADV	5
üle_jäänu	NOUN	5
üle_liia	ADV	5
üle_maa_ilmselt	ADV	5
üli	ADV	5
üllatavalt	ADV	5
üllatuma	VERB	5
ümber_ringi	ADV	5
šašlõk	NOUN	5
!!!!!	PUNCT	4
!kui	SCONJ	4
!see	PUNCT	4
+37255554444	NUM	4
+37255555666	NUM	4
+3725555777	NUM	4
+3725666777	NUM	4
,hüppama	VERB	4
,see	PRON	4
.kaasa	ADV	4
.kas	ADV	4
.me	PRON	4
.ootama	VERB	4
.sünni_päev	PROPN	4
.õpetaja	NOUN	4
00.	ADJ	4
00.seal	NOUN	4
01.	ADJ	4
03.	ADJ	4
08.06.20	NUM	4
1-12	NUM	4
1-23	NUM	4
10-11	NUM	4
105	NUM	4
10_-aastane	ADJ	4
10euro	NOUN	4
12-klass	NOUN	4
12.05	NUM	4
12.45	NUM	4
12a	SYM	4
14.05	NUM	4
14000	NUM	4
15.05	NUM	4
15000	NUM	4
16.05	NUM	4
16000	NUM	4
17.05.2018	NUM	4
17_aastane	ADJ	4
18.05.2018	NUM	4
18.mail	ADJ	4
19.mail	ADJ	4
20-30	NUM	4
20€	NUM	4
22.05	NUM	4
26.04.17	NUM	4
3.06.2019	NUM	4
3.juuni	NOUN	4
3.mail	ADJ	4
300m	NUM	4
32	NUM	4
350	NUM	4
4-7	NUM	4
4-8	NUM	4
450	NUM	4
5-10	NUM	4
5.-7.	ADJ	4
5.mail	ADJ	4
50000	NUM	4
52	NUM	4
55555	NUM	4
555555555	NUM	4
56112233	NUM	4
5€	NUM	4
6-8	NUM	4
64	NUM	4
65	NUM	4
69	NUM	4
6B	ADJ	4
6a	ADJ	4
7.-9.	ADJ	4
7.a	NUM	4
7.juuni	NOUN	4
700	NUM	4
75	NUM	4
7b	NUM	4
7e	ADJ	4
8.00-16.00	NUM	4
8.06.2020	NUM	4
8.15	NUM	4
9.A	PROPN	4
9.a	ADJ	4
900	NUM	4
9000	NUM	4
9B	PROPN	4
9b	ADJ	4
AHA	PROPN	4
Aadress	PROPN	4
Aasia	PROPN	4
Aega	PROPN	4
Alan	PROPN	4
Anastassia	PROPN	4
Apollo	PROPN	4
Ave	PROPN	4
B2	PROPN	4
Beethoven	PROPN	4
Beyond	PROPN	4
Bill	PROPN	4
Bioloogia	NOUN	4
Danil	PROPN	4
E	PROPN	4
E-post	PROPN	4
Eesti_keel	PROPN	4
Egiptus	PROPN	4
Eile	ADV	4
Elena	PROPN	4
Elva	PROPN	4
Eragümnaasium	PROPN	4
Ermitaž	PROPN	4
Euro_visioon	PROPN	4
Face	PROPN	4
Füüsika	PROPN	4
Geograafia	PROPN	4
Georg	PROPN	4
Gustav	PROPN	4
Gümnasium	PROPN	4
Happy	PROPN	4
Heataega	PROPN	4
Henri	PROPN	4
Hiumaa	PROPN	4
Hotell	PROPN	4
Janno	PROPN	4
Jelena	PROPN	4
Jevgeni	PROPN	4
Jobs	PROPN	4
Juuni	PROPN	4
Jään	PROPN	4
Kaarel	PROPN	4
Kadrior	PROPN	4
Kalis	ADJ	4
Kannuka	PROPN	4
Kartul	PROPN	4
Kava	PROPN	4
Keira	PROPN	4
Kell	PROPN	4
Kersti	PROPN	4
Kevad	PROPN	4
Kevin	PROPN	4
Kuristik	PROPN	4
Kuu	PROPN	4
Laser	PROPN	4
Laulas_maa	PROPN	4
Laulu_väljak	NOUN	4
Lennukipiloot	PROPN	4
Leonid	PROPN	4
Lil	PROPN	4
Loksa	PROPN	4
Luts	PROPN	4
Lääti	PROPN	4
Mai	NOUN	4
Maks	PROPN	4
Maleva	PROPN	4
Mallu	PROPN	4
Margarita	PROPN	4
Mari-Liis	PROPN	4
Marss	PROPN	4
Matematika	PROPN	4
Meediak_lubi	PROPN	4
Meelis	PROPN	4
Megazon	PROPN	4
Metsa	PROPN	4
Muhu	PROPN	4
Mull	PROPN	4
Must	PROPN	4
Nigeeria	PROPN	4
Oleviste	PROPN	4
Otan	VERB	4
Paks	PROPN	4
Palermo	PROPN	4
Peterson	PROPN	4
Piret	PROPN	4
Polütehnikum	PROPN	4
Priit	PROPN	4
Puu	PROPN	4
Rakver	PROPN	4
Reaalgümnaasium	PROPN	4
Reis	PROPN	4
Ronaldo	PROPN	4
Ruslan	PROPN	4
Saša	PROPN	4
Serena	PROPN	4
Silver	PROPN	4
Skypargis.Pidu	PROPN	4
Snell	PROPN	4
Steve	PROPN	4
Svetlana	PROPN	4
Sõprus	PROPN	4
T	NOUN	4
T1	PROPN	4
TV	PROPN	4
Talinn	PROPN	4
Tallinn	NOUN	4
Tartus_se.s	PROPN	4
Teine	PROPN	4
Teletorn	PROPN	4
Television	PROPN	4
Tesla	PROPN	4
The	PROPN	4
Tiiu	PROPN	4
VIP	NOUN	4
Vanja	PROPN	4
Vassiljev	PROPN	4
Vastus	PROPN	4
Võrru	PROPN	4
Word	PROPN	4
Youtubei	PROPN	4
aaeg	NOUN	4
aas	NOUN	4
aastaselt	ADV	4
abi_mees	NOUN	4
absoluutne	ADJ	4
aega_nõudev	ADJ	4
ah	INTJ	4
ainud	ADJ	4
aja_hetk	NOUN	4
aja_jooksul	NOUN	4
akrobaat	NOUN	4
aktivne	ADJ	4
aktsent	NOUN	4
akustiline	ADJ	4
alandama	VERB	4
alt	ADV	4
ametlik	ADJ	4
analüüsi=mine	NOUN	4
andeks	ADV	4
andur	NOUN	4
arenda=v	ADJ	4
argi_päev	NOUN	4
aru_annes	NOUN	4
arutelu	NOUN	4
asenduma	VERB	4
asetsema	VERB	4
asula	NOUN	4
atmosfeer	NOUN	4
auhinn	NOUN	4
auto_juhikursus	NOUN	4
auto_juhiloa	NOUN	4
baar	NOUN	4
balanseerima	VERB	4
balanss	NOUN	4
bank	NOUN	4
bastion	NOUN	4
bändi_liige	NOUN	4
debaat	NOUN	4
desain	NOUN	4
dessert	NOUN	4
dinosaur	NOUN	4
disc_golf	NOUN	4
distant_sõpe	NOUN	4
dokumentaal_film	NOUN	4
draama	NOUN	4
dubstep	NOUN	4
duur	NOUN	4
eales	ADV	4
eba_korrektne	ADJ	4
eba_populaarne	ADJ	4
eba_positiivne	ADJ	4
eba_tavaliselt	ADV	4
eba_viisakus	NOUN	4
eba_õiglane	ADJ	4
eda_siminek	NOUN	4
edasta=tud	ADJ	4
edenema	VERB	4
eduku	ADJ	4
edune	ADJ	4
eel_käija	NOUN	4
eesi	ADJ	4
eesti_meelne	ADJ	4
eestlane	PROPN	4
eetika.ee	NOUN	4
effektiivselt	ADV	4
ekonoomika	NOUN	4
ekskursioonil.ekskursioon	NOUN	4
ekskursioonile.see	NOUN	4
ekskursoon	NOUN	4
eksootiline	ADJ	4
eksperement	NOUN	4
ekstreemne	ADJ	4
elad-ol	NOUN	4
elu_olu	NOUN	4
elu_tarkus	NOUN	4
elu_väärtus	NOUN	4
eluma	VERB	4
enam-vähem	ADV	4
energija	NOUN	4
enese_arenemine	NOUN	4
enese_areng	NOUN	4
enesest_mõistetav	ADJ	4
ent	PRON	4
era_maja	NOUN	4
era_tund	NOUN	4
eri_alane	ADJ	4
eri_alane	NOUN	4
eri_pärane	ADJ	4
erilisus	NOUN	4
erinav	ADJ	4
eristuma	VERB	4
eriv	ADJ	4
esitlema	VERB	4
esma_abik_oolitus	NOUN	4
esma_pilk	NOUN	4
ette_paneku	NOUN	4
ette_võtja	NOUN	4
ettev_almistus_kursus	NOUN	4
ettevalmistus_kurs	NOUN	4
eurot.kutsun	NOUN	4
eurot.palun	NOUN	4
fantaastiline	ADJ	4
farm	NOUN	4
filosoofiline	ADJ	4
fontaan	NOUN	4
frikartul	NOUN	4
fuusika	NOUN	4
geniaalne	ADJ	4
gitarr	NOUN	4
globaalselt	ADV	4
golf	NOUN	4
haarav	ADJ	4
halvas	ADJ	4
hamba_arst	NOUN	4
hammustama	VERB	4
haridus_ministeerium	NOUN	4
harilik	ADJ	4
hariv	ADJ	4
hea_tuju	NOUN	4
heiskamine	NOUN	4
helendav	ADJ	4
helisema	VERB	4
hiiu_maa	PROPN	4
hindamine	NOUN	4
hinna_kiri	NOUN	4
hirmutama	VERB	4
hobb	NOUN	4
hokki	NOUN	4
hommiku_söög	NOUN	4
hoo_aeg	NOUN	4
hoogsalt	ADV	4
hoolivus	NOUN	4
hoteli	NOUN	4
hulganisti	ADV	4
huvi_juht	PROPN	4
huvi_tegevus	NOUN	4
huviline	ADJ	4
huvine	NOUN	4
huviring	NOUN	4
hävitamine	NOUN	4
hügieen	NOUN	4
hüppema	VERB	4
ideoloogia	NOUN	4
iga_päev	ADJ	4
igat_pidi	ADV	4
igavene	ADJ	4
illukas	PROPN	4
ilu_uisutaja	NOUN	4
ilusa=mini	ADV	4
ilusaim	ADJ	4
imik	NOUN	4
ina	PRON	4
indiviid	NOUN	4
info_juht	NOUN	4
inim_grupp	NOUN	4
inim_suhe	NOUN	4
inime	NOUN	4
innovatsioon	NOUN	4
interjöör	NOUN	4
investeerima	VERB	4
is	NOUN	4
ise_loomustus	NOUN	4
ise_sõitev	ADJ	4
isees	PRON	4
iseloomustama	VERB	4
jaama	AUX	4
jaguma	VERB	4
jahe	ADJ	4
jala	NOUN	4
jalg_palli_mäng	NOUN	4
jalg_rattas	NOUN	4
jalgpalli,korv_pall	NOUN	4
jalutama	PROPN	4
jaok	NOUN	4
jaotama	VERB	4
jne..	ADV	4
joksima	VERB	4
joksma	VERB	4
joo	NOUN	4
joogi_pudel	NOUN	4
joogi_vesi	NOUN	4
jooksime,mängima	VERB	4
jooksm	NOUN	4
jooksma	NOUN	4
jpm	ADV	4
juhatama	VERB	4
justnim	NOUN	4
jäima	VERB	4
jäma	VERB	4
järel_tulija	NOUN	4
järsk	ADJ	4
jäse	NOUN	4
jõuliselt	ADV	4
jõutma	VERB	4
jöök	NOUN	4
kaader	NOUN	4
kaas_aeg	NOUN	4
kaasa_aegne	ADJ	4
kadri_päev	NOUN	4
kadumine	NOUN	4
kael	NOUN	4
kahe_päevane	ADJ	4
kahekümneneljas	ADJ	4
kahju	ADJ	4
kahs_ksateist	NUM	4
kahs_teist	NUM	4
kahtlane	ADJ	4
kaine	ADJ	4
kallis_sõber	NOUN	4
kandideerimine	NOUN	4
kandja	NOUN	4
kanduma	VERB	4
kannatlikkus	NOUN	4
karastus_jook	NOUN	4
kartuli_püree	NOUN	4
kaslane	NOUN	4
kasum	NOUN	4
kasvu_hoone	NOUN	4
katja	PROPN	4
katk	NOUN	4
kauba_keskus	NOUN	4
kaunistama	VERB	4
kavatma	VERB	4
keele_struktuur	NOUN	4
keele_õppimine	NOUN	4
keelne	NOUN	4
keemiline	ADJ	4
keerukas	ADJ	4
kehaliseka_svatus	NOUN	4
kehvasti	ADV	4
kelt	NOUN	4
kemikaal	NOUN	4
kes	NOUN	4
keset	ADP	4
keskmiselt	ADV	4
kestima	VERB	4
ketas	NOUN	4
keva_dkontserd	NOUN	4
keva_dkontsert.ta	NOUN	4
kevadekontsert	NOUN	4
kevadkonsert	NOUN	4
kiir_toit	NOUN	4
kiiremalt	ADV	4
kiirendama	VERB	4
kilometr	NOUN	4
kilu	NOUN	4
kinnos	NOUN	4
kirglik	ADJ	4
kirjama	VERB	4
kirjutama	PROPN	4
kitarri_mäng	NOUN	4
kitarrist	NOUN	4
klas	NOUN	4
klassikastlane	NOUN	4
kliend	NOUN	4
kodu_riik	NOUN	4
kodu_tee	NOUN	4
kodutu	ADJ	4
koer	ADJ	4
kogukond	NOUN	4
koguni	ADV	4
kohale	ADP	4
kohama	VERB	4
kohtlema	VERB	4
kohtumine	PROPN	4
kohvikkus	NOUN	4
kokku_lõpe	NOUN	4
kokku_puude	NOUN	4
kokkuleppima	VERB	4
kokkuma	VERB	4
koleeg	NOUN	4
kollide_kool	NOUN	4
kollidekool	NOUN	4
kolm	ADJ	4
kolmaks	ADV	4
kolme_päevane	ADJ	4
kolmekümnes	ADJ	4
kolmkümend	NUM	4
kommi_pakk	NOUN	4
komplement	NOUN	4
konkretne	ADJ	4
konsentreeruma	VERB	4
konsert	PROPN	4
kontakteeruma	VERB	4
kontserdile.kontsert	NOUN	4
koo_liõpilane	NOUN	4
koog	NOUN	4
kooli_söökla	NOUN	4
kooli_tee	NOUN	4
kooli_õde	NOUN	4
kooliaj_aleh	NOUN	4
koolileht@gmail.com	NOUN	4
koolis._kontsert	NOUN	4
koolis.see	NOUN	4
koolis.ta	NOUN	4
koolitaja	NOUN	4
koos_kõla	NOUN	4
koos_seis	NOUN	4
kooslus	NOUN	4
koosta=tud	ADJ	4
koputama	VERB	4
kori	NOUN	4
koroona_kriis	NOUN	4
korv_palli_mäng	NOUN	4
korva_pall	NOUN	4
kostama	VERB	4
kriips	NOUN	4
kritiseeri=mine	NOUN	4
kujundamine	NOUN	4
kuks_kümmend	NUM	4
kukuma	VERB	4
kulastama	VERB	4
kultuuri_keskus	NOUN	4
kultuuriliselt	ADV	4
kultuurne	ADJ	4
kumbki	PRON	4
kummardama	VERB	4
kumme	NUM	4
kunsti_teos	NOUN	4
kunsti_õpetaja	NOUN	4
kurus	NOUN	4
kutsuda.see	ADJ	4
kuulajaskond	NOUN	4
kuulatama	VERB	4
kuulav	ADJ	4
kvaliteetse=lt	ADV	4
käi=nud	ADJ	4
känd	NOUN	4
käskima	VERB	4
kääri	NOUN	4
kõige	DET	4
kõikjale	ADV	4
kõne_keel	NOUN	4
kõrgel	ADV	4
kõrgus_hüppamine	NOUN	4
kõrini	ADV	4
kõrvas	ADV	4
kõrvas	NOUN	4
köe_vedu	NOUN	4
köik	DET	4
köik	PRON	4
köögi_kombain	NOUN	4
köögi_pool	NOUN	4
köögima	VERB	4
köökima	VERB	4
küla	PROPN	4
külje	NOUN	4
külmetus	NOUN	4
kümmend	NUM	4
kümnend	NOUN	4
kümnes	NUM	4
kündma	VERB	4
küsimuse_d,siis	NOUN	4
küüditamine	NOUN	4
laenutama	VERB	4
lahtine	ADJ	4
laialdaselt	ADV	4
laiska	ADJ	4
langetama	VERB	4
lapik	ADJ	4
lasema	VERB	4
laskmine	NOUN	4
laskuma	VERB	4
lau	NOUN	4
laua_arvuti	NOUN	4
lauljad.pilet	NOUN	4
lavastama	VERB	4
leevendus	NOUN	4
leidlik	ADJ	4
leiutaja	NOUN	4
leiutatud	ADJ	4
lemmik_pala	NOUN	4
lemmik_tegevus	NOUN	4
lemmik_toit	NOUN	4
lennuki_juht	NOUN	4
lennukipiloot	NOUN	4
levima	ADJ	4
liga	ADV	4
ligi_kaudu	ADV	4
liht_tööline	NOUN	4
lihtsusta=mine	NOUN	4
liikuv	ADJ	4
liisa	ADV	4
linna_elu	NOUN	4
loetama	VERB	4
logistika	NOUN	4
lohakas	ADJ	4
lollim	ADJ	4
loodus_aine	NOUN	4
loodus_keskkond	NOUN	4
lootusetu	ADJ	4
lopsakas	ADJ	4
loter	NOUN	4
lugei	NOUN	4
lugematu	ADJ	4
luik	NOUN	4
lukk_sepp	NOUN	4
lume_pall	NOUN	4
lummama	VERB	4
läbi_mõeldud	ADJ	4
läbi_viidud	ADJ	4
lähedale	ADP	4
lähedamalt	ADV	4
lähtuvalt	ADV	4
lääne_riik	NOUN	4
lõbusasti	ADV	4
lõbustus	NOUN	4
lõdvestama	VERB	4
lõhnama	VERB	4
lõhutama	VERB	4
lõnga_kera	NOUN	4
lõpep	NOUN	4
lõplik	ADJ	4
lõplikult	ADV	4
lõõbus	ADJ	4
m.maasikas@gmail.com	NOUN	4
ma	NOUN	4
maa_koht	NOUN	4
maai_lma	NOUN	4
maas	ADV	4
mailm	NOUN	4
majapidamis_töö	NOUN	4
maneer	NOUN	4
marafoon	NOUN	4
mari.mets@m_ail.ur	NOUN	4
mari@_mail.ru	NOUN	4
massihävitusr_elv	NOUN	4
matemaatik	NOUN	4
matemaatiline	ADJ	4
med_õde	NOUN	4
medaal	NOUN	4
mee	NOUN	4
meede	NOUN	4
meeldejää=vam	ADJ	4
meeldi	NOUN	4
meeldima	ADJ	4
meelima	VERB	4
meenutamine	NOUN	4
mees	PRON	4
mehaanika	NOUN	4
meili	NOUN	4
mel	PRON	4
melt	NOUN	4
menu	NOUN	4
menü	NOUN	4
metsa_tukk	NOUN	4
mevaatama	VERB	4
mi	PRON	4
mid	PRON	4
miinimum	NOUN	4
miksima	VERB	4
miline	ADJ	4
millalgi	ADV	4
mille_pärast	ADV	4
milleks	PRON	4
millene	ADJ	4
minema	PROPN	4
minge	DET	4
mingine	DET	4
mini	PRON	4
minu	NOUN	4
minus	NOUN	4
mis_tahes	ADV	4
mite	ADV	4
mitmekesise=m	ADJ	4
mittu	ADV	4
modernne	ADJ	4
mote	NOUN	4
motiveeritud	ADJ	4
mugavaim	ADJ	4
muljetama	VERB	4
muretne	ADJ	4
muretsema	NOUN	4
musikas	NOUN	4
musiu=mine	NOUN	4
musium	NOUN	4
must	NOUN	4
muusem	NOUN	4
muusi_kafestival	NOUN	4
muusika_tunn	NOUN	4
muusikainstrument	NOUN	4
muusikas	NOUN	4
mälestus_samm	NOUN	4
mängitav	ADJ	4
männi_park	PROPN	4
märksa	ADV	4
määramine	NOUN	4
mõistama	VERB	4
mõjutus	NOUN	4
mõlgutama	VERB	4
mõni_sada	NUM	4
mõtte_laad	NOUN	4
möllama	VERB	4
n-ö	ADV	4
nafta	NOUN	4
narrima	VERB	4
nattuke	ADV	4
naudma	VERB	4
neen	NOUN	4
neli_sada	NUM	4
net_ikeskkond	NOUN	4
nii_kaua	ADV	4
nii_kui_nii	ADV	4
nii_samuti	ADV	4
niidike	NOUN	4
niit	NOUN	4
nimtma	VERB	4
nohu	NOUN	4
noodi_kiri	NOUN	4
noor_inimene	NOUN	4
noorte_laager	NOUN	4
nul	NUM	4
nuti_ajastu	NOUN	4
nuti_vahend	NOUN	4
nuti_vidin	NOUN	4
näidima	VERB	4
näima	AUX	4
näitaja	NOUN	4
näitlemine	NOUN	4
näitlemis_oskus	NOUN	4
näitlus	NOUN	4
nälg	NOUN	4
nääma	VERB	4
nõmme	NOUN	4
nõudev	ADJ	4
nõudlik	ADJ	4
nõudmine	NOUN	4
nöör	NOUN	4
ohutu	ADJ	4
okei	ADJ	4
ol=nud	ADJ	4
ola	AUX	4
olama	AUX	4
olgugi	SCONJ	4
olu_korra	NOUN	4
olümpiaad	NOUN	4
oma	ADJ	4
oma_päraselt	ADV	4
oma_valitsus	NOUN	4
ookean	NOUN	4
opetaja	NOUN	4
optimist	NOUN	4
ost	NOUN	4
otsas	ADV	4
otsene	ADJ	4
otsustamine	NOUN	4
paar_sada	NUM	4
paaris_töö	NOUN	4
paha_meel	NOUN	4
pahu_pool	ADV	4
pai	NOUN	4
paigal	ADV	4
paindlik	ADJ	4
pakkus	NOUN	4
pakkutama	VERB	4
pakkutud	ADJ	4
palju-palju	ADV	4
paljum	ADJ	4
pana	NOUN	4
pann_koog	NOUN	4
pant	NOUN	4
panter	NOUN	4
parajasti	ADV	4
paras	ADJ	4
parata	ADV	4
pareim	ADJ	4
paremal	ADV	4
pargi	NOUN	4
parim	VERB	4
pasta_pliiats	NOUN	4
pats	NOUN	4
peagu	ADV	4
pearoll	NOUN	4
pehmem	ADJ	4
peletamine	NOUN	4
pelgalt	ADV	4
pensionär	NOUN	4
pere_naine	NOUN	4
period	NOUN	4
personal	NOUN	4
pesa	NOUN	4
pessimist	NOUN	4
pidama	NOUN	4
pidurdama	VERB	4
pidustus	NOUN	4
piiri_punkt	NOUN	4
pikkas	ADJ	4
pikkendama	VERB	4
piknik_laud	NOUN	4
pilli_mängija	NOUN	4
pinguta=nud	ADJ	4
pisem	ADJ	4
planetaarium	NOUN	4
pliit	NOUN	4
plusi	NOUN	4
polvkond	NOUN	4
pooldaja	NOUN	4
poolt	NUM	4
poolt_argumend	NOUN	4
popstaar	NOUN	4
populaarse=im	ADJ	4
popularne	ADJ	4
popularsem	ADJ	4
post_kontor	NOUN	4
postiljon	NOUN	4
praad	NOUN	4
praed	NOUN	4
printima	VERB	4
printsess	NOUN	4
profesionaalne	ADJ	4
program	NOUN	4
programeeri=mine	NOUN	4
prooblem	NOUN	4
proovi_eksam	NOUN	4
proovimine	NOUN	4
propaganda	NOUN	4
psühiline	ADJ	4
puha_päev	NOUN	4
puhastamine	NOUN	4
puhtam	ADJ	4
puhtama	ADJ	4
pulm	NOUN	4
putru	NOUN	4
päev-päev	NOUN	4
päeva_plaan	NOUN	4
päevaselt	ADV	4
päris_maa_ilm	NOUN	4
pärnu	NOUN	4
pästja	NOUN	4
pääev	NOUN	4
pääse_tee	NOUN	4
põhjendus	NOUN	4
põimima	VERB	4
põletama	VERB	4
põline	ADJ	4
põlv_kona	NOUN	4
pürgima	VERB	4
pürkima	VERB	4
püssiroh	NOUN	4
püstita=tud	ADJ	4
püüama	VERB	4
püüdlus	NOUN	4
püütlema	VERB	4
raadio_jaam	NOUN	4
raagima	VERB	4
rae_koda	NOUN	4
rahulikumalt	ADV	4
rahvus_toit	NOUN	4
rahvus_tunne	NOUN	4
rahvuslikkus	NOUN	4
raisata=mine	NOUN	4
raisatama	VERB	4
ramatu_kogu	NOUN	4
ratsionaalselt	ADV	4
ravitav	ADJ	4
reaalsus_taju	NOUN	4
realne	ADJ	4
rebane	ADJ	4
rede	NOUN	4
reegl	NOUN	4
regi_laul	NOUN	4
religioon	NOUN	4
relva_tööstus	NOUN	4
reporter	NOUN	4
rietus	NOUN	4
riide_pood	NOUN	4
riieldama	VERB	4
riis	NOUN	4
ring_vaade	NOUN	4
ringi	NOUN	4
robotika	NOUN	4
rock-muusika	NOUN	4
rumalam	ADJ	4
räppar	NOUN	4
rõõmus	NOUN	4
rühmatö	NOUN	4
rüti	NOUN	4
rütmika=m	ADJ	4
saa=nud	ADJ	4
saama	DET	4
saat	NOUN	4
saba	NOUN	4
sahin	NOUN	4
saiakesi	ADV	4
said	NOUN	4
saksa_keel	NOUN	4
salati	ADV	4
salliv	ADJ	4
sallivam	ADJ	4
sallivus	NOUN	4
sama_aegselt	ADV	4
sama_sugune	PRON	4
sarnasus	NOUN	4
sassi	ADV	4
sea_liha	NOUN	4
seal_juures	ADV	4
see_juures	ADV	4
seene	NOUN	4
seep	NOUN	4
seiklus_park	PROPN	4
seisama	VERB	4
seitsmendik	NOUN	4
sekretäär	NOUN	4
selliselt	ADV	4
selts	NOUN	4
sepp	NOUN	4
sfeer	NOUN	4
siht_koht	NOUN	4
siil	NOUN	4
siina	ADV	4
siir	ADJ	4
silma_vaade	NOUN	4
silmast-silma	NOUN	4
sina	DET	4
sisestama	VERB	4
sisseastu_miseksam	NOUN	4
siukene	ADJ	4
sobralik	ADJ	4
soetama	VERB	4
soojenemine	NOUN	4
sool	NOUN	4
sooma	VERB	4
sordi_päev	NOUN	4
sotsi_aalmeedia	NOUN	4
spetsiaalselt	ADV	4
spontaanselt	ADV	4
spordi_muuseumis	NOUN	4
spordi_paäev	NOUN	4
spordi_päv	NOUN	4
spordidress	NOUN	4
spordip_äaev	NOUN	4
spordu_päev	NOUN	4
sprint	NOUN	4
st	ADV	4
sta_adionil.sport	NOUN	4
staadium	NOUN	4
stadio_onil.spordip	NOUN	4
stimuleerima	VERB	4
strateegia	NOUN	4
sugus	ADJ	4
suheldamine	NOUN	4
suhkur	NOUN	4
suht	NOUN	4
suhteline	ADJ	4
suhtema	VERB	4
suhtlev	ADJ	4
sulama	VERB	4
suna	NOUN	4
sunni=tud	ADJ	4
sunnima	VERB	4
suure_jooneline	ADJ	4
suurune	ADJ	4
suusata=mine	NOUN	4
suusatama	VERB	4
suusatamine	NOUN	4
suvaline	ADJ	4
särg	NOUN	4
sõbrustama	VERB	4
sõdur	NOUN	4
sõidu_instruktor	NOUN	4
sõja	NOUN	4
sõja_vägi	NOUN	4
sõltlane	NOUN	4
sõpr	NOUN	4
sõpranna	NOUN	4
sõtma	VERB	4
sõõma	VERB	4
söögi_paus	NOUN	4
südame_haigus	NOUN	4
südame_lähedase	ADJ	4
südamelähedase=m	ADJ	4
sügaval	ADV	4
sügavale	ADV	4
sümpaatne	ADJ	4
sünni_paäev	NOUN	4
sünnitamine	NOUN	4
süööma	VERB	4
süü=ja	NOUN	4
süüdistama	VERB	4
süüni_päev	NOUN	4
t	NOUN	4
taas_kord	ADV	4
taeva_taht	NOUN	4
tagal	ADP	4
tagant	ADV	4
tagasi_side	PROPN	4
tahan,e	NOUN	4
tahendama	VERB	4
tahkma	VERB	4
tahma	VERB	4
tahtma	PROPN	4
tahtmatult	ADV	4
tahtsam	ADJ	4
tahtsus	NOUN	4
tahvli	NOUN	4
taine	ADJ	4
tantsja	NOUN	4
tapeet	NOUN	4
tapmine	NOUN	4
tarbimine	NOUN	4
tarkem	ADJ	4
tasa_kaalusta=tud	ADJ	4
tasuv	ADJ	4
tatar	NOUN	4
tavama	VERB	4
teade_jooks	NOUN	4
teate_jooksus	NOUN	4
teenindus_kool	PROPN	4
teenis	NOUN	4
tegelikune	ADJ	4
tegevus_vabadus	NOUN	4
tegutsev	ADJ	4
tehing	NOUN	4
tehis_intellekt	NOUN	4
tehnika_sõltuvus	NOUN	4
tehniliselt	ADV	4
tehnoloog	NOUN	4
tehnoloogilise=lt	ADV	4
teisel_pool	ADP	4
tekkima	ADJ	4
telefonn	NOUN	4
tellimine	NOUN	4
teme	VERB	4
teoori_tund	NOUN	4
teoori_tunne	NOUN	4
teoria	NOUN	4
teraapia	NOUN	4
terav	ADJ	4
tere,ma	NOUN	4
tere_tulnud	ADJ	4
terrarium	NOUN	4
tervisliku=lt	ADV	4
tinistama	VERB	4
toalet	NOUN	4
toll	NOUN	4
tomuma	VERB	4
toodang	NOUN	4
toon	NOUN	4
triin	NOUN	4
tselluloos	NOUN	4
tugevamalt	ADV	4
tuim	ADJ	4
tulema	ADJ	4
tulemine	NOUN	4
tundmatus	NOUN	4
tunduv	ADJ	4
tunnema	VERB	4
tunnetus	NOUN	4
tunnustama	VERB	4
tuntuim	ADJ	4
tutvustus	NOUN	4
tuuline	ADJ	4
tuulma	VERB	4
tuuma_energia	NOUN	4
tuuma_reaktor	NOUN	4
tuuma_relv	NOUN	4
tuuma_teadus	NOUN	4
tähe_lepanelik	ADJ	4
tähit	ADJ	4
tähtne	ADJ	4
tähtsusetu	ADJ	4
täis	NOUN	4
täis_pilet	NOUN	4
täna_vatants	NOUN	4
tänava_pilt	NOUN	4
täpp	NOUN	4
täpsemini	ADV	4
tärkama	VERB	4
tõhusalt	ADV	4
tõke	NOUN	4
tõkk	NOUN	4
tõlgija	NOUN	4
tõsisemalt	ADV	4
tõttu	ADV	4
töö_paev	NOUN	4
töö_tasu	NOUN	4
töö_varjupä_eval	NOUN	4
töö_varjupäe_vale	NOUN	4
töötlemine	NOUN	4
tööva_rju_päev	NOUN	4
tütar_laps	NOUN	4
uisutamine	NOUN	4
uju	NOUN	4
uks	DET	4
ulatus	NOUN	4
unustus	NOUN	4
uppuma	VERB	4
vaalima	VERB	4
vaas	NOUN	4
vaatamatta	ADP	4
vaatamatu	ADJ	4
vaatamis_väärtus	NOUN	4
vaatema	VERB	4
vabaõ_humu_useum	NOUN	4
vaevama	VERB	4
vahe_tunn	NOUN	4
vahendamine	NOUN	4
vahvam	ADJ	4
vaidlemine	NOUN	4
vaip	NOUN	4
vajalikkus	NOUN	4
vaktsineerima	VERB	4
valem	NOUN	4
valema	VERB	4
valge	NOUN	4
valutav	ADJ	4
valvama	VERB	4
vana	PROPN	4
vana-isa	NOUN	4
vana_inimene	NOUN	4
vana_moeline	ADJ	4
vananema	VERB	4
vanune	ADJ	4
vanus	ADJ	4
varblane	NOUN	4
vasta	ADV	4
vastand	NOUN	4
vastas	ADP	4
vastavalt	ADV	4
vastu	NOUN	4
vastuma	VERB	4
vastutus_tunne	NOUN	4
vebe_leht	NOUN	4
vebi_leht	NOUN	4
vedel_kütus	NOUN	4
vedelema	VERB	4
veenduma	ADJ	4
veerand	NUM	4
veits	ADV	4
venitama	VERB	4
vetma	VERB	4
vets	NOUN	4
video_kaamera	NOUN	4
viieteistküme	NUM	4
viisakus	NOUN	4
virisema	VERB	4
visakas	ADJ	4
vodi	NOUN	4
voolima	VERB	4
votma	VERB	4
vulkaan	NOUN	4
väaga	ADV	4
vägi	NOUN	4
vägä	ADV	4
vähim	ADJ	4
väht	NOUN	4
väi	NOUN	4
väike_riik	NOUN	4
välisma	NOUN	4
väljak	PROPN	4
vältimatu	ADJ	4
värav	NOUN	4
värtuslik	ADJ	4
värvika=m	ADJ	4
võe	NOUN	4
võidu_käik	NOUN	4
võimus	ADJ	4
võistleja	NOUN	4
võitama	VERB	4
võrgustik	NOUN	4
võti	VERB	4
võtja	NOUN	4
võtsima	VERB	4
võõr_võim	NOUN	4
vörk_pall	NOUN	4
www.infop	X	4
www.õigeamet.ee	NOUN	4
zombi	NOUN	4
Ühisgümnaasium	PROPN	4
ägedam	ADJ	4
äitama	VERB	4
äratus_kell	NOUN	4
äsja	ADV	4
õhtu	ADJ	4
õhtu_kursus	NOUN	4
õigu_poolest	ADV	4
õitsema	VERB	4
õnnestama	VERB	4
õnnestus	NOUN	4
õpetlik	ADJ	4
õpi_aine	NOUN	4
õpi_himuline	ADJ	4
õpi_tulemus	NOUN	4
õpilas	NOUN	4
õpilas_oma_valitsu	NOUN	4
õpim	NOUN	4
õpitav	ADJ	4
õppe_süsteem	NOUN	4
õppe_tunne	NOUN	4
õppeaasta	NOUN	4
õppemine	NOUN	4
õppimis_programm	NOUN	4
õues	ADP	4
öö_päev	NOUN	4
öösiti	ADV	4
üks_meelne	ADJ	4
üks_teisi	PRON	4
üksina	ADV	4
ülal	ADV	4
ülal_mainitud	ADJ	4
ülatama	VERB	4
ülatus	NOUN	4
üle-eestiline	ADJ	4
üle_kaalu=line	ADJ	4
üle_koormus	NOUN	4
üle_sane	NOUN	4
üles_sane	NOUN	4
üli_õpilane	NOUN	4
üllatu=nud	ADJ	4
ütelma	VERB	4
ütlemine	NOUN	4
ütles,et	NOUN	4
üttlema	VERB	4
€	NOUN	4
!hea	ADJ	3
!spordi_päev	NOUN	3
!võtma	VERB	3
+3256112233	NUM	3
+37255555555.	NUM	3
+37255557777	NUM	3
+37255558888	NUM	3
+3725555999	NUM	3
,kallis	ADJ	3
,mart	PROPN	3
,mängima	VERB	3
,pärast	ADV	3
,seal	ADV	3
,siis	ADV	3
,vaatama	VERB	3
-ja	PUNCT	3
.kontsert	PROPN	3
.mul	PRON	3
.ses	PRON	3
.spord	PROPN	3
.ta	PUNCT	3
0	NUM	3
08.	ADJ	3
09:	NUM	3
1,5	NUM	3
1,50	NUM	3
1-3	NUM	3
1.06.2020	NUM	3
1.50	NUM	3
1.mail	ADJ	3
10.-12.	ADJ	3
10.00-12.00	NUM	3
10.00-14.00	NUM	3
10.00-15.00	NUM	3
10.00.	NUM	3
10.15	NUM	3
10.juuni	NOUN	3
10:00.	ADJ	3
11.00.	NUM	3
11.05.2016	NUM	3
12.06	NUM	3
12.30-14.00	NUM	3
12.B	ADJ	3
12345678	NUM	3
12a.	ADJ	3
13.05	NUM	3
13.45	NUM	3
13.50	NUM	3
14-15	NUM	3
15,00	NUM	3
15.40	NUM	3
15.aprill	NOUN	3
16,00	NUM	3
16.00-18.00	NUM	3
16.04.2020	NUM	3
16.20	NUM	3
16.45	NUM	3
17,00	NUM	3
17.00.	NUM	3
17.45	NUM	3
18,00	NUM	3
18.00.me	NUM	3
18.05.18	NUM	3
19.00.peol	NUM	3
19.05.2018	NUM	3
1970.	ADJ	3
2-4	NUM	3
2-9	NUM	3
2.30	NUM	3
2001	NUM	3
2001.	ADJ	3
2015	NUM	3
2015.	ADJ	3
2017.	ADJ	3
20:00.	ADJ	3
21.30	NUM	3
21.september	NOUN	3
22.mail	ADJ	3
22222	NUM	3
23.05	NUM	3
23.12.2018	NUM	3
24.05	NUM	3
24.mail	ADJ	3
26.04	NUM	3
26.04.2017.	NUM	3
26.05	NUM	3
27.09	NUM	3
28.09.22	NUM	3
29.09.22	NUM	3
29.mail	ADJ	3
3-5	NUM	3
3.00	NUM	3
30.05	NUM	3
301	NUM	3
31.05	NUM	3
31.mail	ADJ	3
321	NUM	3
333333	NUM	3
34	NUM	3
36	NUM	3
372	NUM	3
37255566677	NUM	3
4.50	NUM	3
44444	NUM	3
48	NUM	3
5-_astane	ADJ	3
5.00	NUM	3
5.mail	NOUN	3
5000	NUM	3
525	NUM	3
54443333	NUM	3
55000	NUM	3
5554444	NUM	3
5555666.	ADJ	3
55556666.	ADJ	3
5556666.	ADJ	3
55566666	NUM	3
56	NUM	3
5km	NUM	3
6.-8.	ADJ	3
6.C	ADJ	3
6.juuni	NOUN	3
66	NUM	3
7.A	PROPN	3
7.k	ADJ	3
7.mail	NOUN	3
77	NUM	3
78	NUM	3
8-9	NUM	3
8.-9.	ADJ	3
8.A	ADJ	3
8.B	PROPN	3
8.mail	ADJ	3
80.	ADJ	3
800m	NUM	3
87	NUM	3
8a	NUM	3
8b	ADJ	3
9-16	NUM	3
9.00-15.00	NUM	3
9.00-20.00	NUM	3
9.B	ADJ	3
9.d	ADJ	3
9.klass	NOUN	3
98	NUM	3
:+372	SYM	3
;faik	PROPN	3
=	SYM	3
?mina	PRON	3
ABBA	PROPN	3
Aegna	PROPN	3
Aitäh	INTJ	3
Akadeemia	PROPN	3
Al	PROPN	3
Aleks	PROPN	3
Alexela	PROPN	3
Ameerikas	PROPN	3
Ana	PROPN	3
Anastasia	PROPN	3
Anett	PROPN	3
Ann	PROPN	3
Annika	PROPN	3
Apelsin	PROPN	3
Apple	PROPN	3
Aprill	PROPN	3
Armas	PROPN	3
Astr	PROPN	3
A“	NOUN	3
B-kategoria	PROPN	3
Ben	PROPN	3
Born	PROPN	3
Botaanika	PROPN	3
Bowling	PROPN	3
C1	PROPN	3
COVID-19	PROPN	3
CV	PROPN	3
Caff	PROPN	3
Coca	PROPN	3
Coca-Cola	PROPN	3
Cola	PROPN	3
Coq	PROPN	3
Cristiano	PROPN	3
Daria	PROPN	3
Dasha	PROPN	3
Delfi	PROPN	3
E-post	NOUN	3
EDM	PROPN	3
Edu	PROPN	3
Eest	PROPN	3
Eestine	PROPN	3
Einstein	PROPN	3
Ekke	PROPN	3
EkskursiooniLe.ma	NOUN	3
Ema_jõgi	PROPN	3
Emma	PROPN	3
Eurovisioon	PROPN	3
Fama	PROPN	3
Fazer	PROPN	3
Flash	PROPN	3
G3B	PROPN	3
Game	PROPN	3
Gates	PROPN	3
Gazmanov	PROPN	3
Gert	PROPN	3
Gramaatika	PROPN	3
Grete	PROPN	3
Harku	PROPN	3
Hendrik	PROPN	3
Hollywood	PROPN	3
Homme	ADV	3
Hurt	PROPN	3
ID-kaardi	NOUN	3
IT-spetsialis	NOUN	3
Inglisma	PROPN	3
Italia	PROPN	3
Jaana	PROPN	3
Jaani	PROPN	3
Jackson	PROPN	3
Jakob	PROPN	3
Jakobson	PROPN	3
Janek	PROPN	3
Java	PROPN	3
Johann	PROPN	3
Johannes	PROPN	3
Juku	PROPN	3
Jõeäär	PROPN	3
Jõgev	PROPN	3
Jüss	PROPN	3
Kai	PROPN	3
Kaja	PROPN	3
Kalis	PROPN	3
Kalli	PROPN	3
Kalli-kalli	PROPN	3
Kardashian	PROPN	3
Karin	PROPN	3
Karolina	PROPN	3
Keel	PROPN	3
Kerkorov	PROPN	3
Kevade	PROPN	3
Kirjandus	PROPN	3
Kiviõli	PROPN	3
Klassid.spOrdip	NOUN	3
Klaus	PROPN	3
Kodu_maa	NOUN	3
Koer	PROPN	3
Kosmos	PROPN	3
Kunstiakadeemia	PROPN	3
Kunstigümnaasium	PROPN	3
Kure_saar	PROPN	3
Kuremäe	PROPN	3
Kurk	PROPN	3
Kuuse	PROPN	3
Kylie	PROPN	3
Kõlvart	PROPN	3
Kõrg_kool	PROPN	3
L.	PROPN	3
Laagri	PROPN	3
Laged	PROPN	3
Lahe_maa	PROPN	3
Laht	PROPN	3
Lammutaja	PROPN	3
Lego	PROPN	3
Lennuk	PROPN	3
Lennusadam	PROPN	3
Lepik	PROPN	3
Lepp	PROPN	3
Liisu	PROPN	3
Liiva	PROPN	3
Linda	PROPN	3
Lindakiv	PROPN	3
Little	PROPN	3
Luik	PROPN	3
Lääne-Euroopa	PROPN	3
Lõuna-eeStiss	PROPN	3
M	PROPN	3
MC	PROPN	3
Macdonalds	PROPN	3
Mardi	PROPN	3
Maret	PROPN	3
Maxima	PROPN	3
Megazona	PROPN	3
Mihail	PROPN	3
Milana	PROPN	3
Miša	PROPN	3
Märts	PROPN	3
Müüri_leht	PROPN	3
NASA	PROPN	3
NSV	PROPN	3
Narvas	PROPN	3
Noorus	PROPN	3
Nädal	PROPN	3
Oksana	PROPN	3
Oliver	PROPN	3
Oru	PROPN	3
Otto	PROPN	3
PISA	PROPN	3
Parnu	PROPN	3
Peol	PROPN	3
Pere	NOUN	3
Petri	PROPN	3
Pizza	PROPN	3
Positivus	PROPN	3
Prantsuse	PROPN	3
Prii_mets	PROPN	3
Proua	PROPN	3
Pskov	PROPN	3
Põhja-Eesti	PROPN	3
Põlda	PROPN	3
Põltsa_maa	PROPN	3
R	NOUN	3
Raivo	PROPN	3
Rauf&amp	PROPN	3
Rebane	PROPN	3
Reeden	PROPN	3
Rotsi	PROPN	3
Saaksamaa	PROPN	3
Saksa_keel	PROPN	3
Sare_maa	PROPN	3
Selver	PROPN	3
Siiri	PROPN	3
Skyparg	PROPN	3
Smirnova	PROPN	3
Solaris	PROPN	3
Sport	PROPN	3
Starbucks	PROPN	3
Stockholm	PROPN	3
Suur_hallis	PROPN	3
Sõber	NOUN	3
Sõbralik	PROPN	3
T-särk	PROPN	3
TV	NOUN	3
Taltech	PROPN	3
Teenindus_kool	PROPN	3
Televisoon	PROPN	3
Tembu	PROPN	3
Tere,mu	PROPN	3
Tere,tooma	PROPN	3
Terminator	PROPN	3
Tervist	PROPN	3
Timati	PROPN	3
Tomas	PROPN	3
Tommy	PROPN	3
Toom_pea	PROPN	3
Toompea	PROPN	3
TÜ	PROPN	3
Tänak	PROPN	3
Tõvl	PROPN	3
Türi	PROPN	3
Tšau	PROPN	3
Uno	PROPN	3
Uus	PROPN	3
Vadim	PROPN	3
Valerija	PROPN	3
Valga_maa	PROPN	3
Vana-Linna	PROPN	3
Varja	PROPN	3
Varsti	ADV	3
Vassiljeva	PROPN	3
Vembu	PROPN	3
Vene_keel	PROPN	3
Venema	PROPN	3
Vietnam	PROPN	3
Vova	PROPN	3
Watson	PROPN	3
_	SYM	3
aa	INTJ	3
abi_elluma	VERB	3
abi_ellumine	NOUN	3
abi_kokk	NOUN	3
abi_vajaja	NOUN	3
abi_valm	NOUN	3
abija	NOUN	3
abistav	ADJ	3
aega_mööda	ADV	3
ahha	NOUN	3
ahnus	NOUN	3
aiatö	NOUN	3
aig	NOUN	3
aimama	VERB	3
ainu_üksi	ADV	3
aitah	INTJ	3
aitah	NOUN	3
aja_järk	NOUN	3
aja_kava	NOUN	3
aja_kohane	ADJ	3
aja_lehte	NOUN	3
aja_loo	NOUN	3
aja_teenistus	NOUN	3
aja_vorm	NOUN	3
ajaline	ADJ	3
ajaliselt	ADV	3
ajama	NOUN	3
ajutiselt	ADV	3
akn	NOUN	3
akordion	NOUN	3
akrobaatika	NOUN	3
aktuaalsem	ADJ	3
ala_ealine	ADJ	3
alane	ADJ	3
alg_teadmine	NOUN	3
algaja	NOUN	3
algamine	NOUN	3
algatus	NOUN	3
alguma	VERB	3
alla_hindlus	NOUN	3
allkirjastama	VERB	3
alternatiiv	NOUN	3
alustus	NOUN	3
ameti_koht	NOUN	3
ammutama	VERB	3
and	CCONJ	3
anekdoot	NOUN	3
animaator	NOUN	3
annaabi.ee	NOUN	3
antiik_aeg	NOUN	3
apelsin	NOUN	3
arendaja	NOUN	3
armastamine	NOUN	3
armee	NOUN	3
armus	NOUN	3
artike	NOUN	3
arukam	ADJ	3
arvumus	NOUN	3
arvuti_kasutamine	NOUN	3
arvuti_oskus	NOUN	3
asendamine	NOUN	3
asetama	VERB	3
askeldama	VERB	3
astaa	NOUN	3
aster	NOUN	3
au_hind	PROPN	3
au_hinn	NOUN	3
au_hinnd	NOUN	3
au_hund	NOUN	3
aua_hind	NOUN	3
auh=hi	NOUN	3
auhinnd	NOUN	3
aula_saal	NOUN	3
auru_mootor	NOUN	3
auto_juhi_kurs	NOUN	3
auto_juhik_ursus	NOUN	3
auto_muuseum	NOUN	3
autoju_hilp	NOUN	3
autorool	NOUN	3
ava	NOUN	3
avalikkus	NOUN	3
avasta=mata	ADJ	3
avatamine	NOUN	3
avatma	VERB	3
avatum	ADJ	3
avatuma	VERB	3
avatus	NOUN	3
balants	NOUN	3
banaalne	ADJ	3
banaan	NOUN	3
bass	NOUN	3
batooni=ke	NOUN	3
batu_tikeskus	NOUN	3
batuud	NOUN	3
blogija	NOUN	3
boss	NOUN	3
botaanika	NOUN	3
cd-plaat	NOUN	3
chillstep	NOUN	3
covid-19	NOUN	3
da	PRON	3
dekoor	NOUN	3
detail	NOUN	3
detektiv	NOUN	3
diagnoos	NOUN	3
dikteerima	VERB	3
dis_krimineerimine	NOUN	3
discgolf	NOUN	3
diskuteerima	VERB	3
drastiliselt	ADV	3
e	CCONJ	3
e-meil	NOUN	3
eba_arusaamine	NOUN	3
eba_nõus	NOUN	3
eba_oluline	ADJ	3
eba_sobilik	ADJ	3
eba_sõbralik	ADJ	3
eba_õiglaselt	ADV	3
eba_õnnestunud	VERB	3
eba_õnnetus	NOUN	3
edu	ADJ	3
edukaim	ADJ	3
eel_viimane	ADJ	3
eeldatavasti	ADV	3
eellane	NOUN	3
eemaldama	VERB	3
ees_märg	NOUN	3
ees_olev	ADJ	3
ees_ootav	ADJ	3
eesti_keel	ADJ	3
eeter	NOUN	3
efekt	NOUN	3
efektiivsemalt	ADV	3
efektiivsus	NOUN	3
eidma	VERB	3
eilne	ADJ	3
eine	NOUN	3
ekool	NOUN	3
eksamineeria	NOUN	3
eksamip_eriood	NOUN	3
ekskersioon	NOUN	3
ekskursionile.ekskursioon	NOUN	3
ekskursioon	PROPN	3
ekskursioon_il.me	NOUN	3
ekskursiooni_le,s	NOUN	3
ekskursiooni_le.se	NOUN	3
ekskursioonile.ekskursion	NOUN	3
elatus_tase	NOUN	3
elavama	VERB	3
elektrik	NOUN	3
elektriline	ADJ	3
ellu_suhtumine	NOUN	3
ellus	NOUN	3
elu_jooksul	NOUN	3
elu_järg	NOUN	3
elu_jõuline	ADJ	3
elu_kaaslane	NOUN	3
elu_kord	NOUN	3
elu_kutseline	ADJ	3
elu_mõte	NOUN	3
elu_plaan	NOUN	3
elu_probleem	NOUN	3
elu_tase	NOUN	3
elu_vajalik	ADJ	3
eluma	NOUN	3
ema_keelne	ADJ	3
emotsionaalsem	ADJ	3
emotsiooni=tud	ADJ	3
enam_vähem	ADV	3
enese_väljendus	NOUN	3
enesevä_ljendamine	NOUN	3
eneseväljendus_viis	NOUN	3
englise	ADJ	3
ennustama	VERB	3
epideemia	NOUN	3
epost	NOUN	3
era_elu	NOUN	3
era_õpetaja	NOUN	3
eri_arvamine	NOUN	3
erinevam	ADJ	3
eritama	VERB	3
erksa	ADJ	3
ero	NOUN	3
esi_algselt	ADV	3
esi_algul	NOUN	3
esimine	NOUN	3
esinama	VERB	3
esine=v	ADJ	3
esma_mulg	NOUN	3
esmaab_ikoolitus	NOUN	3
esmaap	NOUN	3
esmane	ADJ	3
estafett	NOUN	3
ette_arvamatu	ADJ	3
ette_nähtud	ADJ	3
ette_valmistab	VERB	3
ette_valmistama	VERB	3
ette_ütlus	NOUN	3
eurot.ootama	NOUN	3
fail	NOUN	3
fantaastika	NOUN	3
filter	NOUN	3
firma_juht	NOUN	3
foorum	NOUN	3
form	NOUN	3
formaat	NOUN	3
foto_graf	NOUN	3
fotoaparaat	NOUN	3
fotoapparaat	NOUN	3
galaktika	NOUN	3
garaaž	NOUN	3
garderoob	NOUN	3
geenius	NOUN	3
geo_graafiline	ADJ	3
geo_graafiliselt	ADV	3
geomeetria	NOUN	3
gitar	NOUN	3
grammatiliselt	ADV	3
grill_vorst	NOUN	3
gümnaasiumi_lõpetaja	NOUN	3
gümnaasiumil_õpetaja	NOUN	3
haav	NOUN	3
haiglane	NOUN	3
haisema	VERB	3
hajutama	VERB	3
halve	ADJ	3
halvemus	NOUN	3
hapu	ADJ	3
hard	ADJ	3
hari	NOUN	3
harimine	NOUN	3
haritud	VERB	3
harvemini	ADV	3
hea_tujuline	ADJ	3
heam	ADJ	3
helgem	ADJ	3
heli_kunst	NOUN	3
heli_teos	NOUN	3
heli_tugevus	NOUN	3
heliloja	NOUN	3
helistamine	NOUN	3
heliteos	NOUN	3
hiigel_suur	ADJ	3
hiilima	VERB	3
hiirek_lõps	NOUN	3
hilinemine	NOUN	3
hilja_aegu	ADV	3
hina	NOUN	3
hindeline	ADJ	3
hinge_lähedane	ADJ	3
hingeliselt	ADV	3
hip	ADJ	3
hivi	NOUN	3
hoiatama	VERB	3
hoima	VERB	3
homne	NOUN	3
hoolitsemine	NOUN	3
hoolitsev	ADJ	3
hr	ADJ	3
hukk	NOUN	3
hulg	NOUN	3
humanitaarne	ADJ	3
humori_meelne	ADJ	3
hunnik	NOUN	3
huumori_meel	NOUN	3
huvi_põhine	ADJ	3
huvita=v	ADJ	3
huvita=vaim	ADJ	3
huvitav.seal	ADJ	3
hämmastama	VERB	3
hävima	VERB	3
hääletama	VERB	3
hõlbustama	VERB	3
hõlmav	ADJ	3
hõlpsam	ADJ	3
hüppeline	ADJ	3
hüvitama	VERB	3
ideaal	NOUN	3
iga_sugu	DET	3
iga_sugune	PRON	3
igale_poole	ADV	3
igavalt	ADV	3
ihu	NOUN	3
ikagi	ADV	3
ilma_prognoos	NOUN	3
ilma_teade	NOUN	3
ilmastik	NOUN	3
ilmuv	ADJ	3
ilustreerima	VERB	3
ime_lihts	ADJ	3
imeliselt	ADV	3
improvisatsioon	NOUN	3
info_päev	PROPN	3
info_ühiskond	NOUN	3
informaatika	NOUN	3
informatiivne	ADJ	3
ingel	NOUN	3
inglane	NOUN	3
inglese	ADJ	3
inimene	PROPN	3
inimese_õpetus	NOUN	3
inimesti	NOUN	3
insenäär	NOUN	3
instinkt	NOUN	3
instrumentaal_muusika	NOUN	3
intensiivselt	ADV	3
interneti_sõltuvus	NOUN	3
intervjueerima	VERB	3
ise_loo_mujoon	NOUN	3
ise_loomus	NOUN	3
ise_seisav	ADJ	3
iseenesestmõiste=tav	ADJ	3
isekas	ADJ	3
isese_isvumine	NOUN	3
iseteenindus_kassad	NOUN	3
isse	ADV	3
iste	NOUN	3
it-_spetsialist	NOUN	3
jaa	ADV	3
jala_nõu	NOUN	3
jalg_pallimatš	NOUN	3
jalg_ratt	NOUN	3
jalg_ratta	NOUN	3
januar	NOUN	3
japaan	NOUN	3
jareldus	NOUN	3
jarv	NOUN	3
jatkuma	VERB	3
jatma	VERB	3
jogurt	NOUN	3
jook_sime,mängi=me	VERB	3
jooksime	VERB	3
joonistaja	NOUN	3
joonistus_ring	NOUN	3
joop	NOUN	3
juhe	NOUN	3
juhiload	NOUN	3
juhima	VERB	3
juhus	NOUN	3
julge_olek	NOUN	3
juli	NOUN	3
juss	NOUN	3
just	NOUN	3
jutusma	VERB	3
jäne	NOUN	3
jäoks	ADP	3
järegmine	ADJ	3
järel	ADV	3
järele_pärimine	PROPN	3
järgmene	ADJ	3
järgnevalt	ADV	3
järje_kindel	ADJ	3
jätkuvalt	ADV	3
jää_aeg	PROPN	3
jää_hall	PROPN	3
jääde	NOUN	3
jäätama	VERB	3
jäätis	ADJ	3
jäätise_müüja	NOUN	3
jäääma	VERB	3
jõhker	ADJ	3
jõu_kohane	ADJ	3
jõudsalt	ADV	3
jõuline	ADJ	3
jõulu_laul	NOUN	3
jõulu_õhtu	NOUN	3
jõustik	NOUN	3
kaalduma	VERB	3
kaas_maalane	NOUN	3
kaasa	ADP	3
kabinettis	NOUN	3
kadri_org	NOUN	3
kaetud	ADJ	3
kaevandus	NOUN	3
kafe	NOUN	3
kahe_eist	NUM	3
kaheksateistkümneaastane	ADJ	3
kaheksateistkümneni	NUM	3
kaheteistkümneni	NUM	3
kahjusta=v	ADJ	3
kahtlemine	NOUN	3
kahtlustama	VERB	3
kaitstud	ADJ	3
kaitumine	NOUN	3
kajastama	VERB	3
kajastuma	VERB	3
kaka	NOUN	3
kaks-kolm	NUM	3
kaks.spordip	NOUN	3
kaksik	NOUN	3
kalev	NOUN	3
kalis	NOUN	3
kallale	ADV	3
kalli-kall	NOUN	3
kalss	NOUN	3
kampsuni	NOUN	3
kana_supp	NOUN	3
kandidatuur	NOUN	3
kannatamatult	ADV	3
kanter	NOUN	3
kaoksma	VERB	3
kapsa_pirukas	NOUN	3
karamell	NOUN	3
kardinaalselt	ADV	3
kari	NOUN	3
karjääri_redel	NOUN	3
kasiino	NOUN	3
kassa_pidaja	NOUN	3
kasu_isa	NOUN	3
kasulikkus	NOUN	3
kasutatav	ADJ	3
kasvaja	NOUN	3
katlema	VERB	3
kaubandus	NOUN	3
kauem	ADJ	3
kaugemalt	ADV	3
kauneim	ADJ	3
kaunis	ADV	3
kaupluse_keti	NOUN	3
kedaele	PRON	3
keel_pill	NOUN	3
keele_kandja	NOUN	3
keele_laager	PROPN	3
keele_laagrine	NOUN	3
keerukam	ADJ	3
keevitus	NOUN	3
kehaliselt	ADV	3
kehtiv	ADJ	3
kehvem	ADJ	3
keku	NOUN	3
kell12.00	NUM	3
keraamika	NOUN	3
kerge_käelise=lt	ADV	3
kergemalt	ADV	3
keruline	ADJ	3
kese	NOUN	3
kesk_linn	PROPN	3
kesk_tee	NOUN	3
keskendama	VERB	3
kev-adpeo	NOUN	3
kevad	ADJ	3
kevadine	ADJ	3
kevadkontsert.kevadkontne	NOUN	3
kevadkontsert.see	ADJ	3
kevadvahe_aeg	NOUN	3
kihutama	VERB	3
kiindumus	NOUN	3
kiir_jook	NOUN	3
kiireim	ADJ	3
kilpkond	NOUN	3
kindla_meelselt	ADV	3
kinglasti	ADV	3
kink	NOUN	3
kino_pilet	NOUN	3
kips	NOUN	3
kirev	ADJ	3
kirja	NOUN	3
kirja_vigu	NOUN	3
kirjeldus	NOUN	3
kirjuta_da,e	NOUN	3
kirjutaja	NOUN	3
kitu_punn	NOUN	3
kivi_õli	NOUN	3
klahv	NOUN	3
klasi	NOUN	3
klass_iekskursioon	NOUN	3
klassi_juhataja	PROPN	3
klassi_juht	NOUN	3
klassi_sõber	NOUN	3
klassid.spordip	NOUN	3
klassie_kskursioon	NOUN	3
klassivend	NOUN	3
klienditeeninda=ja	NOUN	3
klikk	NOUN	3
klubi_muusika	NOUN	3
kodi	NOUN	3
kodu_keel	NOUN	3
kodu_tehnika	NOUN	3
koduplaneet	NOUN	3
kogenenu=m	ADJ	3
kogu	NOUN	3
koha.mulle	NOUN	3
kohas	NOUN	3
kohin	NOUN	3
kohta	NOUN	3
kohtuma	PROPN	3
kohu_piim	NOUN	3
kokama	VERB	3
kokikuk	NOUN	3
kokku_hoidmine	NOUN	3
kokteil	NOUN	3
koku_võte	NOUN	3
kolektiiv	NOUN	3
kolm_ekümnes	ADJ	3
kolma_päev	ADJ	3
koma	NOUN	3
komentaar	NOUN	3
komfort	NOUN	3
komisjon	NOUN	3
kommenteerima	VERB	3
kommunikatiivne	ADJ	3
kommunikatsiooni_vahend	NOUN	3
kompaania	NOUN	3
kompetentne	ADJ	3
kompleks	NOUN	3
kompromis	NOUN	3
konkureerima	VERB	3
konkursi	NOUN	3
konsentreerima	VERB	3
konserd	NOUN	3
kontroleerima	VERB	3
kontrollimine	NOUN	3
kontsedt	NOUN	3
kontserdile.see	NOUN	3
kontsert.kontsert	NOUN	3
kontserti_saal	NOUN	3
koo_likaslane	NOUN	3
kookas	NOUN	3
kooli_asi	NOUN	3
kooli_hümn	NOUN	3
kooli_iga	NOUN	3
kooli_kastlane	NOUN	3
kooli_kott	NOUN	3
kooli_plaan	NOUN	3
kooli_reis	NOUN	3
kooli_saal	NOUN	3
kooli_tunne	NOUN	3
kooli_uudis	NOUN	3
kooli_vahaja	NOUN	3
kooli_vahe_aeg	PROPN	3
kooli_vend	NOUN	3
kooli_üritus	NOUN	3
koolis_.spor	NOUN	3
koondis	NOUN	3
koop	NOUN	3
koopia	NOUN	3
koor_dinator	NOUN	3
koorik	NOUN	3
kooristaja	NOUN	3
koormama	VERB	3
koostaja	NOUN	3
koraldama	VERB	3
kordinaator	NOUN	3
kordumatu	ADJ	3
korduvalt	ADV	3
korea	ADJ	3
korjama	NOUN	3
korraldatav	ADJ	3
korraldus_komiteed	NOUN	3
korraldus_komiteeg	NOUN	3
korrama	VERB	3
korras	ADV	3
korras	NOUN	3
korristama	VERB	3
korv_palli,jalg_pall	NOUN	3
korvpal	NOUN	3
korvpalli,rahvaste_pall	NOUN	3
korvpalli.auhinna	NOUN	3
kotlett	NOUN	3
kotsert	NOUN	3
kraater	NOUN	3
krokodill	NOUN	3
krossi_jooks	NOUN	3
kruvi	NOUN	3
kuhjuma	VERB	3
kuidagi_moodi	ADV	3
kujundaja	NOUN	3
kujune=nud	ADJ	3
kuks_teist	NUM	3
kulsam	ADJ	3
kultur	NOUN	3
kulutamine	NOUN	3
kummitam	NOUN	3
kunsti_liik	NOUN	3
kunsti_vorm	NOUN	3
kunsti_õpetus	NOUN	3
kunstiline	ADJ	3
kuri_kuulus	ADJ	3
kurjalt	ADV	3
kurjutama	VERB	3
kusus	NOUN	3
kutse_haridus_keskus	PROPN	3
kutsuda.see	NOUN	3
kutsustama	VERB	3
kuues	NUM	3
kuuldav	ADJ	3
kuuldus	NOUN	3
kuulema	VERB	3
kuulune	ADJ	3
kuulutuma	VERB	3
kuuluv	ADJ	3
kuus_kümend	NUM	3
kuusk	NOUN	3
kvest	NOUN	3
käe-jala	NOUN	3
käe_pärane	ADJ	3
käime	ADJ	3
käisema	VERB	3
käitumis_norm	NOUN	3
käiv	ADJ	3
kämping	NOUN	3
käsitlemine	NOUN	3
käänama	VERB	3
kõge	NOUN	3
kõhu_lihas	NOUN	3
kõigem	ADV	3
kõigest	PRON	3
kõigik	PRON	3
kõigutama	VERB	3
kõiki_pealt	ADV	3
kõkk	NOUN	3
kõkku_võte	NOUN	3
kõnelev	ADJ	3
kõntlema	VERB	3
kõrboja	PROPN	3
kõrgeim	ADJ	3
kõrgus	ADJ	3
kõrvak_lappp	NOUN	3
kõrvaline	ADJ	3
kõrvalt	ADV	3
kõvemini	ADV	3
köha	NOUN	3
köis	NOUN	3
köitev	ADJ	3
kübar	NOUN	3
küber_rünnak	NOUN	3
kül	ADV	3
külma_värin	NOUN	3
laagr	NOUN	3
laagrine	ADJ	3
laast	NOUN	3
laastav	ADJ	3
labi	ADP	3
labor	NOUN	3
lahenda=tud	ADJ	3
lahendatav	ADJ	3
lahenema	VERB	3
lahke	VERB	3
lahkhel	NOUN	3
laht	NOUN	3
laialdane	ADJ	3
laienemine	NOUN	3
laine	ADJ	3
lais	ADJ	3
laiuma	VERB	3
lakkama	VERB	3
lambi_pirn	NOUN	3
lamp	NOUN	3
lapse_east	NOUN	3
lapselane	NOUN	3
laste_koor	NOUN	3
lastma	VERB	3
lau_paev	NOUN	3
laua_tenn	NOUN	3
laula_mäng	NOUN	3
laulma	ADJ	3
laulma	NOUN	3
laulu_grupp	NOUN	3
laulu_peos	NOUN	3
lauluma	VERB	3
laulv	ADJ	3
lavastaja	NOUN	3
lehvitama	VERB	3
leitama	VERB	3
leiv	NOUN	3
lendav	ADJ	3
lennu_juht	NOUN	3
lennu_kool	NOUN	3
lennu_pilet	NOUN	3
lennu_pilood	NOUN	3
lennu_sadam	PROPN	3
lennutama	VERB	3
lepatriinu	NOUN	3
lepima	VERB	3
lett	NOUN	3
levi	NOUN	3
libe	ADJ	3
liha_piruk	NOUN	3
liialdama	VERB	3
liider	NOUN	3
liig	NOUN	3
liiga	NOUN	3
liikleja	NOUN	3
liiva_kast	NOUN	3
lilleline	ADJ	3
lina	NOUN	3
lindistama	VERB	3
linna_ekskursioon	NOUN	3
linna_muuseum	NOUN	3
linna_osa	NOUN	3
litsa	NOUN	3
liu_väli	NOUN	3
loetelu	NOUN	3
lohakalt	ADV	3
loo_maja	NOUN	3
loobumine	NOUN	3
lood_uskeskkond	NOUN	3
loodma	VERB	3
loodus_teadus	NOUN	3
loom	VERB	3
looma_park	NOUN	3
loomaja	NOUN	3
loomaliik	NOUN	3
loomingulisus	NOUN	3
loosung	NOUN	3
loov_töö	NOUN	3
loppema	VERB	3
lugema	NOUN	3
lugu	PROPN	3
lugu_pidumine	NOUN	3
luhike	ADJ	3
lukk	NOUN	3
luksuslik	ADJ	3
luletus	NOUN	3
lumi_pall	NOUN	3
lumine	ADJ	3
lumma=tud	VERB	3
luumurd	NOUN	3
lähe	ADJ	3
lähe_meekskursioon	NOUN	3
lähsima	VERB	3
läinud	ADJ	3
lõbustamine	NOUN	3
lõbutsemine	NOUN	3
lõhki	ADV	3
lõpemine	NOUN	3
lõpmatu	ADJ	3
lõppetus	NOUN	3
lõppima	VERB	3
lõppus	ADJ	3
lõuatama	VERB	3
lõugama	VERB	3
lõuna_keskus	NOUN	3
lõvi_osa	NOUN	3
lõõgastama	VERB	3
löö_kpill	NOUN	3
lühi_maa	NOUN	3
lüke	NOUN	3
lüüema	VERB	3
maa_põue	NOUN	3
maa_tematika	NOUN	3
maa_värina	NOUN	3
maail_maa	NOUN	3
maaksma	VERB	3
maanduma	VERB	3
maasikas@gmail.com	NOUN	3
magnet	NOUN	3
magusam	ADJ	3
mahu	NOUN	3
mail,_kool	NOUN	3
mail.me	NOUN	3
mail_maa	NOUN	3
mainekas	ADJ	3
maistev	ADJ	3
majake	NOUN	3
maja“	NOUN	3
makse_viis	NOUN	3
maksima	VERB	3
makstama	VERB	3
mandariin	NOUN	3
mank	NOUN	3
mare	PROPN	3
mart.mets@mail.ee	NOUN	3
mart@_mail.ru	NOUN	3
mart@mail.ee	NOUN	3
mas_kott	NOUN	3
materjaal	NOUN	3
mats	NOUN	3
medall	NOUN	3
meditsiiniline	ADJ	3
meedia-ja	NOUN	3
meedlima	VERB	3
meele_avaldus	NOUN	3
meele_lahutamine	NOUN	3
meele_lahutuslik	ADJ	3
meelega	ADV	3
meelsus	NOUN	3
meeskonna_töö	NOUN	3
mehhanism	NOUN	3
mel_äheme	NOUN	3
meldima	NOUN	3
mell	NOUN	3
mentaalse=lt	ADV	3
merem_uuseum	NOUN	3
mererand	NOUN	3
mesi	NOUN	3
messenger	NOUN	3
mets	PROPN	3
mets@gmail.com	NOUN	3
metsa_loom	NOUN	3
mett	NOUN	3
mia	PRON	3
miinus	PROPN	3
miinut	NOUN	3
mikrofon	NOUN	3
millegi_pärast	ADV	3
mimi	NOUN	3
minimaalselt	ADV	3
minu_jaoks	ADV	3
minuss	NOUN	3
minutiline	ADJ	3
mis_iganes	ADV	3
miska	PRON	3
miski	NOUN	3
mite	DET	3
mitme_kesiselt	ADV	3
mitme_külgselt	ADV	3
mitme_külgsus	NOUN	3
mitmekülgse=m	ADJ	3
mitte_miski	PRON	3
mobiilne	ADJ	3
moodsalt	ADV	3
moodustuma	VERB	3
moss	NOUN	3
motiiv	NOUN	3
moto	NOUN	3
muide	ADV	3
mule	PRON	3
muna	PRON	3
mure	ADJ	3
murelik	ADJ	3
mures	NOUN	3
muretma	VERB	3
muretsema	ADJ	3
muretu	ADJ	3
murre	NOUN	3
muru_niiduk	NOUN	3
mus	PRON	3
musitseeri=mine	NOUN	3
must_valge	ADJ	3
muud_kui	ADV	3
muugav	ADJ	3
muuseumi._seal	NOUN	3
muuseumine	NOUN	3
muuseumis.me	NOUN	3
muusi_kaeelistus	NOUN	3
muusi_kafestiv	NOUN	3
muusik_aõping	NOUN	3
muusik_ažanr	NOUN	3
muusika=line	ADJ	3
muusika_festival	NOUN	3
muusika_grup	NOUN	3
muusika_huvi	NOUN	3
muusika_instrument	NOUN	3
muusika_laager	NOUN	3
muusika_teos	NOUN	3
muusikali_trupp	NOUN	3
muusikalne	ADJ	3
muusiu=mine	NOUN	3
muutja	NOUN	3
muutlik	ADJ	3
muutu=nud	ADJ	3
mäangima	VERB	3
mägima	VERB	3
mälestamine	NOUN	3
mälu_kaart	NOUN	3
mängime,jalutama	VERB	3
mängisma	VERB	3
mängu_maa	NOUN	3
mängu_plats	NOUN	3
mõjutav	ADJ	3
mõtl	NOUN	3
mõtlik	ADJ	3
mõõde	NOUN	3
möte	NOUN	3
müramine	NOUN	3
müstiline	ADJ	3
n.ö	ADV	3
na	ADV	3
na	PRON	3
naa	ADV	3
naabr	NOUN	3
naagima	VERB	3
naima	VERB	3
nakatama	VERB	3
naljakalt	ADV	3
narv	NOUN	3
natuke	NOUN	3
neelama	VERB	3
nelja_teist_kümnes	ADJ	3
neljandaks	ADV	3
nii_nimetatud	ADV	3
nina_pidi	ADV	3
nokk_müts	NOUN	3
noodi_õpetus	NOUN	3
noomimine	NOUN	3
noor_tebänd	NOUN	3
noormaalne	ADJ	3
noorte_pärane	ADJ	3
nooruki_iga	NOUN	3
noorus_aeg	NOUN	3
norima	VERB	3
normalselt	ADV	3
nuk	NOUN	3
nukku_muuseum	NOUN	3
nukram	ADJ	3
nutikas	NOUN	3
nutti_seade	NOUN	3
nädala_lõpp	NOUN	3
nägemene	NOUN	3
nägemis	NOUN	3
nähtud	ADJ	3
näideks	NOUN	3
näie	NOUN	3
näli	NOUN	3
näljane	ADJ	3
näppima	VERB	3
närvima	VERB	3
närvis	ADJ	3
nõid	VERB	3
nõima	AUX	3
nõima	VERB	3
nõme	ADJ	3
nõras	ADJ	3
nõrgus	NOUN	3
nõustumine	NOUN	3
objektiiv	NOUN	3
oema	AUX	3
oivaline	ADJ	3
okupeerima	VERB	3
olema	PROPN	3
olenama	AUX	3
olenema	AUX	3
olenev	ADJ	3
olgugi	ADV	3
oll	AUX	3
oluliseim	ADJ	3
olulisim	ADJ	3
om	PRON	3
oma_vanus	NOUN	3
ooksma	VERB	3
oopera	NOUN	3
opima	VERB	3
oppilane	NOUN	3
organiseeri=tud	ADJ	3
organiseerima	ADJ	3
ori	NOUN	3
orienteerum	NOUN	3
osaline	VERB	3
osalt	ADV	3
osalustasu	NOUN	3
osastav	ADJ	3
ostlema	VERB	3
ots_tarbekam	ADJ	3
padja	NOUN	3
pahantus	NOUN	3
paiku	ADP	3
paindliku=m	ADJ	3
pajatama	VERB	3
pakk	ADJ	3
pakkutav	ADJ	3
pakuv	ADJ	3
palavik	NOUN	3
palja_jalu	ADV	3
paljem	ADJ	3
paluma	ADV	3
pan=dud	ADJ	3
panga_kaart	NOUN	3
panga_konto	NOUN	3
panima	VERB	3
panu	NOUN	3
papagoi	NOUN	3
paraleelne	ADJ	3
paralleel	NOUN	3
pargis.see	NOUN	3
past	NOUN	3
pea_osa	NOUN	3
peale_kauba	ADV	3
pealt_näha	ADV	3
peatamine	NOUN	3
peer	NOUN	3
peetud	ADJ	3
peituv	ADJ	3
pelmeen	NOUN	3
pende	NOUN	3
pere_film	NOUN	3
pere_pilet	NOUN	3
perfektselt	ADV	3
personaalne	ADJ	3
personaalse=lt	ADV	3
pese	VERB	3
pessimistlik	ADJ	3
pettuma	VERB	3
pidulikum	ADJ	3
pidus	NOUN	3
piiluma	VERB	3
piiramatu	ADJ	3
pikni_klaua	NOUN	3
pilli_mees	NOUN	3
pilve_lõhkuja	NOUN	3
pilvine	ADJ	3
pimeda_sõit	NOUN	3
pingitus	NOUN	3
pinguma	VERB	3
pis	NOUN	3
pisi_probleem	NOUN	3
pisik	NOUN	3
pisikene	ADJ	3
pjess	NOUN	3
plaza	NOUN	3
pleier	NOUN	3
pliats	NOUN	3
poe_müüja	NOUN	3
polema	AUX	3
politika	NOUN	3
poll	NOUN	3
ponev	ADJ	3
pood	VERB	3
pool_argument	NOUN	3
pool_teist	NUM	3
pool_tund	NOUN	3
poolma	VERB	3
pop-	NOUN	3
populaarseim	ADJ	3
posiitivne	ADJ	3
positivs	ADJ	3
praegult	ADV	3
pragu	NOUN	3
prantsus	ADJ	3
presentatsioon	NOUN	3
primitiivne	ADJ	3
printer	NOUN	3
prints	NOUN	3
printsiip	NOUN	3
probleemima	VERB	3
profisionaalne	ADJ	3
programeeria	NOUN	3
programmeerim	NOUN	3
programmeri=mine	NOUN	3
progressiivne	ADJ	3
projekteerimine	NOUN	3
prominaat	NOUN	3
propagandeerima	VERB	3
propleem	NOUN	3
protest	NOUN	3
publik	NOUN	3
puhtama	VERB	3
pungil	ADV	3
punk_muusika	NOUN	3
puuder	NOUN	3
puue	NOUN	3
päev	VERB	3
päeva_kohane	ADJ	3
päeva_praad	NOUN	3
päevast-päev	NOUN	3
päike	PROPN	3
päikese_tõus	NOUN	3
päikseline	ADJ	3
päivitama	VERB	3
päka_pikk	NOUN	3
pälvima	VERB	3
päras	ADJ	3
pärimus_kultuur	NOUN	3
pärine	ADJ	3
põder	PROPN	3
põhi_haridus	NOUN	3
põhi_mõtselt	NOUN	3
põhi_roll	NOUN	3
põhinev	ADJ	3
põhja_maalane	NOUN	3
põletamine	NOUN	3
põll	NOUN	3
põllu_riist	NOUN	3
põsk	NOUN	3
pölvkond	NOUN	3
püdma	VERB	3
püidma	VERB	3
raatam	NOUN	3
raek_oja_plats	NOUN	3
rahva_hulk	NOUN	3
rahva_kalendr	NOUN	3
rahva_riie	NOUN	3
rahva_toit	NOUN	3
rahvus_kaaslane	NOUN	3
rahvus_keel	NOUN	3
rahvuste_pall	NOUN	3
rajamine	NOUN	3
rajoon	NOUN	3
rakett	NOUN	3
rakurs	NOUN	3
rap	NOUN	3
raskama	VERB	3
ratta_sõit	NOUN	3
reaal_kool	PROPN	3
reaal_maa_ilm	NOUN	3
realiseerimine	NOUN	3
realist	NOUN	3
redakteerima	VERB	3
reegistreerima	VERB	3
reegle	NOUN	3
referaat	NOUN	3
regestreerima	VERB	3
reisi_büroo	NOUN	3
reisija	NOUN	3
respekt	NOUN	3
ressurs	NOUN	3
restorant	NOUN	3
revolutsiooniline	ADJ	3
riid	NOUN	3
riig_ieksam	NOUN	3
riigi_püha	NOUN	3
riisi_puder	NOUN	3
riisuma	VERB	3
rikku=mata	ADJ	3
rikkumine	NOUN	3
rist_sõna	NOUN	3
road	NOUN	3
robit	NOUN	3
rohelisem	ADJ	3
rokk_bänd	NOUN	3
romantika	NOUN	3
rong_käik	NOUN	3
rongi_jaam	NOUN	3
roomantiline	ADJ	3
rootsi	NOUN	3
ropp_sõna	NOUN	3
roppus	NOUN	3
ruuduline	ADJ	3
rägema	VERB	3
räpp_muusika	NOUN	3
rääkija	NOUN	3
rõiv	NOUN	3
rõmm	NOUN	3
rõmu	NOUN	3
rõve	ADJ	3
rüht	NOUN	3
rüpp	NOUN	3
saad	NOUN	3
saatja	NOUN	3
saatud	ADJ	3
sada	NOUN	3
saia	NOUN	3
saima	AUX	3
saj	NOUN	3
saja_protsendiliselt	ADV	3
sajas	ADJ	3
sakusuur_hall	PROPN	3
sallitama	VERB	3
sama_aeg	NOUN	3
samal_aeg	NOUN	3
sattumine	NOUN	3
savama	VERB	3
sea_praad	NOUN	3
seadeldis	NOUN	3
seeme	NOUN	3
seest_poolt	ADV	3
sega_koor	NOUN	3
seiklus	ADJ	3
seismine	NOUN	3
seitseteistkümnes	ADJ	3
seletamatu	ADJ	3
selga_pand	NOUN	3
selgetama	VERB	3
selkima	VERB	3
selle_peale	ADV	3
selle_päras	ADV	3
sellinne	DET	3
senini	ADV	3
seod	NOUN	3
seoses	ADV	3
seotud	NOUN	3
seotud	VERB	3
seotuma	VERB	3
setsmes	ADJ	3
side_vahend	NOUN	3
signaal	NOUN	3
sih_ikindel	ADJ	3
siht_märk	NOUN	3
sine	ADJ	3
sirguma	VERB	3
sirkuma	VERB	3
sise_tunne	NOUN	3
sisim	ADJ	3
sisse_astum_iseks	NOUN	3
sisse_juhatus	NOUN	3
sisse_tulek	NOUN	3
situatsiion	NOUN	3
siuke	DET	3
skeit_park	NOUN	3
skulptor	NOUN	3
sobimatu	ADJ	3
soda	NOUN	3
solfedž	NOUN	3
soltuvus	NOUN	3
solvav	ADJ	3
sooj	ADJ	3
soojalt	ADV	3
soojendama	VERB	3
soojendamine	NOUN	3
soolane	ADJ	3
sooritus	NOUN	3
soos	ADV	3
soovitav	ADJ	3
sotsiaal_võrgustik	NOUN	3
sotsiaal_võrgustikus	NOUN	3
sov	NOUN	3
sponsor	NOUN	3
spordi_hoone	NOUN	3
spordi_klubi	NOUN	3
spordi_päe	NOUN	3
spordi_päval	NOUN	3
spordi_ride	NOUN	3
spordi_riietus	NOUN	3
spordip_äeav	NOUN	3
spordiriid	NOUN	3
spordistaadion	NOUN	3
sporti_riie	NOUN	3
sprot	NOUN	3
srordi_päev	NOUN	3
staadi_onil.seal	NOUN	3
staadioon	NOUN	3
standart	NOUN	3
start	NOUN	3
stressima	VERB	3
struktur	NOUN	3
studio	NOUN	3
suhtluma	VERB	3
suhtlus_portaal	NOUN	3
suitsetamine	NOUN	3
sulanduma	VERB	3
sulema	VERB	3
sulle,e	NOUN	3
sumin	NOUN	3
sure_päärane	ADJ	3
surendama	VERB	3
surfima	VERB	3
suu_pisteid	NOUN	3
suuliselt	ADV	3
suuna=tud	ADJ	3
suunamine	NOUN	3
suup	NOUN	3
suure_parane	ADJ	3
suurus	ADJ	3
suva	NOUN	3
suve_plaan	NOUN	3
suve_päev	NOUN	3
suve_töö	NOUN	3
suvi_maja	NOUN	3
sõb_rana	NOUN	3
sõbe	NOUN	3
sõbraanna	NOUN	3
sõdama	VERB	3
sõdima	VERB	3
sõidu_praktika	NOUN	3
sõitsema	VERB	3
sõja_mäng	NOUN	3
sõltuvalt	ADV	3
sõnd	NOUN	3
sõnu	NOUN	3
sõpbas	NOUN	3
sõpber	NOUN	3
sõpraga	NOUN	3
sõprus_ringkond	NOUN	3
sõõk	NOUN	3
sõõm	NOUN	3
söögi_laud	NOUN	3
sööklama	NOUN	3
sööma	AUX	3
söötma	VERB	3
südam	NOUN	3
sügiseti	ADV	3
sümfoonia	NOUN	3
sünge	ADJ	3
süngem	ADJ	3
sünn_ipaeva_pidu	NOUN	3
sünni_paik	NOUN	3
sünni_riik	NOUN	3
sünnip_äaev	NOUN	3
sünnip_äevapid	NOUN	3
sünnipäev_apeole,m	NOUN	3
sünnu_päev	NOUN	3
süüa	NOUN	3
süütama	VERB	3
süžee	NOUN	3
t-särg	NOUN	3
taand_areng	NOUN	3
taanda_reng	NOUN	3
taastuma	VERB	3
taastumatu	ADJ	3
taga_järj	NOUN	3
tahaktms	VERB	3
tahema	VERB	3
tahtja	NOUN	3
tahtma	NOUN	3
tahve_larv	NOUN	3
taiesti	ADV	3
takso	NOUN	3
talantne	ADJ	3
tale	PRON	3
talgu	NOUN	3
tamm	NOUN	3
tamme_tõri	NOUN	3
tana_päev	NOUN	3
tansma	VERB	3
tantsime,mängima	VERB	3
tantsimine	NOUN	3
tantsu_trenn	NOUN	3
tantsuja	NOUN	3
tanu	ADP	3
tapa	VERB	3
tappama	VERB	3
tapselt	ADV	3
tapsustama	VERB	3
tarbe	NOUN	3
tark_vara	NOUN	3
tark_vara_arenda=ja	NOUN	3
tarkas	ADJ	3
tarve	NOUN	3
tarvitama	VERB	3
tarvitamine	NOUN	3
tasumine	NOUN	3
tatsuma	VERB	3
tava_kool	NOUN	3
teadagi	ADV	3
teadma	ADJ	3
teadus_muuseum	NOUN	3
teaksema	VERB	3
teatada,et	ADV	3
teatme_teos	NOUN	3
teatrig_ruppp	NOUN	3
teegima	VERB	3
teem	NOUN	3
teenindus_kool	NOUN	3
teha	VERB	3
tehnika_maa_ilm	NOUN	3
tehnika_vahend	NOUN	3
tehnikas_eadmed	NOUN	3
tehnoloogia_areng	NOUN	3
tehtu	NOUN	3
teinet_eises	PRON	3
teis_moodi	ADV	3
teis_pidi	ADV	3
teiseks	ADJ	3
teisi_päevane	ADJ	3
teisme_iga	NOUN	3
teismelisi	ADV	3
teist_suguselt	ADV	3
tekk	NOUN	3
tekke	NOUN	3
tekki=v	ADJ	3
teks	NOUN	3
teksased	NOUN	3
tel	PRON	3
telefoni_kõne	NOUN	3
telefoni_mäng	NOUN	3
telefoni_tee	NOUN	3
telemaa_ilm	NOUN	3
tema	NOUN	3
temaatika	NOUN	3
teoria_tund	NOUN	3
teostamine	NOUN	3
terror	NOUN	3
terve	NOUN	3
tervendama	VERB	3
terveslik	ADJ	3
tervis_eprobleem	NOUN	3
tervis_hoid	PROPN	3
tervise_häda	NOUN	3
tervise_häire	NOUN	3
tervise_muuseum	NOUN	3
tervisep_robleem	NOUN	3
terviseprobleem	NOUN	3
tgema	VERB	3
tigetsema	VERB	3
tihedamalt	ADV	3
tihemini	ADV	3
tiiger	NOUN	3
tipp_restoraan	NOUN	3
tips_portlane	NOUN	3
toel	ADP	3
toeline	ADJ	3
toetamine	NOUN	3
toidu_kaup	NOUN	3
toidu_puudus	NOUN	3
toimumis_aeg	NOUN	3
tollane	ADJ	3
tolle_aegne	ADJ	3
tolmu_imeja	NOUN	3
torm	NOUN	3
totaalne	ADJ	3
totaalselt	ADV	3
traagiline	ADJ	3
traagiliselt	ADV	3
trenn	VERB	3
trennikaaslane	NOUN	3
trepp	NOUN	3
trompett	NOUN	3
trükima	VERB	3
tsau	PROPN	3
tsent	NOUN	3
tsenter	NOUN	3
tsunam	NOUN	3
tublisti	ADV	3
tudend	NOUN	3
tugevamini	ADV	3
tuimuma	VERB	3
tujukas	ADJ	3
tule_torn	NOUN	3
tulenev	ADJ	3
tuli_hingeline	ADJ	3
tuli_relv	NOUN	3
tumedam	ADJ	3
tund	VERB	3
tundmus	NOUN	3
tunnustatud	ADJ	3
turvalisemalt	ADV	3
tutvuma	ADJ	3
tutvustamine	NOUN	3
tutvutama	VERB	3
tuuma_jaam	NOUN	3
tuupima	VERB	3
tähele_panek	NOUN	3
tähele_panelikk	ADJ	3
tähele_panelikum	ADJ	3
tähendus_rikas	ADJ	3
tähte_jõud	NOUN	3
tähtsem	ADJ	3
täiendamine	NOUN	3
täis_ealine	ADJ	3
täiustama	VERB	3
täna_päeviti	ADV	3
tänapäevamaa_ilm	NOUN	3
tänaseks	ADV	3
täpiline	ADJ	3
tärkav	ADJ	3
tõe_kspidamine	NOUN	3
tõe_näoline	ADJ	3
tõiesti	ADV	3
tõsiline	ADJ	3
tõstatama	VERB	3
töö_intervjuu	NOUN	3
töö_keskkond	NOUN	3
töö_koda	NOUN	3
töö_puudus	NOUN	3
töö_päeviti	ADV	3
töö_tund	NOUN	3
töö_varjup_äeva	NOUN	3
töö_vihik	PROPN	3
tööka=m	ADJ	3
töötma	VERB	3
töövarjupäev	NOUN	3
tütr	NOUN	3
tütruk	NOUN	3
udu	NOUN	3
ujum	NOUN	3
ujumi_strenn	NOUN	3
ullu	NOUN	3
umber	ADV	3
ummik	NOUN	3
unima	VERB	3
unine	ADJ	3
unusta=tud	ADJ	3
uputama	VERB	3
uudistama	VERB	3
uuendamine	NOUN	3
uuenduslik	ADJ	3
uurimus	NOUN	3
uus	NOUN	3
uut_moodi	ADV	3
uuts	ADJ	3
vaabrik	NOUN	3
vaat	NOUN	3
vaata	NOUN	3
vaatama	PROPN	3
vaatleja	NOUN	3
vaba_riik	PROPN	3
vabu	ADJ	3
vah_etusõpilane	NOUN	3
vaheldus_rikas	ADJ	3
vahelduv	ADJ	3
vahelt	ADP	3
vahendama	VERB	3
vahetus	ADJ	3
vahetus_riid	NOUN	3
vahetusõ_pilane	ADJ	3
vahtima	VERB	3
vahva	NOUN	3
vaieldamatult	ADV	3
vajalikult	ADV	3
vajat	ADV	3
vajuma	VERB	3
valetus	NOUN	3
valgus_foor	NOUN	3
valgustama	VERB	3
valiku_vabadus	NOUN	3
valjas_pool	ADP	3
valk	NOUN	3
valmine	NOUN	3
valmistaja	NOUN	3
vana_linnane	NOUN	3
vana_mees	NOUN	3
vana_vanaisa	NOUN	3
vand	NOUN	3
varitsema	VERB	3
varju_paik	NOUN	3
vasak	ADJ	3
vasak_poolne	ADJ	3
vasta	NOUN	3
vasta	VERB	3
vastane	NOUN	3
vastu_poolt	ADV	3
vastu_tulev	ADJ	3
vastu_võetav	ADJ	3
vastu_võtlik	ADJ	3
vastu_võtmine	NOUN	3
vee_keetja	NOUN	3
veede=tud	ADJ	3
veedtmk	VERB	3
veen	NOUN	3
veidike	ADV	3
veidikene	ADV	3
vene	NOUN	3
vesi_park	NOUN	3
videos	NOUN	3
vihati	VERB	3
vihm	ADJ	3
viidma	VERB	3
viieteist_aastane	ADJ	3
viiktoriin	NOUN	3
viimne	ADJ	3
viis-kuus	NUM	3
viis_sada	NUM	3
viisakam	ADJ	3
viisi_pidamine	NOUN	3
viiskama	VERB	3
viking	NOUN	3
viktor	NOUN	3
viktorin	NOUN	3
vildikas	NOUN	3
vilistama	VERB	3
viljelema	VERB	3
viltu	ADV	3
vilumus	NOUN	3
vimane	ADJ	3
virtuaalse=lt	ADV	3
visuaalselt	ADV	3
vitriin	NOUN	3
vool	NOUN	3
vulgaarne	ADJ	3
vägi_valdse=m	ADJ	3
väha	ADV	3
vähi_haige	NOUN	3
väide	ADJ	3
väidetu	NOUN	3
väike_linn	NOUN	3
väike_saare	NOUN	3
väitlema	VERB	3
välis	ADJ	3
välistama	VERB	3
välja_mõeldud	ADJ	3
välja_vaade	NOUN	3
väljastama	VERB	3
väljendus_rikas	ADJ	3
väljendus_vahend	NOUN	3
väljendus_viis	NOUN	3
väljendus_vorm	NOUN	3
värskendama	VERB	3
värsti	ADV	3
värt	ADJ	3
värtus	NOUN	3
värveline	ADJ	3
värvi_kirev	ADJ	3
väsinema	VERB	3
väärt_kirjandus	NOUN	3
väärtusta=mine	NOUN	3
võdma	VERB	3
võema	VERB	3
võetud	ADJ	3
võlk	NOUN	3
võlts	ADJ	3
võrd	ADV	3
võrk_keel	NOUN	3
võrk_pali	NOUN	3
võsuke	NOUN	3
võtma	NOUN	3
võõr_keelne	ADJ	3
võõr_keelt	ADV	3
võõtma	VERB	3
wi-fi	NOUN	3
www.kool.ee	NOUN	3
www.tag.ee	NOUN	3
www.valiamet.ee	NOUN	3
youtuber	NOUN	3
zanr	NOUN	3
Õpetajate	PROPN	3
ämber	NOUN	3
äres	ADP	3
ärkamis_aeg	NOUN	3
õgi	NOUN	3
õhem	ADJ	3
õhtune	NOUN	3
õige_aegselt	ADV	3
õigeamet.ee	NOUN	3
õiglaselt	ADV	3
õigus_teadus	NOUN	3
õis	NOUN	3
õitsev	ADJ	3
õlg	NOUN	3
õpe_aeg	NOUN	3
õpeja	NOUN	3
õpetav	ADJ	3
õpeteja	NOUN	3
õpetja	NOUN	3
õpilas_oma_valitsus	NOUN	3
õpilne	NOUN	3
õpimis	NOUN	3
õppe	NOUN	3
õppe_aeg	NOUN	3
õppe_päev	NOUN	3
õppeedukus	NOUN	3
õppiv	ADJ	3
õppma	VERB	3
õu	ADP	3
õudus	NOUN	3
öbima	VERB	3
öeldma	VERB	3
öeldu	NOUN	3
öko_süsteem	NOUN	3
öpilane	NOUN	3
öö_klubi	NOUN	3
ööbim	NOUN	3
ööeldama	VERB	3
öök	NOUN	3
öökull	NOUN	3
ühe	DET	3
ühe_külgne	ADJ	3
üheksa_ndaklass	NOUN	3
üheksandik	NOUN	3
ühis_elamus	NOUN	3
üht	ADJ	3
ühtlaselt	ADV	3
üks_kõiksus	NOUN	3
üks_luisem	ADJ	3
üks_teiste	PRON	3
üksildus	NOUN	3
ülal_toodud	ADJ	3
üldk_okku_võte	NOUN	3
üle_kaaluline	ADJ	3
üle_kanne	NOUN	3
üle_koormatud	ADJ	3
üle_maa_ilm	NOUN	3
üle_riigiline	ADJ	3
üle_sehitus	NOUN	3
üle_tootmine	NOUN	3
üle_ujutus	NOUN	3
üleni	ADV	3
üless_anne	NOUN	3
üli_kiire	ADJ	3
üli_palju	ADV	3
ümbritsema	ADJ	3
ümisemine	NOUN	3
šoppama	VERB	3
žanri	NOUN	3
!!!!	PUNCT	2
!!!!!!	PUNCT	2
!kontsert	PROPN	2
!mul	PRON	2
!sina	PRON	2
!sünni_päev	PROPN	2
!ta	PUNCT	2
!varst	PROPN	2
&quot	INTJ	2
)...	PUNCT	2
**	SYM	2
*hea	ADJ	2
*võib-olla	ADV	2
+3253112233	NUM	2
+3255555	NUM	2
+325555666	NUM	2
+372500	NUM	2
+3725444555	NUM	2
+37254712345	NUM	2
+37255123123	NUM	2
+372552233344	NUM	2
+3725554444	NUM	2
+372555555	NUM	2
+372555666	NUM	2
+3725556666	NUM	2
+37255566677.	ADJ	2
+3725558888	NUM	2
+37255667788	NUM	2
+37256666777	NUM	2
+37258112233	NUM	2
+3726666777	NUM	2
,,	PUNCT	2
,aga	ADV	2
,anema	PROPN	2
,maria	PROPN	2
,me	PRON	2
,pidama	AUX	2
,reede	NOUN	2
,sina	PRON	2
,ta	CCONJ	2
,tantma	VERB	2
-da	SYM	2
-ja	CCONJ	2
..	PUNCT	2
.a_uhind	NOUN	2
.a_uhind	PROPN	2
.algama	VERB	2
.auhind	NOUN	2
.ja	PUNCT	2
.kohtuma	VERB	2
.konsert	NOUN	2
.kontsert	NOUN	2
.mul	PROPN	2
.nad	PRON	2
.pidu	PROPN	2
.pärast	ADV	2
.se	PUNCT	2
.see	DET	2
.üks	NUM	2
01.06	NUM	2
01.06.20	NUM	2
01.06.2020.	ADJ	2
03.05	NUM	2
03.05.19	NUM	2
03.06.19.	ADJ	2
04.05.2017	NUM	2
05.	ADJ	2
05.05	NUM	2
05.06.2016	NUM	2
06.05.2017	NUM	2
07	NUM	2
07.05	NUM	2
08.00	NUM	2
08.07.20	NUM	2
09.00	NUM	2
09.06.2019	NUM	2
1,20	NUM	2
1-12.	ADJ	2
1-9.	ADJ	2
1.06.20	NUM	2
1.5	NUM	2
1.koha	NOUN	2
1.mail	NOUN	2
10-13	NUM	2
10-15.00	NUM	2
10.00-13.00	NUM	2
10.00-17.00	NUM	2
10.04	NUM	2
10.06.2016	NUM	2
10.10	NUM	2
100-200	NUM	2
100€	NUM	2
101	NUM	2
10_aastane	ADJ	2
10km	NUM	2
11.00-14.00	NUM	2
11.00-15.00	NUM	2
11.00.me	NUM	2
11.05	NUM	2
11.15	NUM	2
11.45	NUM	2
11.50	NUM	2
11.b	ADJ	2
11000	NUM	2
111	NUM	2
111111	NUM	2
112	NUM	2
11223	NUM	2
1131	NUM	2
11B	ADJ	2
12.00-13.30	NUM	2
12.00-16.00	NUM	2
12.00.seal	ADJ	2
12.00_.spordip	NOUN	2
12.01	NUM	2
12.03	NUM	2
12.04	NUM	2
12.C	ADJ	2
12.da	ADJ	2
12.mai	ADJ	2
12000	NUM	2
125	NUM	2
12:00-15:	NUM	2
12B	ADJ	2
12b	NUM	2
13-00	NUM	2
13.00.	NUM	2
13.00.me	NUM	2
13.00.pilet	NOUN	2
13.09	NUM	2
13.15	NUM	2
13000	NUM	2
14-17	NUM	2
14-18	NUM	2
14-19	NUM	2
14.00.kontsert	NOUN	2
14.00.seal	ADJ	2
14.00.spordip	NOUN	2
14.04	NUM	2
14.05.2019	NUM	2
14.20	NUM	2
14.50	NUM	2
148	NUM	2
15-20	NUM	2
15.00-16.00	NUM	2
15.00-17.00	NUM	2
15.00.	NUM	2
15.00.kavas	NUM	2
15.04	NUM	2
15.05.2017	NUM	2
15.05.2019	NUM	2
15.10	NUM	2
15.25	NUM	2
15.juuni	NOUN	2
15:00.	ADJ	2
15aasta	NOUN	2
16-18	NUM	2
16.00-19.00	NUM	2
16.00.kaasa	NUM	2
16a	NUM	2
16aa_sta	NOUN	2
17.00-19.00	NUM	2
17.00.kontsert	NOUN	2
17.04.2020	NUM	2
17.05.18	NUM	2
17.06	NUM	2
17.mai	ADJ	2
170	NUM	2
17000	NUM	2
18.00.peol	NUM	2
18.05.19	NUM	2
18.15	NUM	2
18.20	NUM	2
18.45	NUM	2
1869.	ADJ	2
19.00.kontsert	NOUN	2
19.00.seal	NUM	2
19.05.2019	NUM	2
1980=s	ADJ	2
1984	NUM	2
1€	NUM	2
2+2	NUM	2
2-	NUM	2
2/3	NUM	2
20,00	NUM	2
20.-25	NUM	2
20.00.peol	NUM	2
20.05.2017	NUM	2
20.06	NUM	2
20.09	NUM	2
20.juuni	NOUN	2
20.mai	ADJ	2
2009.	ADJ	2
200m	NUM	2
2014.	ADJ	2
2016a	NUM	2
2017.a	NUM	2
205	NUM	2
21.06	NUM	2
21.06.2019	NUM	2
213	NUM	2
22.01	NUM	2
22.03	NUM	2
22.04.20	NUM	2
22.04.2019	NUM	2
22.05.2021	NUM	2
22.05.21.	NUM	2
22.09	NUM	2
22.mai	ADJ	2
22:	NUM	2
23.04.19	NUM	2
23.04.2018	NUM	2
23.09.2021	NUM	2
23.september	NOUN	2
232	NUM	2
24.05.2021	NUM	2
24/7	NUM	2
25.04.2022	NUM	2
25.05.21	NUM	2
25.mail	NUM	2
250m	NUM	2
26.03.17	NUM	2
26.04.2022	NUM	2
26.05.2017	NUM	2
26.09.2022	NUM	2
27.05.2022	NUM	2
27.september	NOUN	2
28.05	NUM	2
28.05.16	NUM	2
28.05.2019	NUM	2
28.mail	ADJ	2
29.05	NUM	2
2:00	NUM	2
2€	NUM	2
3,50	NUM	2
3.mail	NOUN	2
30-40	NUM	2
30.05.2017	NUM	2
30.kontsert	NOUN	2
300€	NUM	2
302	NUM	2
31.05.22.	NUM	2
35€	NUM	2
37	NUM	2
3725555666	NUM	2
39	NUM	2
390	NUM	2
3a	ADJ	2
4-11	NUM	2
4-_astane	ADJ	2
4.00	NUM	2
4.juuni	NOUN	2
405	NUM	2
45_minutilist	ADJ	2
5-miinus	NOUN	2
5.-6.	ADJ	2
5.06.19	NUM	2
5.b	ADJ	2
5.juuni	NOUN	2
50.	ADJ	2
500m	ADJ	2
500€	NUM	2
5111222	NUM	2
53334444	NUM	2
54444444	NUM	2
54444555	NUM	2
5444555	NUM	2
54445555	NUM	2
55552222	NUM	2
55553333	NUM	2
5555444	NUM	2
55555555.	ADJ	2
55555555.	NUM	2
55555666	NUM	2
555566	NUM	2
5555777	NUM	2
5612345	NUM	2
56665555	NUM	2
5666666	NUM	2
567	NUM	2
5777555	NUM	2
58	NUM	2
5812345	NUM	2
58888999	NUM	2
59	NUM	2
5Miinus	PROPN	2
5Miinust	NUM	2
5a	ADJ	2
5euro	NOUN	2
6-	ADJ	2
6-13	NUM	2
6.-7.	ADJ	2
6.-9.	ADJ	2
6.klass	NOUN	2
6.november	NOUN	2
60.m	ADJ	2
600€	NUM	2
60m	NOUN	2
66666	NUM	2
6677.	ADJ	2
67	NUM	2
68	NUM	2
6B	NUM	2
6b	ADJ	2
6b	NUM	2
6c	ADJ	2
6e	ADJ	2
7-12	NUM	2
7-9.klass	NOUN	2
7.C	ADJ	2
7.C	PROPN	2
7.d	ADJ	2
7.e	ADJ	2
79	NUM	2
7:00	NUM	2
7A	ADJ	2
7B	PROPN	2
7d	ADJ	2
7€	NUM	2
8	ADJ	2
8-10	NUM	2
8-9.	ADJ	2
8.-12.	ADJ	2
8.50	NUM	2
8.klass	NOUN	2
80=s	ADJ	2
81	NUM	2
82	NUM	2
85	NUM	2
86	NUM	2
88	NUM	2
9-15	NUM	2
9-18	NUM	2
9.00-12.00	NUM	2
9.20	NUM	2
9.45	NUM	2
9.A	NOUN	2
9.a	NUM	2
9.v	ADJ	2
96	NUM	2
987	NUM	2
9:00-13:00	NUM	2
9a	NUM	2
9aasta	NOUN	2
:+37255555555	SYM	2
:54445555	NUM	2
:spordi_riie	NOUN	2
=a	ADJ	2
?)ekskursioon	NOUN	2
?kas	ADV	2
?ma	PRON	2
@.ee	NOUN	2
A2	PROPN	2
AHHAA	PROPN	2
AM	NOUN	2
AXXA	PROPN	2
Abivalmis	PROPN	2
Adolf	PROPN	2
Ahaa-keskus	PROPN	2
Aitah	PROPN	2
Aivar	PROPN	2
Alats_kivi	PROPN	2
Alek	PROPN	2
Alias	PROPN	2
Alla	PROPN	2
Andrejeva	PROPN	2
Anette	PROPN	2
Angela	PROPN	2
Annat	PROPN	2
Ararin	PROPN	2
Arena	PROPN	2
Arop	PROPN	2
Austria	PROPN	2
Auto	PROPN	2
Avaldus	PROPN	2
Avicii	PROPN	2
B2	NOUN	2
Bastion	PROPN	2
Beatles	PROPN	2
Belgium	PROPN	2
Bella	PROPN	2
Beyoncé	PROPN	2
Big“	PROPN	2
Bilan.pilet	PROPN	2
Bolt	PROPN	2
Bulgaaria	PROPN	2
Busi	PROPN	2
C.	PROPN	2
Canada	PROPN	2
Cash	PROPN	2
Coca-cola	PROPN	2
Covid	PROPN	2
Daam	PROPN	2
Dana	PROPN	2
Danik	PROPN	2
Darina	PROPN	2
David	PROPN	2
Daša	PROPN	2
Deezer	PROPN	2
Disko	PROPN	2
Doris	PROPN	2
Dr	PROPN	2
Dragons	PROPN	2
E-mail	NOUN	2
E-riik	NOUN	2
E.	PROPN	2
ERR	PROPN	2
EVA	PROPN	2
Eesmaspäevan	PROPN	2
Eesti-Läti	PROPN	2
Eesti-Vene	PROPN	2
Ekaterina	PROPN	2
Ekskursion	PROPN	2
Elizabeth	PROPN	2
Elja	PROPN	2
Elliot	PROPN	2
Elza	PROPN	2
Eminem	PROPN	2
Entertaiment	PROPN	2
Epikur	PROPN	2
Epost	PROPN	2
Esmas_päeviti	ADV	2
Esti	PROPN	2
Ette_valmistus	PROPN	2
Eurika	PROPN	2
Eurot,a	NOUN	2
Eurot.Tule	NOUN	2
Evelin	PROPN	2
Felix	PROPN	2
Fly	PROPN	2
Frankfurt	PROPN	2
G	NOUN	2
GMO	NOUN	2
Gailit	PROPN	2
Gleb	PROPN	2
Gorges	PROPN	2
Grande	PROPN	2
Gümaasium	PROPN	2
H.	PROPN	2
Harju	PROPN	2
Harkujarve	PROPN	2
Harri	PROPN	2
Hea	PROPN	2
Headaeg	PROPN	2
Headaega	PROPN	2
Heataega	NOUN	2
Heataiga	NOUN	2
Helepuna	PROPN	2
Helista	PROPN	2
Hermann	PROPN	2
Hiiu	PROPN	2
Hilton	PROPN	2
Hispania	PROPN	2
Hit	PROPN	2
Hitler	PROPN	2
Holland	PROPN	2
Holmes	PROPN	2
Holms	PROPN	2
Homo	PROPN	2
Humanitaar	PROPN	2
Huv_ikool	PROPN	2
I	NOUN	2
ID	PROPN	2
ID-kaart	NOUN	2
Ida-Viru	PROPN	2
Ilona	PROPN	2
Ines	PROPN	2
Inglis	PROPN	2
Inna	PROPN	2
Iphone	PROPN	2
Isac	PROPN	2
Islam	PROPN	2
It-tehnoloogia	NOUN	2
Jaanuar	PROPN	2
Jalg_palli	PROPN	2
James	PROPN	2
Jazz	PROPN	2
Jeesus	PROPN	2
Jegor	PROPN	2
Jenner	PROPN	2
Johanna	PROPN	2
Johnny	PROPN	2
Jookse	PROPN	2
Joosep	PROPN	2
Jumala	PROPN	2
Juri	PROPN	2
Juta	PROPN	2
Juuli	PROPN	2
Juuni	NOUN	2
Jänku	PROPN	2
Jääni	PROPN	2
Jõgeva	PROPN	2
K-J	PROPN	2
K-järve	PROPN	2
K.	PROPN	2
KFC	PROPN	2
Kaar	PROPN	2
Kaare	PROPN	2
Kadri_orgu	PROPN	2
Kagu-Eesti	PROPN	2
Kaial	PROPN	2
Kaliss	NOUN	2
Kallas	PROPN	2
Kallaste	PROPN	2
Kalli-Kalli	PROPN	2
Karamell	PROPN	2
Kariibi	PROPN	2
Karl.mulle	PROPN	2
Kase_puu	PROPN	2
Kaski	PROPN	2
Kassa	NOUN	2
Katri	PROPN	2
Katrina	PROPN	2
Katrinn	PROPN	2
Kaunane	PROPN	2
Kerl	PROPN	2
Kerto	PROPN	2
Kesku	PROPN	2
Kevadkontsert	PROPN	2
Kiber	PROPN	2
Kim	PROPN	2
Kirjutamine	PROPN	2
Kirker	PROPN	2
Kitzberg	PROPN	2
Kivi_linn	PROPN	2
Kivi_rähk	PROPN	2
Kiviräh	PROPN	2
Kiviõl	PROPN	2
Klassid.me	NOUN	2
Klouniseen	PROPN	2
Kodu_maa	PROPN	2
Koera	PROPN	2
Koidu	PROPN	2
Koletin	PROPN	2
Kolja	PROPN	2
Kolkja	PROPN	2
Kolma_päev	PROPN	2
Kontakt	PROPN	2
Koor	PROPN	2
Kopli	PROPN	2
Korvpall	PROPN	2
Krabi	PROPN	2
Kreutzwald	PROPN	2
Kristel	PROPN	2
Kristiin	PROPN	2
Kultuur	PROPN	2
Kungla	PROPN	2
Kurgiõis	PROPN	2
Kurre_saar	PROPN	2
Kurtna	PROPN	2
Kuurmaa	PROPN	2
Kuznetsova	PROPN	2
Kõiv	PROPN	2
Köök	PROPN	2
L	NOUN	2
LSP	PROPN	2
Lai	PROPN	2
Lasergeim	PROPN	2
Laul	PROPN	2
Laulev	PROPN	2
Lazarev	PROPN	2
Led	PROPN	2
Ledo	PROPN	2
Leelo	PROPN	2
Lena	PROPN	2
Leo	PROPN	2
Leonardo	PROPN	2
Lepatriinu	PROPN	2
Letti	PROPN	2
Lev	PROPN	2
Lg	PROPN	2
Lihula	PROPN	2
Lili	PROPN	2
Linna	PROPN	2
Linna_mäkk	PROPN	2
Litle	PROPN	2
Loodus	PROPN	2
Lääne_meri	NOUN	2
Lääs	PROPN	2
Lõuna	PROPN	2
MEEDIAKLUB	PROPN	2
MILLEG	PRON	2
Madrid	PROPN	2
Mahtra	PROPN	2
Man	PROPN	2
Maps	PROPN	2
Marek	PROPN	2
Margit	PROPN	2
Mari.maasikas@gmail.com	PROPN	2
Mari.mets@gmail.com	PROPN	2
Marie	PROPN	2
Marisa	PROPN	2
Marit	PROPN	2
Marita	PROPN	2
Marju	PROPN	2
Mart.maasikas@gmail.com	PROPN	2
Mart.mets	PROPN	2
Marti	PROPN	2
Martmets@gmail.com	PROPN	2
Maslou	PROPN	2
Mat	PROPN	2
Max	PROPN	2
Maša	PROPN	2
Mc_Donald	PROPN	2
Meedi_aklu	PROPN	2
Mees	PROPN	2
Messi	PROPN	2
Metsa_kool	PROPN	2
Microsoft	PROPN	2
Miia	PROPN	2
Milena	PROPN	2
Milleks	PRON	2
Mina	PRON	2
Miss	PROPN	2
Moor	PROPN	2
Mrak	PROPN	2
Muah	PROPN	2
Musta_mägi	NOUN	2
Mustamäe	PROPN	2
Mustjõe	PROPN	2
Mustve	PROPN	2
Muuga	PROPN	2
Muusika_kool	PROPN	2
Männ	PROPN	2
Märt	PROPN	2
NATO	PROPN	2
NMD	PROPN	2
Narnia	PROPN	2
Narva-Jõe_ssu	PROPN	2
Natasha	PROPN	2
Nicola	PROPN	2
Nika	PROPN	2
Nike	PROPN	2
Nikol	PROPN	2
Nikolaj	PROPN	2
Nukitsa_mees	PROPN	2
Nukku	PROPN	2
Nutilaagri	PROPN	2
Nõo	PROPN	2
O.	PROPN	2
Olen	PROPN	2
Oliver	NOUN	2
Olja	PROPN	2
One	PROPN	2
OÜ	PROPN	2
P.S	NOUN	2
Pader	PROPN	2
Paeparg	PROPN	2
Paint_ball	PROPN	2
Pedel	PROPN	2
Peps	PROPN	2
Peterhof	PROPN	2
Pharaon	PROPN	2
Pille	PROPN	2
Pirita	NOUN	2
Pirn	PROPN	2
Plats	PROPN	2
Pop	PROPN	2
Portugal	PROPN	2
Poska	PROPN	2
Post	PROPN	2
Poter	PROPN	2
Power	PROPN	2
Prisma	PROPN	2
Pubi	PROPN	2
Pullike	PROPN	2
Python	PROPN	2
Päikene	PROPN	2
Põhja	PROPN	2
Põhja-Ameerika	PROPN	2
Põhja-Korea	PROPN	2
Põldi	PROPN	2
Põlt	PROPN	2
R	PROPN	2
RMK	PROPN	2
Radio	PROPN	2
Rae	PROPN	2
Raekojaplats	PROPN	2
Rahvato	PROPN	2
Rait	PROPN	2
Rand_vere	PROPN	2
Rapla_maa	PROPN	2
Realgümnaasium	PROPN	2
Reet	PROPN	2
Rene	PROPN	2
Retro	PROPN	2
Riin	PROPN	2
Roma	PROPN	2
Rooma	PROPN	2
Rots	PROPN	2
Rummu	PROPN	2
Rästa	PROPN	2
SKY	PROPN	2
Saaku	PROPN	2
Saare_maa	NOUN	2
Saare_puu	PROPN	2
Saare_õis	PROPN	2
Sain	PROPN	2
Sankt-peterburis	PROPN	2
Sasha	PROPN	2
Seletuskiri	PROPN	2
Selg	PROPN	2
Sherlock	PROPN	2
Sherlok	PROPN	2
Siber	PROPN	2
Sipsik	PROPN	2
Sirp	PROPN	2
Sky-parg	PROPN	2
Soo	PROPN	2
Soome-ugri	PROPN	2
Soundcloud	PROPN	2
Spaa	PROPN	2
Spordi_paev	PROPN	2
Spordipäevale,m	NOUN	2
St	PROPN	2
Star	PROPN	2
Stas	PROPN	2
Stefan	PROPN	2
Sten	PROPN	2
Sulle,e	PROPN	2
Surhal	PROPN	2
Surhall	PROPN	2
Sushi	PROPN	2
Suur	ADJ	2
Suurhal	PROPN	2
Suvi	PROPN	2
Sõbrad	PROPN	2
Sõbralik	ADJ	2
Sõprate	PROPN	2
TTRK	PROPN	2
Tallike	PROPN	2
Tallink	PROPN	2
Tallinnas	PROPN	2
Talve	PROPN	2
Tamsaare	PROPN	2
Tarekes	PROPN	2
Tasku	PROPN	2
Taukar	PROPN	2
Tee	PROPN	2
Teele	PROPN	2
Teine	ADJ	2
Tel.	PROPN	2
Teletorm	PROPN	2
Tima	PROPN	2
Timofei	PROPN	2
Titanik	PROPN	2
Tivol	PROPN	2
Tomberg	PROPN	2
Torn	PROPN	2
Trad	PROPN	2
Trenn	PROPN	2
Trump	PROPN	2
Tule	PROPN	2
Tungla	PROPN	2
Tunni	PROPN	2
Turgenev	PROPN	2
Turu	PROPN	2
Tõde	PROPN	2
Töö_vihikust	PROPN	2
Uku	PROPN	2
Ullu	NOUN	2
United	PROPN	2
VPMK	PROPN	2
Vaba	ADJ	2
Valentina	PROPN	2
Valeria	PROPN	2
Valge	PROPN	2
Valgeranna	PROPN	2
Vana-linn	PROPN	2
Vanemuine	PROPN	2
Vapiano	PROPN	2
Vares	PROPN	2
Vasknarva	PROPN	2
Veene	PROPN	2
Veeru	PROPN	2
Vene_maa	NOUN	2
Viktorija	PROPN	2
Viljandi_maa	PROPN	2
Villu	PROPN	2
Viru_maa	PROPN	2
Vorms	PROPN	2
Väike	ADJ	2
Võru_maa	PROPN	2
Wars	PROPN	2
XX	ADJ	2
ZOO	PROPN	2
Zenja	PROPN	2
Zeppelin	PROPN	2
Zoom	PROPN	2
Zuckerberg	PROPN	2
_	PRON	2
a	ADV	2
a	CCONJ	2
aaa	INTJ	2
aasa	NOUN	2
aastal._spordip	NOUN	2
aastaselt	ADP	2
aatrium	NOUN	2
abi	VERB	2
abi_elu	NOUN	2
abi_kaaslane	NOUN	2
abi_kursus	NOUN	2
abi_kätt	NOUN	2
abi_valms	ADJ	2
abikokakss	NOUN	2
abilt	ADP	2
absolutselt	ADV	2
absolüütselt	ADV	2
adapteerima	VERB	2
address	NOUN	2
aega,ja	NOUN	2
aega-ajalt	ADV	2
aega“	NOUN	2
aeglustuma	VERB	2
aeguma	VERB	2
agaralt	ADV	2
agressiivsem	ADJ	2
agressivne	ADJ	2
ahha	PROPN	2
ahhaa-keskune	PROPN	2
ahhetama	VERB	2
ahvatlev	ADJ	2
ain	NOUN	2
aine_tund	NOUN	2
aini	ADV	2
ainsus	ADJ	2
ainu_õige	ADJ	2
ainus	NOUN	2
ainut	ADV	2
air	NOUN	2
aja_keskus	NOUN	2
aja_kulu	NOUN	2
aja_loofilm	NOUN	2
aja_lool	NOUN	2
aja_loomuu_seum	NOUN	2
aja_periood	NOUN	2
aja_puudus	NOUN	2
aja_raisk	NOUN	2
aja_röövel	NOUN	2
aja_viitmine	NOUN	2
aje	NOUN	2
aji	NOUN	2
aju_tegevus	NOUN	2
aktivist	NOUN	2
aktualne	ADJ	2
aku	NOUN	2
al	NOUN	2
ala_hindama	VERB	2
ala_hindlus	NOUN	2
ala_teadlikult	ADV	2
ala_tihti	ADV	2
alatest	NOUN	2
ald	NOUN	2
alga=nud	ADJ	2
algatama	VERB	2
algklass	NOUN	2
algne	ADJ	2
algus	ADJ	2
alkohoo	NOUN	2
all	ADV	2
all_pool	ADV	2
allaev	NOUN	2
alternatiivne	ADJ	2
alusta=tud	ADJ	2
alustav	ADJ	2
alutasusta=mine	NOUN	2
ambitsioonikas	ADJ	2
ame	NOUN	2
ameti_koha	NOUN	2
ameti_kool	NOUN	2
ammet	NOUN	2
analiseerima	VERB	2
analüseerima	VERB	2
analüseerimine	NOUN	2
andestama	VERB	2
andev	ADJ	2
andma	NOUN	2
andme_baas	NOUN	2
andme_side	NOUN	2
animatsioon	NOUN	2
ankru	NOUN	2
ann	NOUN	2
anna	NOUN	2
annetama	VERB	2
annma	VERB	2
anonüümne	ADJ	2
ants	NOUN	2
apollo	NOUN	2
app	NOUN	2
appima	VERB	2
aprili	NOUN	2
apteek	NOUN	2
arandamine	NOUN	2
arenenud	VERB	2
arengu_maa	NOUN	2
arengu_ruum	NOUN	2
arengu_tee	NOUN	2
arengu_võimalus	NOUN	2
arengune	NOUN	2
argi_keel	NOUN	2
argi_mure	NOUN	2
argumend	NOUN	2
arheoloogia	NOUN	2
ark	NOUN	2
arkitektor	NOUN	2
armasma	VERB	2
armsa	ADJ	2
arsti_teaduskond	NOUN	2
arstite_aduskond	NOUN	2
arstlik	ADJ	2
artiikel	NOUN	2
artiist	NOUN	2
artikel	NOUN	2
artjom	NOUN	2
aru_saamatult	ADV	2
aru_saamus	NOUN	2
arukalt	ADV	2
arutamine	NOUN	2
arutlama	VERB	2
arutu	ADJ	2
aruvuti	NOUN	2
arvama	NOUN	2
arvamus_lood	NOUN	2
arvastama	VERB	2
arvatama	VERB	2
arvelt	ADP	2
arviti	NOUN	2
arvmus	NOUN	2
arvu	NOUN	2
arvuliselt	ADV	2
arvuti_keel	NOUN	2
arvuti_klass	NOUN	2
arvuti_mang	NOUN	2
arvuti_muuseum	NOUN	2
arvuti_mänd	NOUN	2
arä	ADV	2
asendaja	NOUN	2
asi	ADJ	2
asja_kohane	ADJ	2
asjatult	ADV	2
asju	NOUN	2
astri_keskus	PROPN	2
asusta=tud	ADJ	2
asutamine	NOUN	2
ateist	NOUN	2
atraktiivsem	ADJ	2
atraktsiooni_park	NOUN	2
au_hinad	NOUN	2
au_kiri	NOUN	2
augist	NOUN	2
auhiina	NOUN	2
auhinne	NOUN	2
aulas.see	NOUN	2
aur	NOUN	2
aura	NOUN	2
auto_gramm	NOUN	2
auto_mehanik	NOUN	2
autoju_hiluba	NOUN	2
autojuhi_kursus	NOUN	2
ava_meelselt	ADV	2
avald	NOUN	2
avaldaja	NOUN	2
avaldav	ADJ	2
avaldumine	NOUN	2
avalema	VERB	2
avalvama	VERB	2
avar	NOUN	2
avaram	ADJ	2
avarus	NOUN	2
avasta=tud	ADJ	2
avatud	VERB	2
baal	NOUN	2
baasiline	ADJ	2
balans	NOUN	2
ballaad	NOUN	2
balti	ADJ	2
bankas	NOUN	2
basski_tarr	NOUN	2
bastioon	NOUN	2
batutt	NOUN	2
batuudi	ADV	2
batuudil,mängima	VERB	2
batuut	ADV	2
batuuti	ADV	2
biloogia	NOUN	2
biograafia	NOUN	2
biologia	NOUN	2
blogger	NOUN	2
blogi	NOUN	2
blokeerima	VERB	2
bluus	NOUN	2
bootas	NOUN	2
botaani=kane	NOUN	2
botaanika_aeg	NOUN	2
boulingus.pidu	NOUN	2
buffet	NOUN	2
bus	NOUN	2
bussi_pilet	NOUN	2
büroo	NOUN	2
cent	NOUN	2
chupa-chups	NOUN	2
coffe	NOUN	2
d	ADJ	2
da	NOUN	2
da	SYM	2
darts	NOUN	2
defekt	NOUN	2
degusteerima	VERB	2
dekoreerima	VERB	2
demagoogiline	ADJ	2
demo_kraatiline	ADJ	2
demonstreerima	VERB	2
derektor	NOUN	2
detaal	NOUN	2
detektiivne	ADJ	2
dialog	NOUN	2
diktofon	NOUN	2
dinosaurus	NOUN	2
diplomi.mull	NOUN	2
direktor@kool.ee	NOUN	2
disainima	VERB	2
disgolf	NOUN	2
distsiplineeri=tud	ADJ	2
dizain	NOUN	2
dižain	NOUN	2
djt	NOUN	2
doktorant	NOUN	2
dokumend	NOUN	2
draakon	NOUN	2
drastiline	ADJ	2
dušš	NOUN	2
dünamiit	NOUN	2
džungel	NOUN	2
džäss	NOUN	2
e	NOUN	2
e-aadres	NOUN	2
e-hääletus	NOUN	2
e-leht	NOUN	2
e-luger	NOUN	2
e-mail	PROPN	2
eakam	ADJ	2
eakas	NOUN	2
ealeski	ADV	2
ealine	ADJ	2
eba_aus	NOUN	2
eba_kindlustus	NOUN	2
eba_kõla	NOUN	2
eba_loogiline	ADJ	2
eba_maitsev	ADJ	2
eba_meeldib	ADJ	2
eba_meeldiva=m	ADJ	2
eba_mugavam	ADJ	2
eba_mõistlik	ADJ	2
eba_seaduslik	ADJ	2
eba_stabiilsus	NOUN	2
eba_võrdsus	NOUN	2
eba_õiglus	NOUN	2
eba_õigus	NOUN	2
eba_õnnelikult	ADV	2
ebaproduktiivsem	ADJ	2
ebaõnnestunud	ADJ	2
edasi_jõud=nud	ADJ	2
edasi_õpimine	NOUN	2
edasi_õppimine	NOUN	2
edendamine	NOUN	2
edu_tunne	NOUN	2
eel_arvamus	NOUN	2
eel_pool	ADV	2
eel_toodud	ADJ	2
eemalduma	VERB	2
eepos	NOUN	2
ees_kujulik	ADJ	2
ees_kätt	ADV	2
ees_maab_ikoolitus	NOUN	2
ees_mark	NOUN	2
ees_nimi	NOUN	2
eesmas_päev	NOUN	2
eesti_pärane	ADJ	2
eetika.ee	PROPN	2
egoist	NOUN	2
egoistlik	ADJ	2
ehitatud	ADJ	2
ehitis	NOUN	2
eitav	ADJ	2
eitea	VERB	2
eks_ju	ADV	2
eksaam	NOUN	2
eksami_aine	NOUN	2
eksami_period	NOUN	2
eksami_tulemus	NOUN	2
eksami_töö	NOUN	2
eksisteerimine	NOUN	2
eksku-rsioon	NOUN	2
ekskursiion	NOUN	2
ekskursio-on	NOUN	2
ekskursioni_le.m	NOUN	2
ekskursionn	NOUN	2
ekskursioo	NOUN	2
ekskursioon.see	NOUN	2
ekskursiooni_buss	NOUN	2
ekskursiooni_le,m	NOUN	2
ekskurson	NOUN	2
ekskurssioon	NOUN	2
ekskusioon	NOUN	2
eksperiment	NOUN	2
ekspert	NOUN	2
ekspoonat	NOUN	2
ekstreemselt	ADV	2
eksukrsioon	NOUN	2
eksuku_rsioon	NOUN	2
eksukursioon	NOUN	2
elama	PROPN	2
elamis_tingimus	NOUN	2
elane	VERB	2
elas	NOUN	2
elektoonika	NOUN	2
elektronmuusika	NOUN	2
elektrooni_kaseadm	NOUN	2
elektroonika_vidin	NOUN	2
elektrooniline	NOUN	2
elevand	NOUN	2
ellu_jäämine	NOUN	2
ellu_viimine	NOUN	2
elu_aegne	ADJ	2
elu_arvamus	NOUN	2
elu_etapp	NOUN	2
elu_hetk	NOUN	2
elu_jõud	NOUN	2
elu_korraldus	NOUN	2
elu_kuds	NOUN	2
elu_käik	NOUN	2
elu_märk	NOUN	2
elu_päev	NOUN	2
elu_päästja	NOUN	2
elu_reegel	NOUN	2
elu_ruum	NOUN	2
elu_rõõm	ADJ	2
elu_soov	NOUN	2
elu_suhtumine	NOUN	2
eluetap	NOUN	2
elukutse@gmail.com	NOUN	2
eluliselt	ADV	2
elund	NOUN	2
ema	PROPN	2
ema_poolne	ADJ	2
ema_riik	NOUN	2
emas_päev	NOUN	2
emme	NOUN	2
emotsion	NOUN	2
emotsioonitu	ADJ	2
empaatia	NOUN	2
empaatia_võime	NOUN	2
ena	PRON	2
enam	NOUN	2
enane	PRON	2
endaki	PRON	2
energeetika	NOUN	2
energeetiline	ADJ	2
energia_keskus	NOUN	2
energiaallikas	NOUN	2
energilise=m	ADJ	2
enes_ekindla=m	ADJ	2
enes_eotsing	NOUN	2
enese_harimine	NOUN	2
enese_keskne	ADJ	2
enese_kindlam	ADJ	2
enese_tapu	NOUN	2
enese_teostus	NOUN	2
enese_tundlik	ADJ	2
enese_tundmine	NOUN	2
ennaga	PRON	2
enne_aegne	ADJ	2
enne_nägematu	ADJ	2
enne_olematu	ADJ	2
enne_olematult	ADV	2
ennese_kindel	ADJ	2
ennustamine	NOUN	2
entsüklopeedia	NOUN	2
entusiastlik	ADJ	2
eo	AUX	2
era_ell	NOUN	2
era_korraline	ADJ	2
era_õppimine	NOUN	2
eraldi_seisev	ADJ	2
ere	ADJ	2
eredamalt	ADV	2
erenema	VERB	2
erev	ADJ	2
ergutama	VERB	2
eri_ilmeline	ADJ	2
eri_juhtum	NOUN	2
eri_pärast	ADJ	2
erinev	VERB	2
erksam	ADJ	2
erksas	ADJ	2
es_ialk	NOUN	2
esi_algus	NOUN	2
esi_isa	NOUN	2
esima	VERB	2
esimeks	ADV	2
esine=nud	ADJ	2
esinemis_julgus	NOUN	2
esinemis_kogemus	NOUN	2
esiroll	NOUN	2
esitek	ADV	2
esitems	ADV	2
esma_abi_kool	NOUN	2
esma_späev	NOUN	2
esmaabi	NOUN	2
esmaabikursus	NOUN	2
esmas	ADJ	2
esmas_pävt	NOUN	2
esmaspaevast-reede	NOUN	2
esmaspäeval,teisipäeval,kolma_päev	NOUN	2
esmaspäevast-kolma_päev	NOUN	2
esmast_päev	NOUN	2
esmärk	NOUN	2
esmäs_päev	NOUN	2
espresso	NOUN	2
est	ADP	2
esti	ADJ	2
estofeet	NOUN	2
estofet	NOUN	2
etevatus	NOUN	2
ett	SCONJ	2
ette_nähtamatu	ADJ	2
ette_vaatus	NOUN	2
ette_valmistumine	NOUN	2
ette_võtlikkus	NOUN	2
ettevalmistuse_kursus	NOUN	2
eura	NOUN	2
euri	NOUN	2
euro.kui	NOUN	2
euro.see	NOUN	2
euron	NOUN	2
eurot.see	ADJ	2
eurot.tahan	NOUN	2
eurot.tulge	NOUN	2
evima	VERB	2
fandom	NOUN	2
fantaasiline	ADJ	2
fantaseerima	VERB	2
feminism	NOUN	2
fikseerima	VERB	2
filmi_montaaž	NOUN	2
filmi_muusika	NOUN	2
filmi_tegija	NOUN	2
filmistamine	NOUN	2
filoloog	NOUN	2
filoloogia	NOUN	2
finans	NOUN	2
flaer	NOUN	2
fly	NOUN	2
folk_muusika	NOUN	2
folkloor	NOUN	2
foto_album	NOUN	2
foto_firma	NOUN	2
foto_süntees	NOUN	2
fotoshop	NOUN	2
fotostuudio	NOUN	2
friikar_tuli	NOUN	2
frisb	NOUN	2
funktsionaalne	ADJ	2
funktsioneerima	VERB	2
fändama	VERB	2
gadžet	NOUN	2
galerii	NOUN	2
geen	NOUN	2
geis	NOUN	2
geneetika	NOUN	2
geneetiline	ADJ	2
geneetiliselt	ADV	2
geograafia	NOUN	2
globaliseeru=nud	ADJ	2
googeldama	VERB	2
graad	NOUN	2
grafiit	NOUN	2
gramatiliselt	ADV	2
grilli=tud	ADJ	2
gripp	NOUN	2
grup	NOUN	2
grupi_töö	NOUN	2
gruup	NOUN	2
güm_naasiumiõpilane	PROPN	2
gümnaasiumine	NOUN	2
ha	CCONJ	2
habras	ADJ	2
haige_kassa	NOUN	2
haigestus	NOUN	2
hakkamine	NOUN	2
hallim	ADJ	2
halloween	NOUN	2
halv	NOUN	2
halvam	ADJ	2
halvas	NOUN	2
halve	NOUN	2
halveim	ADJ	2
halvenemine	NOUN	2
hamster	NOUN	2
hari=tud	ADJ	2
haridus_amet	NOUN	2
haridus_programm	NOUN	2
haritum	ADJ	2
harjatus	NOUN	2
haud	NOUN	2
hea_palgaline	ADJ	2
hea_soovlik	ADJ	2
heaks	ADJ	2
heaks_kiit	NOUN	2
heal_juht	NOUN	2
hei,klassi_kaaslane	NOUN	2
hei,sõber	NOUN	2
hej	INTJ	2
helge	ADJ	2
heli_kopter	NOUN	2
heli_laine	NOUN	2
heli_looming	NOUN	2
helide_mäng	NOUN	2
helif	NOUN	2
helista	NOUN	2
helista	VERB	2
helistama	NOUN	2
helistik	NOUN	2
helitama	VERB	2
hellistama	VERB	2
hiiglaslikult	ADV	2
hiilgus	NOUN	2
hiilimine	NOUN	2
hilgema	VERB	2
hili_sõhtun	NOUN	2
hilima	VERB	2
hilis_õhtu	NOUN	2
hiljem	ADJ	2
hiljutine	ADJ	2
hinde	NOUN	2
hinge_matvalt	ADV	2
hinge_rahu	NOUN	2
hinge_tõmme	NOUN	2
hingelähedase=m	ADJ	2
hinnd	NOUN	2
hip-hopi	NOUN	2
hiphop	NOUN	2
hipi_liikumine	NOUN	2
hirmuma	VERB	2
hivitav	ADJ	2
hoiak	NOUN	2
hoidja	NOUN	2
hoidlikult	ADV	2
hoija	NOUN	2
hoiu_paik	NOUN	2
hojama	VERB	2
home	ADJ	2
hommiku_kursus	NOUN	2
hommikul.spordip	NOUN	2
hool	VERB	2
hooligem	VERB	2
hoolimatu	ADJ	2
hoolitama	VERB	2
hoolitsus	NOUN	2
hoolitus	NOUN	2
hoor	NOUN	2
hormoon	NOUN	2
house	NOUN	2
hubaselt	ADV	2
hubasem	ADJ	2
hukkama	VERB	2
hukkuma	VERB	2
humanitaa_raine	NOUN	2
humoorikas	ADJ	2
huul	NOUN	2
huuvi_ring	NOUN	2
huvilane	NOUN	2
huviringis._muli	NOUN	2
huviringis.ma	NOUN	2
huvita	ADJ	2
huvita=tud	VERB	2
huvitad	ADJ	2
huvitas	ADJ	2
huvitatav	ADJ	2
huvitav	VERB	2
huvutav	ADJ	2
häbelik	ADJ	2
häda_olu_kord	NOUN	2
hädaldama	VERB	2
hädasti	ADV	2
häiriv	ADJ	2
häkkima	VERB	2
hälli_laul	NOUN	2
hämming	NOUN	2
härra/_proua	NOUN	2
hääldamine	NOUN	2
hõlbsasti	ADV	2
hõlpsa=mini	ADV	2
hüba	NOUN	2
hüdro_elektri_jaam	NOUN	2
hüljama	VERB	2
hüpa_me,jook	VERB	2
hüpas	NOUN	2
hüpatama	VERB	2
hüpe_nöör	NOUN	2
hüppa=mine	NOUN	2
hüppima	VERB	2
hüve	NOUN	2
hüvitav	ADJ	2
hüüdma	VERB	2
i	ADV	2
ida_plokk	NOUN	2
ideaalse=m	ADJ	2
identne	ADJ	2
idülliline	ADJ	2
ie	AUX	2
iga_kohas	ADV	2
iga_tepidi	ADV	2
igaastane	ADJ	2
igal_poolt	ADV	2
igane	DET	2
igapäevasee=lus	NOUN	2
ignoreerimine	NOUN	2
illustreerima	VERB	2
ilm	ADJ	2
ilm_selge	ADJ	2
ilm_tingimata	ADV	2
ilme	NOUN	2
ilmne	ADJ	2
ilmumine	NOUN	2
ilu_kirjandus	NOUN	2
ilune	ADJ	2
ilus	NOUN	2
ime_kaun	ADJ	2
ime_pisike	ADJ	2
imelisem	ADJ	2
imema	VERB	2
imestu=nud	ADJ	2
imestus	NOUN	2
imetaja	NOUN	2
imetlus	NOUN	2
impeerium	NOUN	2
improviseerima	VERB	2
indiviidum	NOUN	2
inemes	NOUN	2
inetu	ADJ	2
infi_nitiv	NOUN	2
info_leht	NOUN	2
info_punkt	NOUN	2
info_tehnoloog	NOUN	2
infoallikas	NOUN	2
informatsiion	NOUN	2
ingeneer	NOUN	2
inglis_maalane	NOUN	2
inglist	ADJ	2
inim_loomus	NOUN	2
inim_organism	NOUN	2
inimes	NOUN	2
inimeste_vaheline	ADJ	2
inimm_õõtmed	NOUN	2
inimmõõtmeti	NOUN	2
ininimene	NOUN	2
inkvisiitor	NOUN	2
innovatiivne	ADJ	2
inseneeria	NOUN	2
inspireeri=v	ADJ	2
inspireeri=vam	ADJ	2
inspireeriv	ADJ	2
instagram	NOUN	2
instagramis	NOUN	2
instituut	NOUN	2
inte_raktiivne	ADJ	2
integratsioon	NOUN	2
intellektuaalne	ADJ	2
intelligentse=m	ADJ	2
intelligentsem	ADJ	2
intelligentsus	NOUN	2
intensiiv_kursus	NOUN	2
interaktiivne	ADJ	2
intereesne	ADJ	2
interjeer	NOUN	2
internet_iajast	NOUN	2
interneti_ajastul	NOUN	2
interneti_allikas	NOUN	2
interneti_avarus	NOUN	2
interneti_leht	NOUN	2
interneti_põhine	ADJ	2
internettis	NOUN	2
intervju	NOUN	2
intervuer	NOUN	2
invisteerima	VERB	2
is	PRON	2
isade_päev	NOUN	2
ise_eneke	PRON	2
ise_lomu_joon	NOUN	2
ise_moodi	ADV	2
ise_seisvald	ADV	2
ise_seisvam	ADJ	2
ise_seisvuspäev	NOUN	2
ise_teenindus	NOUN	2
ise_tegevus	NOUN	2
ise_äranis	ADV	2
iseent	PRON	2
iseloom_ujoonistus	NOUN	2
isiku_pära	NOUN	2
isne	PRON	2
isoleerima	VERB	2
istofeet	NOUN	2
it	NOUN	2
it-eri_ala	NOUN	2
j	ADV	2
j.m	ADV	2
j.n	ADV	2
j.t	ADV	2
jaalutama	VERB	2
jaani_päev	PROPN	2
jaani_õhtu	NOUN	2
jada	NOUN	2
jaks	NOUN	2
jal_pal	NOUN	2
jala_nõud	NOUN	2
jalg_paal	NOUN	2
jalg_palli_välj	NOUN	2
jalg_pallivä_ljak	NOUN	2
jalga_püks	NOUN	2
jalgall	NOUN	2
jalgp_allim_ängimine	NOUN	2
jalgpall.kaasa	NOUN	2
jalgpall.sa	NOUN	2
jalgpalli,korvpalli,võrk_pall	NOUN	2
jalgpalli,mängima	NOUN	2
jalgpalli,võrkpalli,korv_pall	NOUN	2
jaluta_ma,ne	NOUN	2
jalutame,mängima	VERB	2
jaotuma	VERB	2
jargi	ADP	2
jarmine	ADJ	2
jmt	ADV	2
jnd	ADV	2
joks	NOUN	2
jooga_õpetaja	NOUN	2
jooksi_seme	VERB	2
jooksime,hüpama	VERB	2
jooksuma	VERB	2
jooksumine	NOUN	2
jooma	NOUN	2
joonista=mine	NOUN	2
joonistama	PROPN	2
joonustama	VERB	2
joooks	NOUN	2
joovastus	NOUN	2
jou	ADV	2
joudma	VERB	2
jpt	ADV	2
js	CCONJ	2
jsa	ADV	2
jubedam	ADJ	2
juga	NOUN	2
juh	NOUN	2
juhatamine	NOUN	2
juhendamine	NOUN	2
juhiloa	NOUN	2
juht	VERB	2
juhtama	VERB	2
juhtkond	NOUN	2
juhtuma	AUX	2
juhtuma	NOUN	2
juhtumine	NOUN	2
julge	NOUN	2
julgemini	ADV	2
julgustama	VERB	2
jup.edu.ee	NOUN	2
jutusta_da,e	NOUN	2
jutustaja	NOUN	2
jutustamine	NOUN	2
juuba	NOUN	2
juubel	NOUN	2
juubeli_aasta	NOUN	2
juugama	VERB	2
juurde.me	NOUN	2
juurde_pääs	NOUN	2
juurdes	ADP	2
juustu_burger	NOUN	2
juustus	NOUN	2
jäe=tud	ADJ	2
jäetama	VERB	2
jäitma	VERB	2
jälestama	VERB	2
jälg_ratas	NOUN	2
järel_pärimine	NOUN	2
järele_pärimine	ADJ	2
järelt	ADP	2
järje_kordne	ADJ	2
järje_pidevus	NOUN	2
järmine	ADJ	2
järv	ADV	2
järvel	ADP	2
jätama	VERB	2
jätk	NOUN	2
jättma	VERB	2
jää_aeg	NOUN	2
jää_hokk	NOUN	2
jäädvustamine	NOUN	2
jäänes	NOUN	2
jäär	NOUN	2
jäätise_kokte	NOUN	2
jäätkama	VERB	2
jääv	ADJ	2
jóu_harjutus	NOUN	2
jõel	ADP	2
jõel	NOUN	2
jõhv	PROPN	2
jõu_pingutus	NOUN	2
jõuama	VERB	2
jõud	VERB	2
jõul	ADP	2
jõulu_laud	NOUN	2
jõuma	VERB	2
jöudma	VERB	2
jüüdma	VERB	2
kaalumine	NOUN	2
kaamer	NOUN	2
kaas	ADV	2
kaas_kodanik	NOUN	2
kaas_tunne	NOUN	2
kaasa_elamine	NOUN	2
kaasõ_pilane	NOUN	2
kade	NOUN	2
kadri_oru	NOUN	2
kadunud	ADJ	2
kaeb_aeg	NOUN	2
kaeba=ja	NOUN	2
kaema	VERB	2
kaepama	VERB	2
kahe_kohaline	ADJ	2
kahe_korruline	ADJ	2
kahe_korruseline	ADJ	2
kahe_kümneviies	ADJ	2
kahe_nädalane	ADJ	2
kahe_palgeline	ADJ	2
kahe_toaline	ADJ	2
kaheksa	ADJ	2
kaheksateistkümnenda=l	ADJ	2
kahekümmne	NUM	2
kahes_aeg	NUM	2
kahet_eistk_ümnes	ADJ	2
kaheteiskümnes	ADJ	2
kaheteistküme	NUM	2
kahju=likum	ADJ	2
kahjulikult	ADV	2
kahjustus	NOUN	2
kahvel	ADV	2
kaisma	VERB	2
kaituma	VERB	2
kakeltama	VERB	2
kaklus	NOUN	2
kaks._kava	NOUN	2
kaks.me	PROPN	2
kala_mees	NOUN	2
kala_muuseum	NOUN	2
kala_supp	NOUN	2
kali	ADJ	2
kali	NOUN	2
kallama	VERB	2
kalli-kalli	NOUN	2
kalllis	ADJ	2
kalls	ADJ	2
kalor	NOUN	2
kamp	NOUN	2
kamps	NOUN	2
kana_nahk	NOUN	2
kanaal	NOUN	2
kanatama	VERB	2
kandis	ADV	2
kangem	ADJ	2
kannelt	NOUN	2
kaotma	VERB	2
kapital	NOUN	2
kaputsi	NOUN	2
kara_oke	NOUN	2
karaook	NOUN	2
karastus_joog	NOUN	2
kargamine	NOUN	2
karja_maa	NOUN	2
karjaar	NOUN	2
karjama	VERB	2
karju	NOUN	2
karjutama	VERB	2
karjääri_õpetaja	NOUN	2
karl	NOUN	2
karl-erik	PROPN	2
karmim	ADJ	2
kartoon	NOUN	2
kartuli_salat	NOUN	2
kartulik_rõps	NOUN	2
kartus	NOUN	2
karusel	NOUN	2
kasa	ADV	2
kasa_aegne	ADJ	2
kass	PROPN	2
kassa	ADV	2
kasset	NOUN	2
kassi_kaaslane	NOUN	2
kassi_kohvik	NOUN	2
kassi_poeg	NOUN	2
kaste	NOUN	2
kaste_kann	NOUN	2
kasvatand	NOUN	2
kasvu_iga	NOUN	2
kasvus	NOUN	2
katkestus	NOUN	2
katsema	VERB	2
katsetus	NOUN	2
kauam	ADJ	2
kauba_vahetus	NOUN	2
kaugus_hüpe	PROPN	2
kaugus_hüppe	NOUN	2
kaugus_hüpt	NOUN	2
kaunistus	NOUN	2
kauss	NOUN	2
kautama	VERB	2
kava	VERB	2
ke	PRON	2
keegel	NOUN	2
keegile	PRON	2
keelatud	ADJ	2
keele_lagr	NOUN	2
keele_sokk	NOUN	2
keele_teadus	NOUN	2
keele_õpp	NOUN	2
keelkond	NOUN	2
keeln	NOUN	2
keelte_laager	NOUN	2
keerukus	NOUN	2
keerulisus	NOUN	2
keeruma	VERB	2
keestama	VERB	2
keha_hoiak	NOUN	2
keha_kaal	NOUN	2
kela	NOUN	2
keld	NOUN	2
kelder	NOUN	2
kell10:	NUM	2
kells	PRON	2
kenav	ADJ	2
kepp	NOUN	2
kergus	NOUN	2
kes	PROPN	2
kesk_kool	PROPN	2
kesk_linnane	NOUN	2
keskendumis_võime	NOUN	2
keskenduv	ADJ	2
keskkonna_probleem	NOUN	2
kest	NOUN	2
kestev	ADJ	2
ketsima	NOUN	2
ketta_heid	NOUN	2
keva_dekonserd	NOUN	2
kevad_konsert.konsert	NOUN	2
kevade	NOUN	2
kevade_konsert	NOUN	2
kevade_konsert	PROPN	2
kevadekonserdile.konsert	NOUN	2
kevadkon_sert	NOUN	2
kevadkonserdile.konsert	NOUN	2
kevadkontserdile.kontsert	NOUN	2
kevap_idu	NOUN	2
kg	NOUN	2
kihelkond	NOUN	2
kii	ADV	2
kii_rabi	NOUN	2
kiid	NOUN	2
kiikama	VERB	2
kiikuma	VERB	2
kiir	NOUN	2
kiir_jooksus	NOUN	2
kiir_tee	NOUN	2
kiir_uudis	NOUN	2
kiir_vastus	NOUN	2
kiira_biauto	NOUN	2
kiire	NOUN	2
kiirema	VERB	2
kiiru_udis	NOUN	2
kiis	NOUN	2
kiitmine	NOUN	2
kijutama	VERB	2
kilo_gramm	NOUN	2
kilo_metr	NOUN	2
kilometer	NOUN	2
kind	ADJ	2
kindama	VERB	2
kindasti	ADV	2
kindla=mini	ADV	2
kindlamalt	ADV	2
kindlati	ADV	2
kindlus	ADJ	2
kindlustatud	ADJ	2
kindlustus	NOUN	2
kingitama	VERB	2
kini	ADV	2
kinke_kaart	NOUN	2
kinnis_vara	NOUN	2
kinnistama	VERB	2
kinnitus	NOUN	2
kinni“	ADV	2
kino	VERB	2
kino_saal	NOUN	2
kinoaj_alug	NOUN	2
kinral	NOUN	2
kipuma	VERB	2
kire	NOUN	2
kireldama	VERB	2
kirge	NOUN	2
kirill	NOUN	2
kirja.ootama	NOUN	2
kirja_oskus	NOUN	2
kirja_sõber	NOUN	2
kirja_sõbr	NOUN	2
kirja_tee	NOUN	2
kirja_vahetus	NOUN	2
kirjalikult	ADV	2
kirje	NOUN	2
kirjendama	VERB	2
kirjudama	VERB	2
kirjutama	NOUN	2
kirjutma	VERB	2
kirjutus_laud	NOUN	2
kirss	NOUN	2
kiru	NOUN	2
kiruma	VERB	2
kirustama	VERB	2
kisama	VERB	2
kiskuma	VERB	2
kitu	NOUN	2
kituja	NOUN	2
kivi_kirves	NOUN	2
kjrv_pall	NOUN	2
kla_hvpill	NOUN	2
kla_sikaslane	NOUN	2
klaa_sikaslane	NOUN	2
klaasi_juhataja	NOUN	2
klappima	VERB	2
klas_sid,	NOUN	2
klasiik	NOUN	2
klass,ja	NOUN	2
klass,n	NOUN	2
klass_kaaslane	NOUN	2
klassi.spordip	NOUN	2
klassi=line	ADJ	2
klassi_juhendaja	NOUN	2
klassi_tund	NOUN	2
klassi_töö	NOUN	2
klassid,_kell	NOUN	2
klassidevaheline	ADJ	2
klassigae_kskursioon	NOUN	2
klassijuhataja.spordip	NOUN	2
klassika_aslas	NOUN	2
klassikaa_slene	NOUN	2
klassikaastlane	NOUN	2
klaver_ikontsert	NOUN	2
klaveri_mäng	NOUN	2
klaveri_pala	NOUN	2
klaviatuur	NOUN	2
kleebima	VERB	2
kleepima	VERB	2
kleppima	VERB	2
kliendi	NOUN	2
kliendite_enindaja	NOUN	2
kliima_soojenemis	NOUN	2
kliimak_riis	NOUN	2
kliimas_oojenemine	NOUN	2
klik	NOUN	2
klipp	NOUN	2
klouni_seen	NOUN	2
kntsert	NOUN	2
kodakonsus	NOUN	2
kodakont=sus	NOUN	2
kodakontsus	NOUN	2
kodu	ADJ	2
kodu_küla	NOUN	2
kodu_paik	NOUN	2
kodundus	NOUN	2
kodunt	ADV	2
kodus.minu	NOUN	2
kodusem	ADJ	2
kogema	ADJ	2
kogemine	NOUN	2
kogenud	ADJ	2
kogetu	ADJ	2
kogu=nud	ADJ	2
kogu=tud	ADJ	2
kogu_päev	NOUN	2
kogum	NOUN	2
kogumus	NOUN	2
koha_pealt	ADV	2
kohake	NOUN	2
kohal	NOUN	2
kohalik	NOUN	2
kohaline	ADJ	2
kohastuma	VERB	2
kohatu	ADJ	2
kohe..	ADV	2
kohelema	VERB	2
kohev	ADJ	2
kohisema	VERB	2
koht	PROPN	2
kohta	ADV	2
kohtlemine	NOUN	2
kohtumene	NOUN	2
kohtutama	VERB	2
kohuke	ADJ	2
kohver	NOUN	2
kohvikus.pit	NOUN	2
koira	NOUN	2
kojdu	NOUN	2
kokka	NOUN	2
kokkandus	NOUN	2
kokku_hoidv=a	ADJ	2
kokku_kuuluvus	NOUN	2
kokku_puutumine	NOUN	2
kokku_põrge	NOUN	2
kokku_vote	NOUN	2
kokkulepima	VERB	2
koktell	NOUN	2
kolane	ADJ	2
kold	NOUN	2
kolis	ADJ	2
kolitus	NOUN	2
kolivahe_aeg	NOUN	2
kolk	NOUN	2
koll	ADJ	2
kolledž	NOUN	2
kolleg	NOUN	2
kollektiv	NOUN	2
kolm-neli	NUM	2
kolm.ekskursioon	NOUN	2
kolm.konsert	NOUN	2
kolm_kümend	NUM	2
kolmandik	NUM	2
kolmas	ADV	2
kolmas_päev	NOUN	2
kolme_aastane	ADJ	2
kolme_teist_kümneni	NUM	2
kolosaalne	ADJ	2
kombel	ADP	2
kombinatsioon	NOUN	2
komedia	NOUN	2
komi	NOUN	2
kompromisi	NOUN	2
kond	NOUN	2
konfiskeerima	VERB	2
konfliikt	NOUN	2
konfliktne	ADJ	2
konkreetsus	NOUN	2
konkretselt	ADV	2
konkur	NOUN	2
konkurentsi_võimeline	ADJ	2
konsensus	NOUN	2
konserdi_maja	NOUN	2
konserdile.konsert	NOUN	2
konsert.see	ADJ	2
konservatiivsem	ADJ	2
konset	NOUN	2
konstruktivne	ADJ	2
kontakti_andme	NOUN	2
kontert	NOUN	2
kontrolleerima	VERB	2
kontrolli_töö	NOUN	2
kontsentratsioon	NOUN	2
kontserti_saal	PROPN	2
kontsrt	NOUN	2
koo_lis,esmas_päev	NOUN	2
koodus	NOUN	2
kookaja	NOUN	2
kool	PROPN	2
kool.	NOUN	2
kool.me	NOUN	2
kool.s_pordip	NOUN	2
kooli-uudis	NOUN	2
kooli_arst	NOUN	2
kooli_form	NOUN	2
kooli_hoone	NOUN	2
kooli_hoov	NOUN	2
kooli_kursus	NOUN	2
kooli_lõpp	NOUN	2
kooli_pink	NOUN	2
kooli_s,a	NOUN	2
kooli_sait	NOUN	2
kooli_tulemus	NOUN	2
kooli_töi	NOUN	2
kooli_töötaja	NOUN	2
kooli_uks	NOUN	2
kooliajaleht@gmail.com	NOUN	2
kooliea	NOUN	2
koolik_aslas	NOUN	2
koolimine	NOUN	2
koolis,_kell	NOUN	2
koolis._meil	NOUN	2
koolis._sell	NOUN	2
koolis.aga	NOUN	2
koolis.seal	NOUN	2
koolispordi_saal	NOUN	2
koolistaadium	NOUN	2
koolistress	NOUN	2
koolitatud	ADJ	2
kooliü_mbrus	NOUN	2
koondama	VERB	2
koonduma	VERB	2
koopa_inimene	NOUN	2
koopia_masin	NOUN	2
koorem	NOUN	2
koori_poiss	NOUN	2
kooristamine	NOUN	2
koos_olemine	NOUN	2
koosma	VERB	2
koosnev	ADJ	2
koostis_osa	NOUN	2
koostja	NOUN	2
koosv_eedetud	ADJ	2
kopeerima	VERB	2
kops	NOUN	2
kordus	NOUN	2
korilane	NOUN	2
koristatu	ADJ	2
koristus	NOUN	2
korjam	NOUN	2
korjatama	VERB	2
korjatud	ADJ	2
koron	NOUN	2
koronaviirus	NOUN	2
korr	NOUN	2
korra_lagedus	NOUN	2
korralda=tud	VERB	2
korraldav	ADJ	2
korraldus_komi_tee	NOUN	2
korraldus_komitees	NOUN	2
korraldus_kommitee	NOUN	2
korraldusk_omiteetis	NOUN	2
korraldusko_mite	NOUN	2
korraldusko_mitee	NOUN	2
korralduskomiteet	NOUN	2
korrektsem	ADJ	2
korruseline	ADJ	2
korus	NOUN	2
koruss	NOUN	2
korv	ADJ	2
korv_pallur	NOUN	2
korvpalli,võ_rkpall	NOUN	2
korvpallimängi=mine	NOUN	2
kose	NOUN	2
kosmo_naut	NOUN	2
kosmose_rakett	NOUN	2
kostuv	ADJ	2
kotti_jook	NOUN	2
kovik	NOUN	2
kovpall	NOUN	2
kraan	NOUN	2
kreatiivsus	NOUN	2
krediit	NOUN	2
kreem	NOUN	2
krevett	NOUN	2
kriitik	NOUN	2
kriitili=sus	NOUN	2
kriminaal	NOUN	2
kritiseeri=v	ADJ	2
kritiseerija	NOUN	2
krooniline	ADJ	2
kruiis	NOUN	2
krusus	NOUN	2
kruus	NOUN	2
kuas	ADV	2
kudsuma	VERB	2
kugu	NOUN	2
kuhi	ADV	2
kuhi	NOUN	2
kuidki	SCONJ	2
kuigu	SCONJ	2
kuivatama	VERB	2
kujus	NOUN	2
kujutlus_võime	NOUN	2
kulama	VERB	2
kulamine	NOUN	2
kulatama	VERB	2
kuld	ADJ	2
kulema	VERB	2
kulgama	VERB	2
kulgur	NOUN	2
kuller	NOUN	2
kulli_vise	NOUN	2
kulm	ADJ	2
kulsas	ADJ	2
kulturi_maja	NOUN	2
kultuuri_maja	NOUN	2
kultuuri_sündmus	NOUN	2
kulukam	ADJ	2
kulukas	ADJ	2
kuluta=tud	ADJ	2
kumb	DET	2
kumiir	NOUN	2
kumma	PRON	2
kumn	NUM	2
kumu	NOUN	2
kunas	ADV	2
kuni-kell	NOUN	2
kuning_riik	NOUN	2
kunsti_akadeemia	NOUN	2
kunsti_film	NOUN	2
kunstidekool	NOUN	2
kunstihu_viring	NOUN	2
kurg	NOUN	2
kuristik	NOUN	2
kuritarvima	VERB	2
kurjem	ADJ	2
kurt	NOUN	2
kuru	NOUN	2
kurva_meelne	ADJ	2
kusgil	ADV	2
kustsuma	VERB	2
kustuma	VERB	2
kustumatu	ADJ	2
kustutamine	NOUN	2
kuts	VERB	2
kutsama	VERB	2
kutse	PROPN	2
kutse_kiri	NOUN	2
kutseha_ridu_skoo	NOUN	2
kutsikas	NOUN	2
kutsma	VERB	2
kutsuma	NOUN	2
kutsutuma	VERB	2
kutuma	VERB	2
kuu_skend	NUM	2
kuue_aastane“	ADJ	2
kuue_kümnel	ADJ	2
kuuekümmne	ADJ	2
kuuendik	NUM	2
kuuene	ADJ	2
kuueteistkümnes	ADJ	2
kuul=nud	ADJ	2
kuulamisü_les_ande	NOUN	2
kuulduma	VERB	2
kuuli_tõuge	NOUN	2
kuulmisp_robleem	NOUN	2
kuulsa=v	ADJ	2
kuulsu	NOUN	2
kuultur	NOUN	2
kuumim	ADJ	2
kuunsti_kool	NOUN	2
kuus.kontsert	NOUN	2
kuus_sada	NUM	2
kuuse_mets	NOUN	2
kuuse_puu	NOUN	2
kvalifikatsioon	NOUN	2
kähku	ADV	2
käik	ADP	2
käima	ADJ	2
käima	PROPN	2
käime,mängima	VERB	2
käis	NOUN	2
käisma	VERB	2
käiä	VERB	2
käma	VERB	2
käpp	NOUN	2
kärbne	NOUN	2
kärgmine	ADJ	2
käs	NOUN	2
käsi	VERB	2
kästma	VERB	2
kätte_saamatu	ADJ	2
kättesaa=davam	ADJ	2
käänamine	NOUN	2
käänds	NOUN	2
kääns	NOUN	2
kóige	ADV	2
kõid	DET	2
kõie_vedu	NOUN	2
kõige	ADJ	2
kõige_aeg	NOUN	2
kõigi	PRON	2
kõigk	DET	2
kõik_võimalik	ADJ	2
kõik_võimas	ADJ	2
kõk	NOUN	2
kõlg	NOUN	2
kõndiv	ADJ	2
kõnelemine	NOUN	2
kõrg_hüpe	NOUN	2
kõrg_tase	NOUN	2
kõrge	ADV	2
kõrgele	ADV	2
kõrgtehnoloogiline	ADJ	2
kõrv_aklap	NOUN	2
kõrva_põletik	NOUN	2
kõrva_valu	NOUN	2
kõrvak_lapi	NOUN	2
kõvem	ADJ	2
kökk	NOUN	2
köögi_masin	NOUN	2
kübeke	NOUN	2
külge	NOUN	2
küljes	ADP	2
küllaline	ADJ	2
küllas	NOUN	2
külm	NOUN	2
külm_kapi	NOUN	2
külmem	ADJ	2
külmetuma	VERB	2
külvama	VERB	2
kümnen_dalmail	NOUN	2
künk	NOUN	2
künkas	NOUN	2
küpsema	VERB	2
küpses	NOUN	2
küpss	NOUN	2
küsimusi,siis	NOUN	2
küsisima	VERB	2
kütt	NOUN	2
küünla_valg	NOUN	2
küüs	NOUN	2
küüsis	NOUN	2
laagri_kaik	NOUN	2
laak	NOUN	2
laan	NOUN	2
laaser_mäng	NOUN	2
laastama	VERB	2
labi	ADV	2
laboratoorium	NOUN	2
laduma	VERB	2
laekma	VERB	2
laenema	VERB	2
laev	VERB	2
laeva_sõit	NOUN	2
lahe	NOUN	2
lahedal	ADV	2
lahedama	VERB	2
lahendama	ADJ	2
lahendamata	ADJ	2
lahenduma	VERB	2
lahendumine	NOUN	2
lahetama	VERB	2
lahima	VERB	2
lahknema	VERB	2
lahkus	NOUN	2
laht	ADJ	2
laht	VERB	2
laiemalt	ADV	2
laik	ADJ	2
laisk_vorst	NOUN	2
laiskama	VERB	2
lammutama	VERB	2
langetamine	NOUN	2
laps	PROPN	2
lapse_pile	NOUN	2
lapse_väljak	NOUN	2
las	NOUN	2
lasma	VERB	2
laste_aaee	NOUN	2
laste_laager	NOUN	2
laste_las	NOUN	2
laste_vanem	NOUN	2
lasteai_aealine	ADJ	2
lasteea	NOUN	2
lau_päeviti	ADV	2
laua	NOUN	2
laua_telefon	NOUN	2
laud	ADJ	2
laud	VERB	2
laul_päev	NOUN	2
laula_pidu	NOUN	2
laula_päev	NOUN	2
laula_väljak	NOUN	2
lauldav	ADJ	2
lauljanna	NOUN	2
lauljatar	NOUN	2
laulu_oskus	NOUN	2
laulu_peol	NOUN	2
laulu_pidu	PROPN	2
laulu_rahvas	NOUN	2
laulu_stuudio	NOUN	2
laulu_tunn	NOUN	2
laulu_tunne	NOUN	2
laulu_viis	NOUN	2
laulu_väljakus	NOUN	2
lauma	VERB	2
laumäng	NOUN	2
laura.tamm@gmail.com	SYM	2
laura@gmail.com	NOUN	2
laura@gmail.com	SYM	2
lauratamm@gmail.com	SYM	2
laus	NOUN	2
lausuma	VERB	2
lauäev	NOUN	2
le	PROPN	2
lebama	VERB	2
leedu	ADJ	2
lehitsema	VERB	2
leiama	VERB	2
leib	VERB	2
lemik	NOUN	2
lemmi_kartist	NOUN	2
lemmi_klaulja	NOUN	2
lemmik_film	NOUN	2
lemmik_keel	NOUN	2
lemmik_koht	NOUN	2
lemmik_mäng	NOUN	2
lemmik_tunn	NOUN	2
lemmikm_uusik	NOUN	2
lemmikõppeaine	ADJ	2
lemonaad	NOUN	2
lendur	NOUN	2
lenn	NOUN	2
lennu_akadeemia	PROPN	2
lennu_akadeemiane	PROPN	2
lennu_firma	NOUN	2
lennu_jaam	PROPN	2
lennu_kipiloo	NOUN	2
lennu_kipilood	NOUN	2
lennuk_ipilood	PROPN	2
lennuki_mudel	NOUN	2
lennuki_pilootil	NOUN	2
lennuki_pilot	NOUN	2
lennukim_uusiumi	NOUN	2
lennure	NOUN	2
lennus	NOUN	2
lepatriin	NOUN	2
leping	NOUN	2
leppema	VERB	2
lg	NOUN	2
libahunt	NOUN	2
liberaalsem	ADJ	2
liga	NOUN	2
liha_võte	NOUN	2
lihas	NOUN	2
liht_minevik	NOUN	2
lihtustama	VERB	2
liigelda	VERB	2
liigi_rikas	ADJ	2
liiklus_mäng	NOUN	2
liikumis_puue	NOUN	2
liikumis_vahend	NOUN	2
liiter	NOUN	2
liitumine	NOUN	2
liiva_rand	NOUN	2
lill	ADJ	2
lilla	NOUN	2
limon	NOUN	2
limonadi	NOUN	2
ling	NOUN	2
linlane	NOUN	2
linnA	PROPN	2
linna_elanik	NOUN	2
linna_hall	NOUN	2
linna_laager	NOUN	2
linna_park	NOUN	2
lipu_heiskamine	NOUN	2
lipu_päev	NOUN	2
lisa_küsimus	NOUN	2
lisa_punkt	NOUN	2
lisa_raha	NOUN	2
lisa_tasu	NOUN	2
lisa_tunne	NOUN	2
lisama	NOUN	2
liug	NOUN	2
lma	PRON	2
lobus	ADJ	2
lodune	NOUN	2
loendamine	NOUN	2
loengus	NOUN	2
loetav	ADJ	2
logaritm	NOUN	2
logelema	VERB	2
logistik	NOUN	2
logo	NOUN	2
lojaalsus	NOUN	2
loma	NOUN	2
loma_aed	NOUN	2
loma_aeg	NOUN	2
lomaaia	NOUN	2
loo=v	ADJ	2
lood_uskatastroof	NOUN	2
loode=tav	ADJ	2
loodus_ande	NOUN	2
loodus_emuuseum	NOUN	2
loodus_kaitse_ala	NOUN	2
loodus_mees	NOUN	2
loodus_muuseum	NOUN	2
loodus_vara	NOUN	2
loodusm_uuseum	NOUN	2
loom_aaik	NOUN	2
looma	NOUN	2
looma_aed	PROPN	2
looma_aida	NOUN	2
looma_liik	NOUN	2
loomaaiane	NOUN	2
loomaaja	NOUN	2
loomu_pärane	ADJ	2
lootama	VERB	2
loov	NOUN	2
loovam	ADJ	2
loterii	NOUN	2
loterii_võit	NOUN	2
lotter	NOUN	2
lubadus	NOUN	2
lubama	ADJ	2
lubamine	NOUN	2
lug_upidamine	NOUN	2
lugemis_osa	NOUN	2
lugu_peetmine	NOUN	2
lugu_pidama	VERB	2
lugu_pidamene	NOUN	2
lukku	ADV	2
lume_emm	NOUN	2
lume_sõdu	NOUN	2
lusikas	NOUN	2
lustiline	ADJ	2
luugema	VERB	2
luuletaja	NOUN	2
luuletama	VERB	2
luusika	NOUN	2
läbi_elamine	NOUN	2
läbi_murded	NOUN	2
läbi_pääs	NOUN	2
läbi_viia	NOUN	2
läbinisti	ADV	2
läbinud	ADJ	2
läbitus	ADJ	2
lägema	VERB	2
lähikond	NOUN	2
läikiv	ADJ	2
lääne_kultuur	NOUN	2
lääs	NOUN	2
lõbuma	ADJ	2
lõbuma	VERB	2
lõbune	ADJ	2
lõbus	NOUN	2
lõbusa=v	ADJ	2
lõbusa_park	NOUN	2
lõbuse_park	NOUN	2
lõbustus_pargis	NOUN	2
lõhe	NOUN	2
lõou	NOUN	2
lõpetam	NOUN	2
lõpetanud	ADJ	2
lõpetu	VERB	2
lõpmatult	ADV	2
lõpmatus	NOUN	2
lõpp_klass	NOUN	2
lõppemine	NOUN	2
lõppude_lõpt	NOUN	2
lõpu_aktus	NOUN	2
lõpu_peol	NOUN	2
lõpumine	NOUN	2
lõugamis	NOUN	2
lõukama	VERB	2
lõuna_söög	NOUN	2
lösutama	VERB	2
lööv	ADJ	2
lühedam	ADJ	2
lühi_ajaline	ADJ	2
lüli	NOUN	2
lülitamine	NOUN	2
lülituma	VERB	2
lütseum	NOUN	2
m.maasikas@gmail.com	SYM	2
maa-ala	NOUN	2
maa_ilma_lõpp	NOUN	2
maa_ilma_meister	NOUN	2
maa_ilma_tase	NOUN	2
maa_ilmas_õjds	NOUN	2
maa_pind	NOUN	2
maa_rahvas	NOUN	2
maa_vara	NOUN	2
maadlema	VERB	2
maad“	NOUN	2
maai	NOUN	2
maai_lmav	NOUN	2
maailm	NOUN	2
maailma_vaade	NOUN	2
maailmavaa_tei	NOUN	2
maakonna_keskus	NOUN	2
maali=mine	NOUN	2
maandaja	NOUN	2
maardus	NOUN	2
madu	NOUN	2
maga	NOUN	2
magamis_koht	NOUN	2
mahl	ADJ	2
mahtuvus	NOUN	2
mahutama	VERB	2
mai_kuu	NOUN	2
maie	NOUN	2
maine	ADJ	2
mainitu	NOUN	2
mais_maa	NOUN	2
maitse	ADJ	2
maitse=v	ADJ	2
maitseline	NOUN	2
maitsvalt	ADV	2
maj	NOUN	2
majal	ADP	2
majandus_kool	NOUN	2
majandus_tase	NOUN	2
majatus	NOUN	2
majonees	NOUN	2
majutama	VERB	2
majutuma	VERB	2
make	NOUN	2
maks=tud	ADJ	2
maksema	VERB	2
maksimaalne	ADJ	2
maksma	NOUN	2
malemaatika	NOUN	2
mallu	ADV	2
manna_putr	NOUN	2
manner	NOUN	2
mantel	NOUN	2
marafon	NOUN	2
mari.maasikas@gmail.com	NOUN	2
mari@hot.ee	NOUN	2
marim@gmail.com	NOUN	2
marimaasikas@gmail.com	ADJ	2
marimba	NOUN	2
marimets@mail.ee	NOUN	2
maritamm@gmail.com	NOUN	2
mark	NOUN	2
mart@_hot.ee	NOUN	2
mart@ahtmepk.edu.ee	SYM	2
martmaasikas@gmail.com	SYM	2
martmets@mail.ee	NOUN	2
masendav	ADJ	2
massi_tootmine	NOUN	2
massiivselt	ADV	2
mastaap	NOUN	2
master	NOUN	2
masterk_lass	NOUN	2
matama	VERB	2
matemaaika	NOUN	2
matemaatika_ring	NOUN	2
matematikas	NOUN	2
materiall	NOUN	2
matka_rada	NOUN	2
matka_radu	NOUN	2
matka_raja	NOUN	2
medetsiin	NOUN	2
meditsiini_maa_ilm	NOUN	2
meditsiini_teadus	NOUN	2
mee_kook	NOUN	2
meedia_vahend	NOUN	2
meeeldima	VERB	2
meel	ADV	2
meelde_tuletus	NOUN	2
meeldema	VERB	2
meeldi	ADJ	2
meeldi	VERB	2
meelduma	VERB	2
meele_lahutaja	NOUN	2
meele_pärase=m	ADJ	2
meeletus	NOUN	2
meelgima	VERB	2
meelims	VERB	2
meelsamini	ADV	2
meeltima	VERB	2
meena	DET	2
meenutus	NOUN	2
meet	NOUN	2
meetrit.auhinna	NOUN	2
megazon	NOUN	2
mehanism	NOUN	2
mehatroonika	NOUN	2
meie_kool	NOUN	2
meiga	PRON	2
meili	ADV	2
meistri_teos	NOUN	2
meistri_võistlus	NOUN	2
mejalutama	VERB	2
meletama	VERB	2
melu	NOUN	2
melähe	VERB	2
menukas	ADJ	2
menuu	NOUN	2
mere_kohin	NOUN	2
mere_rand	NOUN	2
mere_äre	NOUN	2
merekohin	NOUN	2
mesilas_pere	NOUN	2
mest	NOUN	2
metood	NOUN	2
mets_kits	NOUN	2
mets_siga	NOUN	2
metsa_elanik	NOUN	2
metsa_raja	NOUN	2
metsik	ADJ	2
metsnik	NOUN	2
midagi,ne	ADJ	2
midski	PRON	2
midskl	PRON	2
midu	PRON	2
midugi	ADV	2
mie	PRON	2
mihkel_,toomas	PROPN	2
miin	PRON	2
miinus	ADJ	2
mikro_kiip	NOUN	2
mikro_laineah	NOUN	2
miksike.ee	PROPN	2
milal	ADV	2
mile	PRON	2
millesti	PRON	2
million	NUM	2
mills	PRON	2
min	NOUN	2
mina.me	PRON	2
mina_pilt	NOUN	2
mindk	PRON	2
mindlasti	ADV	2
mine	NOUN	2
minema	PRON	2
mineme	VERB	2
mineraal	NOUN	2
mingu	DET	2
minimum	ADV	2
minister	NOUN	2
mint	PRON	2
minu	PRON	2
minu_vanune	ADJ	2
minuaja	NOUN	2
minune	NOUN	2
minus	PRON	2
minuu	PRON	2
mis_moodi	ADV	2
mis_pärast	ADV	2
mitme_võistlus	NOUN	2
mitmekordistuma	VERB	2
mitte-midagi	PRON	2
mitte_ametlikkus	ADJ	2
mitte_tavaline	ADJ	2
mitu_kümmend	NUM	2
mitu_tuha	NUM	2
mlrd	NOUN	2
mmaasikas@gmail.com	SYM	2
mmets@gmail.com	NOUN	2
mobii	NOUN	2
moderne	ADJ	2
moll	NOUN	2
mone	DET	2
monopoolia	NOUN	2
monotoonne	ADJ	2
montaažerima	VERB	2
montaž	NOUN	2
montažeerima	VERB	2
moodul	NOUN	2
moodustamine	NOUN	2
mootor_ratas	NOUN	2
mors	NOUN	2
morss	NOUN	2
motell	NOUN	2
motivatsiooni_puudus	NOUN	2
motiveeri=v	ADJ	2
motiveering	NOUN	2
motor	NOUN	2
mudilas	NOUN	2
muffin	NOUN	2
muina	PRON	2
muina_sjuttus	NOUN	2
muinas_aeg	NOUN	2
muistend	NOUN	2
mull	ADJ	2
mulle	PRON	2
mulle.suur	NOUN	2
mummuline	ADJ	2
murde_iga	NOUN	2
mure_koht	NOUN	2
mure_mõte	NOUN	2
murema	VERB	2
muretult	ADV	2
muritsemine	NOUN	2
murrak	NOUN	2
musika_kool	NOUN	2
musikant	NOUN	2
must-valge	NOUN	2
must_miljon	NUM	2
musta_nahaline	ADJ	2
musta_nahaline	NOUN	2
muster	NOUN	2
mustikas	NOUN	2
muts	NOUN	2
muu_hulgas	ADV	2
muu_rets	NOUN	2
muu_rutse	NOUN	2
muu_sikastiil	NOUN	2
muugama	VERB	2
muunda=tud	ADJ	2
muundama	VERB	2
muur	NOUN	2
muus	NOUN	2
muuseim	NOUN	2
muuseuim	NOUN	2
muuseum._seal	NOUN	2
muuseumi_s.seal	NOUN	2
muuseumis.v=e	NOUN	2
muusi_kaanne	NOUN	2
muusi_kalembus	NOUN	2
muusi_kaõpetus	NOUN	2
muusik_aüritus	NOUN	2
muusika_huviline	ADJ	2
muusika_huviline	NOUN	2
muusika_looja	NOUN	2
muusika_maits	NOUN	2
muusika_palu	NOUN	2
muusika_riist	NOUN	2
muusika_ring	NOUN	2
muusika_rütm	NOUN	2
muusika_tunt	NOUN	2
muusika_tõõstus	NOUN	2
muusika_vorm	NOUN	2
muusika_üritus	NOUN	2
muusikaalne	ADJ	2
muusikaliselt	ADV	2
muusim	NOUN	2
muusiom	NOUN	2
muusiumine	NOUN	2
muut	PRON	2
mägu	NOUN	2
mälatama	VERB	2
mälema	VERB	2
mäletus	NOUN	2
mäng	VERB	2
mängime_mäng	NOUN	2
mängisima	VERB	2
mängu_aeg	NOUN	2
mängu_asju_muuseum	NOUN	2
mängu_kaaslane	NOUN	2
mängu_vorm	NOUN	2
mänguasi	NOUN	2
männ_iokas	NOUN	2
männgima	VERB	2
märe	NOUN	2
märk	ADJ	2
märkm	NOUN	2
märt	NOUN	2
mässama	VERB	2
määl	NOUN	2
määratlematu	ADJ	2
määrav	ADJ	2
mõis	NOUN	2
mõistagi	ADV	2
mõisteta=vam	ADJ	2
mõju_võimas	ADJ	2
mõjuta=tav	ADJ	2
mõletama	VERB	2
mõlguma	VERB	2
mõndas	DET	2
mõndi	DET	2
mõne	PRON	2
mõne_võrra	ADV	2
mõnes_mõte	NOUN	2
mõnitamine	NOUN	2
mõnu	PRON	2
mõtelma	VERB	2
mõtema	VERB	2
mõtettu	ADJ	2
mõtetu	ADJ	2
mõtle_viis	NOUN	2
mõtlem	NOUN	2
mõtlema	ADJ	2
mõtlema_panev	ADJ	2
mõtlematu	ADJ	2
mõtlen,e	NOUN	2
mõtte_aine	NOUN	2
mõtte_käik	NOUN	2
mõtteka=m	ADJ	2
mõttetult	ADV	2
mõõte	NOUN	2
mõõtlema	VERB	2
mõõtmine	NOUN	2
möödas	ADV	2
möötma	VERB	2
müja	NOUN	2
münd	NOUN	2
mürk	NOUN	2
n.	ADV	2
n.e	NOUN	2
naad	NOUN	2
naasema	VERB	2
nadu	SCONJ	2
naema	VERB	2
naermine	NOUN	2
naeruvääristama	VERB	2
naga	ADV	2
nagema	VERB	2
nagemine	NOUN	2
naha_toon	NOUN	2
nais_koor	NOUN	2
naiste_koor	NOUN	2
naitus	NOUN	2
nakkus_haigus	NOUN	2
nalja_mees	NOUN	2
naljaka=m	ADJ	2
naljalt	ADV	2
naljatama	VERB	2
napilt	ADV	2
nattukene	ADV	2
natu	NOUN	2
naudimine	NOUN	2
negatiivse=m	ADJ	2
nelj_ateist	NUM	2
nelja-kohaline	ADJ	2
nelja_päva	NOUN	2
nelja_sada	NUM	2
nelja_toa=line	ADJ	2
nels_ateist	NUM	2
nema	PRON	2
neutraalse=lt	ADV	2
niguline	PROPN	2
nii_et	SCONJ	2
nim	NOUN	2
nime	NOUN	2
nimel	NOUN	2
nimetatu	NOUN	2
nimetav	ADJ	2
nis_sugune	DET	2
niukne	ADJ	2
nojaber	NOUN	2
noor_malne	ADJ	2
noor_temuusika	NOUN	2
nooremalt	ADV	2
noori_nimene	NOUN	2
noorte_bänd	NOUN	2
noppima	VERB	2
norruk	NOUN	2
norte_keskus	NOUN	2
nostalgia	NOUN	2
nostalgia_tunne	NOUN	2
nostalgiline	ADJ	2
nu	INTJ	2
nukralt	ADV	2
null_punkt	NOUN	2
numb_rill	NOUN	2
numder	NOUN	2
nummber	NOUN	2
nup	NOUN	2
nurisema	VERB	2
nut	NOUN	2
nuti	NOUN	2
nuti_maja	NOUN	2
nuti_seadme	NOUN	2
nuti_sõltlane	NOUN	2
nutia_jastu	NOUN	2
nutika=m	ADJ	2
nutune	ADJ	2
nuud	NOUN	2
nuusutama	VERB	2
näd	PRON	2
nädal	PROPN	2
nädala_vahetuse=ti	ADV	2
nädäl	NOUN	2
näe.ma	VERB	2
näerama	VERB	2
näeratama	VERB	2
näeratus	NOUN	2
nägemus	NOUN	2
nägu	VERB	2
nägu_pidi	ADV	2
nähtavasti	ADV	2
näi=nud	ADJ	2
näima	NOUN	2
näit	NOUN	2
näitamine	NOUN	2
näite_kunst	NOUN	2
näite_rink	NOUN	2
näiteja	NOUN	2
näksima	VERB	2
nälja	NOUN	2
nälja_häda	NOUN	2
näma	VERB	2
näpu_ots	NOUN	2
näpu_vajutus	NOUN	2
närvitsema	VERB	2
nätukene	ADJ	2
nõi	NOUN	2
nõrgestama	VERB	2
nõrk	NOUN	2
nõrkus	NOUN	2
nõu_andja	NOUN	2
nõuama	VERB	2
nõuane	NOUN	2
nõudlus	NOUN	2
nõus,helistama	VERB	2
nõustamine	NOUN	2
nõustus	NOUN	2
nõutav	ADJ	2
nüans	NOUN	2
nüü	ADV	2
objektiivsus	NOUN	2
oda	NOUN	2
odavamalt	ADV	2
odavine	NOUN	2
oema	VERB	2
ohkama	VERB	2
ohtralt	ADV	2
ohutult	ADV	2
ohverdus	NOUN	2
okas	NOUN	2
ol=dud	ADJ	2
olema	ADJ	2
olematu	ADJ	2
olgugi	VERB	2
ollema	VERB	2
ollkma	AUX	2
olulise=im	ADJ	2
olümpia	NOUN	2
olümpia_mäng	NOUN	2
olümpiaa	NOUN	2
olümpiaat	NOUN	2
oma_looming	NOUN	2
oma_poolne	ADJ	2
oma_sugune	PRON	2
omane	PRON	2
omastav	ADJ	2
omlet	NOUN	2
on	AUX	2
onekskursioon	NOUN	2
oo	INTJ	2
oodama	VERB	2
oodatu	NOUN	2
oodatus	NOUN	2
oostma	VERB	2
ootama	ADJ	2
operatsiooni_süsteem	NOUN	2
opetama	VERB	2
oranž	ADJ	2
oranž	NOUN	2
orenteerimine	NOUN	2
organiseerija	NOUN	2
organiseerumine	NOUN	2
orienteeris_turnir	NOUN	2
origam	NOUN	2
osa	ADJ	2
osa_võtmine	NOUN	2
osa_võtu_tasu	NOUN	2
osake	ADJ	2
osal	NOUN	2
osalem	NOUN	2
osalema	PROPN	2
osalustasus	NOUN	2
oskama	PROPN	2
oskkama	VERB	2
oskuma	VERB	2
oskumine	NOUN	2
ostsima	VERB	2
ostustama	VERB	2
osustama	VERB	2
otell	NOUN	2
ots	ADP	2
ots_tarbekas	ADJ	2
ots_tarve	NOUN	2
otsa_kord	NOUN	2
otse-eeter	NOUN	2
otse_kohe	ADV	2
otsija	NOUN	2
otsingu_mootor	NOUN	2
otsustav	ADJ	2
ottama	VERB	2
paad	NOUN	2
paanik	NOUN	2
paar-kolm	NUM	2
paarim	ADJ	2
pabistama	VERB	2
pabistamine	NOUN	2
padi	NOUN	2
pae	NOUN	2
pagar	ADJ	2
paha_tahtlikult	ADV	2
pahe	ADJ	2
paiskama	VERB	2
paitama	VERB	2
pakend	NOUN	2
pakkima	VERB	2
pakkuma	NOUN	2
pakkumis	NOUN	2
pakkuta=tud	ADJ	2
paku=tav	ADJ	2
pale_higis	ADV	2
palg	NOUN	2
paljalt	ADV	2
paljas	ADJ	2
palli,hüppama	NOUN	2
palli._au_hind	NOUN	2
palli=.me	NOUN	2
palli_tõuk	NOUN	2
pallivise	NOUN	2
palse	NOUN	2
paluma	PROPN	2
palun,t	NOUN	2
pana	VERB	2
pandemia	NOUN	2
pane	NOUN	2
pane_selk	NOUN	2
panema	NOUN	2
panev	ADJ	2
pankrannik	NOUN	2
pann	NOUN	2
pann_kogk	NOUN	2
pannma	VERB	2
panusta=tud	ADJ	2
paranes	ADJ	2
parenemine	NOUN	2
parimalt	ADV	2
parims_portlane	NOUN	2
park	PROPN	2
parkimine	NOUN	2
paräst	ADV	2
patriootlikkus	NOUN	2
patse	NOUN	2
pauk	NOUN	2
pauss	NOUN	2
pea	ADP	2
pea-aegu	ADV	2
pea_aegult	ADV	2
pea_au_hind	NOUN	2
pea_esineja	NOUN	2
pea_juht	NOUN	2
pea_koka	NOUN	2
pea_koog	NOUN	2
pea_minister	NOUN	2
pea_tegelas	NOUN	2
pea_toimetaja	NOUN	2
pealegi	ADP	2
pealine	ADJ	2
pealis_kaudne	ADJ	2
pealt_vaataja	NOUN	2
peamasti	ADV	2
peatselt	ADV	2
peavama	AUX	2
pedagoogika	NOUN	2
pedel	NOUN	2
peegel	NOUN	2
pelgama	VERB	2
pendelteat	NOUN	2
pension	NOUN	2
pensionäär	NOUN	2
peo	PROPN	2
peo	VERB	2
peo_korraldus	NOUN	2
peo_muusika	NOUN	2
peol	NOUN	2
peos	NOUN	2
peosalong	NOUN	2
pere	PROPN	2
pere_liik	NOUN	2
pere_liikmed	NOUN	2
perekonna_õpetus	NOUN	2
person	NOUN	2
personaaž	NOUN	2
pese	NOUN	2
pesitsema	VERB	2
photoshop	NOUN	2
pidu	ADP	2
pidu	PROPN	2
pidu_plaan	NOUN	2
pidu_päev	NOUN	2
pigistama	VERB	2
pihta	ADV	2
piidevalt	ADV	2
piima_šokolaad	NOUN	2
piinama	VERB	2
piirama	ADJ	2
piiratud	ADJ	2
piiritama	VERB	2
piiritu	ADJ	2
pika-ajaline	ADJ	2
pika_maa	ADJ	2
pikkal	ADJ	2
pikkam	ADJ	2
pikni_laud	NOUN	2
piknuk	NOUN	2
pildine	NOUN	2
pildista=ja	NOUN	2
pildistamise_kunst	NOUN	2
pilet	PROPN	2
pilgutama	VERB	2
pilli_mängimine	NOUN	2
pilli_õping	NOUN	2
piltlikult	ADV	2
pinal	ADJ	2
pinge_vabalt	ADV	2
pingutama	ADJ	2
pinna_pealne	ADJ	2
pinnas	NOUN	2
pioneer	NOUN	2
pipar_kook	NOUN	2
pirat	NOUN	2
piri	NOUN	2
pirita	NOUN	2
pisi	NOUN	2
pistma	VERB	2
pitsa	ADJ	2
pitsas	NOUN	2
plaan	VERB	2
plahvatus	NOUN	2
plahvatuslik	ADJ	2
plaju	ADJ	2
plan	NOUN	2
plastik	NOUN	2
plika	NOUN	2
plju	NOUN	2
plokkf_lööt	NOUN	2
pluralism	NOUN	2
plus	ADV	2
poeriiul	NOUN	2
poetama	VERB	2
pohjus	NOUN	2
poise	NOUN	2
poisis	NOUN	2
poist	NOUN	2
poiste_koor	NOUN	2
politik	NOUN	2
politsei_nukk	NOUN	2
polt	ADP	2
polt	ADV	2
poodma	VERB	2
pool_saar	NOUN	2
pooleti	ADV	2
pooltar_gument	NOUN	2
poos	NOUN	2
popim	ADJ	2
poplaul	NOUN	2
popp_muusika	NOUN	2
poppulaarne	ADJ	2
populane	NOUN	2
porine	ADJ	2
portsioon	NOUN	2
poseerima	VERB	2
posiivne	ADJ	2
post_kaart	NOUN	2
postitus	NOUN	2
pott	NOUN	2
praaegu	ADV	2
praktikaline	ADJ	2
praktiserima	VERB	2
prantslane	NOUN	2
presedent	NOUN	2
presintatsioon	NOUN	2
prestiižne	ADJ	2
pretensioon	NOUN	2
prins	NOUN	2
print	NOUN	2
probleemima	NOUN	2
probleemine	NOUN	2
problemine	NOUN	2
produkt	NOUN	2
produktiivsus	NOUN	2
produtsent	NOUN	2
proekteerima	VERB	2
proffesionaalne	ADJ	2
proffesor	NOUN	2
prognoos	NOUN	2
programeerim	NOUN	2
programist	NOUN	2
programmeeri_mine	NOUN	2
programmeerimis_keel	NOUN	2
programmist	NOUN	2
progromeerimine	NOUN	2
prokrastineeri=mine	NOUN	2
promen	NOUN	2
prominat	NOUN	2
pronks	NOUN	2
proovi_sõit	NOUN	2
protestima	VERB	2
protokool	NOUN	2
protsendiliselt	ADV	2
protses	NOUN	2
protsessor	NOUN	2
pruunikas	ADJ	2
prügi_kott	NOUN	2
prüükima	VERB	2
pseudo_nüüm	NOUN	2
psühhiline	ADJ	2
psühholog	NOUN	2
psühholoogi=line	ADJ	2
psühhoolo	NOUN	2
psüholo	NOUN	2
psüholog	NOUN	2
psüholoogilise=lt	ADV	2
psühoolo	NOUN	2
puberteet	NOUN	2
puduma	VERB	2
puhama	VERB	2
puhane	ADJ	2
puhastus	NOUN	2
puhk_pill	NOUN	2
puhke_paus	NOUN	2
puhkus_reis	NOUN	2
puhtamalt	ADV	2
puhvet	NOUN	2
puis	NOUN	2
pulk	NOUN	2
pulma_laul	NOUN	2
punane	NOUN	2
punt	NOUN	2
purjetamine	NOUN	2
purs_kaev	NOUN	2
purunema	VERB	2
purustama	VERB	2
pusima	VERB	2
put	NOUN	2
putel	NOUN	2
puter	NOUN	2
puu_küte	NOUN	2
puudu_jääk	NOUN	2
puudutus	NOUN	2
puuk	NOUN	2
puura_jujt	NOUN	2
puuvija	NOUN	2
päar	NOUN	2
päev	PROPN	2
päeva_kajaline	ADJ	2
päikese_paneel	NOUN	2
päikese_süsteem	NOUN	2
päikeseline	ADJ	2
päikse=line	ADJ	2
päralt	ADP	2
pärandama	VERB	2
pärandus	NOUN	2
pärane	ADJ	2
pärast,m	NOUN	2
pärast_lõuna	NOUN	2
pärimu_smuusika	NOUN	2
pärinev	ADJ	2
päris	NOUN	2
pärk	NOUN	2
pääste_mees	NOUN	2
pääsuke	NOUN	2
põgenemine	NOUN	2
põhi_joon	NOUN	2
põhi_keel	NOUN	2
põhi_mõteliselt	ADV	2
põhi_mõtteline	ADJ	2
põhi_reegel	NOUN	2
põhi_väärtus	NOUN	2
põhja_maa	NOUN	2
põhja_vett	NOUN	2
põhjaameeriklane	NOUN	2
põhjuks	NOUN	2
põhjul	ADP	2
põhk	NOUN	2
põimi=tud	ADJ	2
põletus	NOUN	2
põlv_konna	NOUN	2
põlvkondade_vaheline	ADJ	2
põnevaim	ADJ	2
põrkuma	VERB	2
pööma	VERB	2
pöördma	VERB	2
pöördumatu	ADJ	2
pöörlema	VERB	2
püha	ADJ	2
pühe_päev	NOUN	2
pühendatud	ADJ	2
pühendumine	NOUN	2
püherdama	VERB	2
püht	NOUN	2
püks_idja	NOUN	2
püramiid	NOUN	2
püree	NOUN	2
püsimine	NOUN	2
püüks	NOUN	2
püüma	VERB	2
raadio_saade	NOUN	2
raadio_tee	NOUN	2
raamad	NOUN	2
raamatus	NOUN	2
raas	NOUN	2
raatsima	VERB	2
rabama	VERB	2
rabelema	VERB	2
radio_aktiivne	ADJ	2
raha_muuseum	NOUN	2
rahaliselt	ADV	2
rahastamine	NOUN	2
rahe	NOUN	2
rahul_olev	ADJ	2
rahulikkus	NOUN	2
rahuline	ADJ	2
rahus	NOUN	2
rahust	NOUN	2
rahva_maja	NOUN	2
rahva_pärimus	NOUN	2
rahva_toidus	NOUN	2
rahvama	NOUN	2
rahvas_pall	NOUN	2
rahvase_pall	NOUN	2
rahvastepallivõistlus	NOUN	2
rahveste_pall	NOUN	2
rahvus_köök	NOUN	2
rahvus_park	NOUN	2
rahvus_vaheliselt	ADV	2
rahvuslane	NOUN	2
rahvuslus	NOUN	2
raikama	VERB	2
raiskav	ADJ	2
raiuma	VERB	2
raja_koj_aplats	NOUN	2
rakendamine	NOUN	2
raket	NOUN	2
rakima	VERB	2
rakursi	NOUN	2
rama=tud	ADJ	2
rama=tud	NOUN	2
rana	NOUN	2
rangem	ADJ	2
rann	NOUN	2
rannik	NOUN	2
rapp	NOUN	2
rask	ADJ	2
raskemalt	ADV	2
rasvane	ADJ	2
ratas_tool	NOUN	2
ravistama	VERB	2
reaal_aeg	NOUN	2
reaal_elu	NOUN	2
reageerimine	NOUN	2
reaktiivne	ADJ	2
realselt	ADV	2
reedel,_kool	NOUN	2
reedel._spordip	NOUN	2
reedel.me	NOUN	2
reetama	VERB	2
reetma	ADJ	2
reetma	PROPN	2
registreruma	VERB	2
regulatsioon	NOUN	2
rekett	NOUN	2
reklaamima	VERB	2
reklameerima	VERB	2
rekore	NOUN	2
remonteerima	VERB	2
reostamine	NOUN	2
reportaaž	NOUN	2
reporteer	NOUN	2
reputatsioon	NOUN	2
restooran	NOUN	2
restorann	NOUN	2
resultaat	NOUN	2
resurne	NOUN	2
režisöör	NOUN	2
rie	NOUN	2
riid_et,ne	NOUN	2
riided,_vesi	NOUN	2
riidejd	NOUN	2
riidema	VERB	2
riigi_hümn	NOUN	2
riigi_pea	NOUN	2
riiklik	ADJ	2
rikkastama	VERB	2
rikkuma	ADJ	2
ringlus	NOUN	2
ripse	NOUN	2
riskima	VERB	2
risti	ADV	2
ristuma	VERB	2
rivi	NOUN	2
rocknroll	NOUN	2
rohken	ADJ	2
rohkev	ADJ	2
rohkus	NOUN	2
rolli_mäng	NOUN	2
roobotika	NOUN	2
roohkem	ADV	2
roomaja	NOUN	2
roos	NOUN	2
rootsi	ADV	2
ropp_video	NOUN	2
rula	NOUN	2
rummi_kook	NOUN	2
ruttama	VERB	2
ruttem	ADJ	2
ruumal	ADJ	2
ruut	NOUN	2
rä-äkima	VERB	2
räakima	VERB	2
rändaja	NOUN	2
räp	NOUN	2
räpp-muusika	NOUN	2
räägitama	VERB	2
rääk	VERB	2
rääkimis	NOUN	2
rääkisima	VERB	2
räärima	VERB	2
rõhkem	ADV	2
rõhustama	VERB	2
rõivas	NOUN	2
rõmas	ADJ	2
rõmmus	ADJ	2
rõmsk	ADJ	2
rõõmsus	NOUN	2
rõõmulik	ADJ	2
röntgen	NOUN	2
röster	NOUN	2
röögima	VERB	2
rühmitus	NOUN	2
rünnak	NOUN	2
rütmi_harjutus	NOUN	2
rütmika	ADJ	2
s	ADV	2
s?nni_päev	NOUN	2
s]ber	NOUN	2
saabas	VERB	2
saada..	VERB	2
saadama	VERB	2
saade	AUX	2
saade	VERB	2
saadus	NOUN	2
saama	NUM	2
saamatu	ADJ	2
saamatus	NOUN	2
saast	NOUN	2
saat	ADP	2
saatima	AUX	2
saatma	ADJ	2
saatma	NOUN	2
saavama	VERB	2
saavutamatu	ADJ	2
saavutatav	ADJ	2
sadamane	NOUN	2
sagedus	NOUN	2
saia	VERB	2
saiak	NOUN	2
saiakesi	NOUN	2
saja	NOUN	2
sajamine	NOUN	2
sakslane	NOUN	2
sala_pärane	ADJ	2
sala_selts	NOUN	2
salajane	ADJ	2
salajas	ADJ	2
salg	NOUN	2
salli=v	ADJ	2
salm	NOUN	2
salto	NOUN	2
salvestuma	VERB	2
sama	VERB	2
sama_palju	ADV	2
sama_võrd	ADV	2
sammal	NOUN	2
sark	NOUN	2
sarnane	NOUN	2
sarv	NOUN	2
satelliit	NOUN	2
savama	AUX	2
saša	PROPN	2
sea_dmetet	NOUN	2
seaduslikult	ADV	2
seae	NOUN	2
see	NOUN	2
see_õttu	ADV	2
seealgama	VERB	2
seed	NOUN	2
seel	NOUN	2
seeline	DET	2
seene_maa	NOUN	2
seest	ADP	2
segama	ADJ	2
segamine	NOUN	2
segav	ADJ	2
segu	NOUN	2
segunema	VERB	2
seik	NOUN	2
seiklus_himu	NOUN	2
seikluse_park	NOUN	2
seiskuma	VERB	2
seit_sekümmend	NUM	2
seitmes	ADJ	2
seitse	ADJ	2
seitse.peol	NOUN	2
seitse.seal	NUM	2
seitsmed	ADJ	2
seitsmetei_stküms	ADJ	2
sekka	ADP	2
seksuaalne	ADJ	2
sektor	NOUN	2
selel	NOUN	2
seletus_kirjat	NOUN	2
selgemalt	ADV	2
selgitamine	NOUN	2
selgitav	ADJ	2
seline	DET	2
selja_kott	NOUN	2
sell	ADV	2
selle_asemel	ADV	2
selle_pärast,	NOUN	2
selle_pärst	ADV	2
selle_päärast	ADV	2
sene	NOUN	2
seo=tud	ADJ	2
seoksma	VERB	2
seostamine	NOUN	2
seotatud	ADJ	2
septembr_il,ne	NOUN	2
sertifikaat	NOUN	2
sevo_djna	NOUN	2
short	NOUN	2
sia	VERB	2
siber	NOUN	2
siduja	NOUN	2
sidusus	NOUN	2
sihi_kindlam	ADJ	2
siiamani	ADV	2
siim	ADV	2
siin_samas	ADV	2
siirane	ADJ	2
siirdamine	NOUN	2
silitama	VERB	2
silma_nurk	NOUN	2
silma_paistva=m	ADJ	2
silma_piir	NOUN	2
silma_pilk	NOUN	2
silma_pilkselt	ADV	2
silma_torkav	ADJ	2
silmama	VERB	2
sind	NOUN	2
sinene	ADJ	2
sinise=m	ADJ	2
sinn	ADV	2
sinna_maani	ADV	2
sinnd	NOUN	2
sinnu	ADV	2
sinu_sõbranna	NOUN	2
sirge	ADJ	2
sis	ADJ	2
sis_seastumis_eksam	NOUN	2
sisaldav	ADJ	2
sise	NOUN	2
sisemus	NOUN	2
siss	ADV	2
sisse_lülitamine	NOUN	2
sisse_pääse	NOUN	2
sisseast_umis_eksam	NOUN	2
sisseastumisek_sam	NOUN	2
sisseastumiseksamine	NOUN	2
sissestama	VERB	2
sisustamine	NOUN	2
sisustus	NOUN	2
sitatsioon	NOUN	2
skai_park	NOUN	2
skandaalne	ADJ	2
skeitpar	NOUN	2
skeptiline	ADJ	2
skoor	NOUN	2
sky	NOUN	2
sky-park	NOUN	2
smartfoon	NOUN	2
snäkk	NOUN	2
sobranna	NOUN	2
soe	VERB	2
soid	NOUN	2
solvumine	NOUN	2
soma	VERB	2
soodumus	NOUN	2
soodus	ADJ	2
soodus	NOUN	2
sooe	ADJ	2
soome	NOUN	2
sootsiaalne	ADJ	2
soovima	NOUN	2
soovimatu	ADJ	2
soovitatav	ADJ	2
soovitus_kiri	NOUN	2
soravamalt	ADV	2
soritamine	NOUN	2
sosin	NOUN	2
sot	ADJ	2
sotsiaal_elu	NOUN	2
sotsiaal_medi	NOUN	2
sotsiaal_võrgustikud	NOUN	2
sotsialne	ADJ	2
sovima	VERB	2
spaas	NOUN	2
spektakkel	NOUN	2
spetsialiseeri=tud	ADJ	2
spetsifiline	ADJ	2
spetsiifiline	ADJ	2
spoordi_riie	NOUN	2
spoordi_saal	NOUN	2
spord	NOUN	2
spordi=päv	NOUN	2
spordi_alane	NOUN	2
spordi_haal	NOUN	2
spordi_hall	PROPN	2
spordi_harjutus	NOUN	2
spordi_hoone	PROPN	2
spordi_häev	NOUN	2
spordi_jalanõud	NOUN	2
spordi_jook	NOUN	2
spordi_komplekt	NOUN	2
spordi_konkurs	NOUN	2
spordi_kostüüm	NOUN	2
spordi_mees	NOUN	2
spordi_muuseum	PROPN	2
spordi_oäev	NOUN	2
spordi_park	NOUN	2
spordi_plats	NOUN	2
spordi_päel	NOUN	2
spordi_päev,mis	NOUN	2
spordi_päev_,osa	NOUN	2
spordi_päva	NOUN	2
spordi_pöev	NOUN	2
spordi_püks	NOUN	2
spordi_vahend	NOUN	2
spordi_väev	NOUN	2
spordi_üäev	NOUN	2
spordij_alats	NOUN	2
spordimuuseum	NOUN	2
spordipev	NOUN	2
spordiriided.see	NOUN	2
spordistadioon	NOUN	2
spordiv	ADJ	2
spordivõ_istlus	NOUN	2
sporsi_päev	NOUN	2
sport-tants	NOUN	2
sportidress	NOUN	2
sportima	NOUN	2
sportlane	ADJ	2
sportlikum	ADJ	2
spot	NOUN	2
staadionil.selleg	NOUN	2
staadon	NOUN	2
stabiilselt	ADV	2
stabiliseerima	VERB	2
stadeom	NOUN	2
stadionil.selne	NOUN	2
starr	NOUN	2
stereo_tüü	NOUN	2
stereotiip	NOUN	2
stereotüüpne	ADJ	2
stop	NOUN	2
stopp	NOUN	2
stressi_rohke	ADJ	2
stressi_vaba	ADJ	2
stsenaarium	NOUN	2
sugus	NOUN	2
suhtlemis_osa	NOUN	2
suhtlemis_võimalus	NOUN	2
suhtlik	ADJ	2
suhtlu_soskus	NOUN	2
suhtlu_svõrgustik	NOUN	2
suhtlus	ADJ	2
suhtlus_partner	NOUN	2
suhtlus_viis	NOUN	2
suhtlus_võrgustik	NOUN	2
suits	NOUN	2
suitsutama	VERB	2
sujuv	ADJ	2
sukkp_üks	NOUN	2
sula	NOUN	2
sule_pea	NOUN	2
sumo	NOUN	2
sundima	ADJ	2
sunu	NOUN	2
superstar	NOUN	2
supk	NOUN	2
supper	NOUN	2
sure_päraselt	ADV	2
suremus	NOUN	2
surfamine	NOUN	2
suri	NOUN	2
surmama	VERB	2
surumine	NOUN	2
surve	NOUN	2
sutuatsioon	NOUN	2
suu_piste	NOUN	2
suudma	VERB	2
suur_hall	PROPN	2
suur_sugune	ADJ	2
suuremalt	ADV	2
suurendamine	NOUN	2
suurene=nud	ADJ	2
suurenemine	NOUN	2
suurü_ritus	NOUN	2
suusa	NOUN	2
suutama	VERB	2
suve_vahe	NOUN	2
suve_vaheaja	NOUN	2
suvi_laager	NOUN	2
suši	NOUN	2
sviiter	NOUN	2
säili=nud	ADJ	2
sära	NOUN	2
särts	NOUN	2
sõber	VERB	2
sõbralikkus	NOUN	2
sõbraline	ADJ	2
sõbrallik	ADJ	2
sõbratar	NOUN	2
sõbrer	NOUN	2
sõdimine	NOUN	2
sõdma	VERB	2
sõidmine	NOUN	2
sõidu_kool	NOUN	2
sõidu_tind	NOUN	2
sõitsima	VERB	2
sõja_masin	NOUN	2
sõja_relvastus	NOUN	2
sõja_tehnoloogia	NOUN	2
sõja_väelane	NOUN	2
sõjaliselt	ADV	2
sõlm	NOUN	2
sõna_mäng	NOUN	2
sõna_vorm	NOUN	2
sõnastama	VERB	2
sõnastus	NOUN	2
sõpraid	NOUN	2
sõpraks	NOUN	2
sõtsima	VERB	2
sõudma	VERB	2
sõõrik	NOUN	2
söbralik	ADJ	2
söima	VERB	2
söitma	VERB	2
sööbima	VERB	2
sööme,mängima	VERB	2
söötama	VERB	2
süa	NOUN	2
süd_amelähedase=m	ADJ	2
süda	VERB	2
süda_linn	NOUN	2
südi	NOUN	2
süga_vamõtteline	ADJ	2
sügavamalt	ADV	2
sügis_kuu	NOUN	2
sümpaatse=m	ADJ	2
sümpatiseerima	VERB	2
sümptom	NOUN	2
sünd	VERB	2
sündimus	NOUN	2
sünni-päev	PROPN	2
sünni_aeg	NOUN	2
sünni_paevale,m	NOUN	2
sünni_päev	PROPN	2
sünni_päeva	NOUN	2
sünni_päeva,m	NOUN	2
sünni_päevale,s	NOUN	2
sünni_päiv	NOUN	2
sünni_päva	NOUN	2
sünnilt	ADV	2
sünnip_äevap	NOUN	2
sünnipä-aeva	NOUN	2
süvendatult	ADV	2
süvitsi	ADV	2
süüjama	VERB	2
süündima	VERB	2
süünni_päev	NOUN	2
t-särk,_püks	NOUN	2
taas_ise_seisvumine	NOUN	2
taasises_eisvumine	NOUN	2
tabav	ADJ	2
tabavalt	ADV	2
tabel	NOUN	2
tablet	NOUN	2
taeg	NOUN	2
tag.ee	NOUN	2
taga_järe	NOUN	2
tagamine	NOUN	2
taganema	VERB	2
tagas	ADP	2
tagas	NOUN	2
tagasi_kiri	NOUN	2
tagasi_tee	NOUN	2
tagastamine	NOUN	2
tahene	NOUN	2
tahest	NOUN	2
tahk	NOUN	2
tahsma	VERB	2
taht	NOUN	2
tahtima	VERB	2
tahtmis	NOUN	2
tahvelarvu_tee	NOUN	2
taiendama	VERB	2
tais_kasvanu	ADJ	2
tais_kasvanud	ADJ	2
takistus_jooks	NOUN	2
takkistama	VERB	2
tale	ADJ	2
talg	NOUN	2
talletamine	NOUN	2
talletuma	VERB	2
tallinn	NOUN	2
talma	PRON	2
tana	ADV	2
tana_paev	NOUN	2
tana_päevane	ADJ	2
tansi	NOUN	2
tants_utrenn	NOUN	2
tantsida.tantsuring	NOUN	2
tantsjas	NOUN	2
tantsu-öö	NOUN	2
tantsu_grupp	NOUN	2
tantsu_pidu	PROPN	2
tantsu_stuudio	NOUN	2
tantsu_õhtu	NOUN	2
tantsuline	ADJ	2
tantsuma	VERB	2
tantsustiil	NOUN	2
tanäma	VERB	2
taotlus	NOUN	2
tapal	PROPN	2
tapama	VERB	2
tapetaja	NOUN	2
targ	ADJ	2
tark	NOUN	2
tarkam	ADJ	2
tarkva_arandaja	NOUN	2
tarvilik	ADJ	2
tarzan	NOUN	2
tas_akaalustama	VERB	2
tasakesi	ADV	2
tasane	ADJ	2
tasa“	ADJ	2
tass	NOUN	2
tasutav	ADJ	2
tatto_väring	NOUN	2
tausta_muusika	NOUN	2
tausta_müra	NOUN	2
tava_maa_ilm	NOUN	2
tava_pilet	NOUN	2
tava_pärane	ADJ	2
tava_päraselt	ADV	2
teaater	NOUN	2
teabe	NOUN	2
tead=mata	ADJ	2
teadmatus	NOUN	2
teadus_jooks	NOUN	2
teadus_töö	NOUN	2
teaduse_areng	NOUN	2
teaduslikult	ADV	2
teadvustama	VERB	2
teaksima	VERB	2
teatavasti	ADV	2
teate_joks	NOUN	2
teate_joog	NOUN	2
teatema	VERB	2
teatri_elu	NOUN	2
teatri_kohvikus	NOUN	2
teatrig_rupp	NOUN	2
teatrine	NOUN	2
techno-lood	NOUN	2
tee	VERB	2
tee=nud	ADJ	2
tee_joomine	NOUN	2
tee_särk	NOUN	2
teehnika	NOUN	2
teenimine	NOUN	2
teenistus	NOUN	2
teesklema	VERB	2
tega	VERB	2
tegeja	NOUN	2
tegelimine	NOUN	2
tegema	ADJ	2
tegema	PROPN	2
tegevus_ala	NOUN	2
tegevus_rohke	ADJ	2
tegimine	NOUN	2
tegutseja	NOUN	2
tehama	VERB	2
tehdma	VERB	2
tehe	NOUN	2
tehnik_aime	NOUN	2
tehnika_muuseum	PROPN	2
tehnikasa_avutus	NOUN	2
tehnikavaldkond	NOUN	2
tehnologia	NOUN	2
tehtu	ADJ	2
tei	PRON	2
teinet_eiste	PRON	2
teis_sugune	DET	2
teise_järguline	ADJ	2
teise_poolt	ADV	2
teiseks	DET	2
teiseti	ADV	2
teist_suguse=m	ADJ	2
teisti	ADV	2
teistne	PRON	2
tekimine	NOUN	2
tekitaja	NOUN	2
tekkitav	ADJ	2
teksadja	NOUN	2
tele	NOUN	2
tele_graaf	NOUN	2
tele_gramm	NOUN	2
telee_kraan	NOUN	2
telefoni_number	PROPN	2
telefoni_putka	NOUN	2
telefonie_kraan	NOUN	2
telestaar	NOUN	2
televiisioon	NOUN	2
televisor	NOUN	2
telkima	VERB	2
telli=tud	ADJ	2
tellis_kivi	NOUN	2
tema	DET	2
tembeldama	VERB	2
temi	NOUN	2
tempe_raament	NOUN	2
temperament	NOUN	2
tempokas	ADJ	2
tenine	NOUN	2
tenn	NOUN	2
tennise_mängi=ja	NOUN	2
tentelteat	NOUN	2
teo	NOUN	2
teol	NOUN	2
teoreetiliselt	ADV	2
teotav	ADJ	2
teraapiline	ADJ	2
tere,_kall	NOUN	2
tere,hea	PROPN	2
tere,kalis	ADJ	2
tere,klassikaslane	NOUN	2
tere,m	NOUN	2
tere-tere	INTJ	2
tere_mari	NOUN	2
tere_sõber	NOUN	2
tereve	ADJ	2
teritoorium	NOUN	2
terveklik	ADJ	2
tervenisti	ADV	2
terviklik	ADJ	2
tervis_hoid	NOUN	2
tervise_muuseum	PROPN	2
tervise_risk	NOUN	2
tervise_seisund	NOUN	2
tervist	NOUN	2
tervistama	VERB	2
thama	VERB	2
tige	ADJ	2
tihedam	ADJ	2
tihedasti	ADV	2
tiimi_töö	NOUN	2
tiirlema	VERB	2
tiitel	NOUN	2
tikkuma	VERB	2
tina	NOUN	2
tipp_hetk	NOUN	2
tipp_sportlane	NOUN	2
tipp_tasemel	NOUN	2
tipp_tehnoloogia	NOUN	2
tipprestoran	NOUN	2
tippsa_avutus	NOUN	2
tirima	VERB	2
tirimine	NOUN	2
tisler	NOUN	2
toa_kaaslane	NOUN	2
toaline	ADJ	2
toane	NOUN	2
tobe	ADJ	2
toe	NOUN	2
toetav	ADJ	2
toidu_festival	NOUN	2
toidu_laud	NOUN	2
toila	NOUN	2
toimema	VERB	2
toiming	NOUN	2
toimiv	ADJ	2
toimum	NOUN	2
toimuma	NOUN	2
toimunu	NOUN	2
toinuma	VERB	2
toitlus	NOUN	2
toitlustama	VERB	2
tollal	ADV	2
tolmui_meas	NOUN	2
too_tuba	NOUN	2
tooma	NOUN	2
toonitama	VERB	2
tootama	VERB	2
toovarju_päev	NOUN	2
torem	ADJ	2
torti.ma	NOUN	2
toru	NOUN	2
traam	NOUN	2
tragi	ADJ	2
transpordi_tehnika	NOUN	2
treiler	NOUN	2
tren	NOUN	2
trener	NOUN	2
trenner	NOUN	2
trenni_kaaslane	NOUN	2
triller	NOUN	2
trots	NOUN	2
trummar	NOUN	2
truu	NOUN	2
trükkima	VERB	2
tsaar	NOUN	2
tsau	ADJ	2
tsitaat	NOUN	2
tsoon	NOUN	2
tuema	VERB	2
tuga	NOUN	2
tugema	VERB	2
tugevdamine	NOUN	2
tugi	ADJ	2
tugi_tool	NOUN	2
tuginema	VERB	2
tuhk	NOUN	2
tuhm	ADJ	2
tuimalt	ADV	2
tul	NOUN	2
tule_tõrje	NOUN	2
tule_tõrju	NOUN	2
tulema	NOUN	2
tuli	PROPN	2
tulija	NOUN	2
tulivik	NOUN	2
tulla,helistama	VERB	2
tullima	VERB	2
tulmus	NOUN	2
tulnukas	NOUN	2
tulvil	ADV	2
tume_sinine	ADJ	2
tundi.kontsert	NOUN	2
tundlikum	ADJ	2
tundu	NOUN	2
tunne	VERB	2
tunni_kava	NOUN	2
tunnima	VERB	2
tunnine	ADJ	2
tunnuma	VERB	2
tupp	NOUN	2
turnir	NOUN	2
turu_majandus	NOUN	2
turva	NOUN	2
turva_kaamera	NOUN	2
tutas	ADJ	2
tuti_päev	NOUN	2
tutsuma	VERB	2
tuttav	VERB	2
tuttava=lt	ADV	2
tutvima	VERB	2
tutvustatama	VERB	2
tutvustuma	VERB	2
tuu	X	2
tuuma_elektri_jaam	NOUN	2
tuupimine	NOUN	2
tuvi	NOUN	2
tv-programm	NOUN	2
tädi_poeg	NOUN	2
täeva_täht	NOUN	2
tähe_torn	NOUN	2
tähele_panelikkus	NOUN	2
tähele_pani	NOUN	2
tähele_panu_väärne	ADJ	2
tähestik	NOUN	2
tähistamine	NOUN	2
tähtis	VERB	2
tähtsis	ADJ	2
täide=tud	ADJ	2
täis_hind	NOUN	2
täis_kasvane	ADJ	2
täis_kasvanu_pile	NOUN	2
täis_kasvanus	NOUN	2
täis_maht	NOUN	2
täis_summa	NOUN	2
täis_väärtus=lik	ADJ	2
täitama	VERB	2
täiuslik	ADJ	2
tän_apäeva_elu	NOUN	2
täna_päev	PROPN	2
tänama	PROPN	2
tänase_päev	NOUN	2
tänava_muusik	NOUN	2
tänava_muusika	NOUN	2
tänavu	ADV	2
tänu_sõna	NOUN	2
tänu_väärne	ADJ	2
tänulikkus	NOUN	2
täpsema	VERB	2
täpsestama	VERB	2
tõeiline	ADJ	2
tõelisem	ADJ	2
tõelisus	NOUN	2
tõieline	ADJ	2
tõit	NOUN	2
tõkkejooks,kaugus_hüpe	NOUN	2
tõlgendama	VERB	2
tõlk	NOUN	2
tõlki=ja	NOUN	2
tõmama	VERB	2
tõmbuma	VERB	2
tõrjuma	VERB	2
tõsidus	NOUN	2
tõstama	VERB	2
tõstja	NOUN	2
tõttu	NOUN	2
tõugama	VERB	2
tõusmine	NOUN	2
tõusu_tee	NOUN	2
töine	ADJ	2
töotama	VERB	2
tötama	VERB	2
tötma	VERB	2
töö_korraldus	NOUN	2
töö_malev	NOUN	2
töö_palk	NOUN	2
töö_protsess	NOUN	2
töö_riie	NOUN	2
töö_ruum	NOUN	2
töö_varju_paev	NOUN	2
töö_varju_päev	PROPN	2
töö_varjun	NOUN	2
töö_varu_päev	NOUN	2
töö_vestlus	NOUN	2
töö_vorm	NOUN	2
töödma	VERB	2
tööetama	VERB	2
tööline	ADJ	2
töörežiim	NOUN	2
tööt	NOUN	2
tööt_upbs	NOUN	2
töötama	NOUN	2
töötlus	NOUN	2
töötoa	NOUN	2
töötu	NOUN	2
töötu_kassa	NOUN	2
töötuma	VERB	2
tööva_rjupäev	NOUN	2
töövari@etkl.ee	NOUN	2
tüdima	VERB	2
tüdru	NOUN	2
tüdrug	NOUN	2
tülis	ADJ	2
tümps	NOUN	2
udine	NOUN	2
uheksa	NUM	2
uht	DET	2
uis	NOUN	2
uitama	VERB	2
uju_misriide	NOUN	2
ujumis_prill	NOUN	2
ujumis_riide	NOUN	2
ujumis_võistlus	NOUN	2
ukraina	ADJ	2
ulatu=v	ADJ	2
ulema	VERB	2
uli_kool	NOUN	2
ulu	NOUN	2
ulus	ADJ	2
umber	ADP	2
unikaalse=m	ADJ	2
unikaalsus	NOUN	2
unisem	ADJ	2
unistuma	VERB	2
uring	NOUN	2
uritama	VERB	2
uritus	NOUN	2
usin	ADJ	2
uskuma	NOUN	2
uskumine	NOUN	2
ustav	ADJ	2
usuldama	VERB	2
utoopiline	ADJ	2
utsitama	VERB	2
uu	NOUN	2
uudsem	ADJ	2
uudus	NOUN	2
uuenemine	NOUN	2
uuri=tav	ADJ	2
uusundi_õpetus	NOUN	2
uuu	ADJ	2
vaada	VERB	2
vaadatud	ADJ	2
vaadma	VERB	2
vaal	NOUN	2
vaarika	NOUN	2
vaarikas	NOUN	2
vaartuslik	ADJ	2
vaatama	NOUN	2
vaatamis_nurk	NOUN	2
vaatamis_ring	NOUN	2
vaatamisvä_ärsus	NOUN	2
vaatus	NOUN	2
vaba_lava	ADJ	2
vaba_lava	NOUN	2
vaba_valik	NOUN	2
vaba_õhu	NOUN	2
vaba_õhu	PROPN	2
vaba_õhu_muuseum	PROPN	2
vaba_õhumu_useum	NOUN	2
vabadus_sõda	NOUN	2
vabandust	NOUN	2
vabatsus	NOUN	2
vabaõhukontsert	NOUN	2
vaedlus	NOUN	2
vaenus	NOUN	2
vaeva_rikas	ADJ	2
vaevaline	ADJ	2
vaevuma	VERB	2
vaha	ADV	2
vahe	ADJ	2
vahe_pealne	ADJ	2
vahe_tuns	NOUN	2
vahemalt	ADV	2
vahemik	NOUN	2
vahetuma	VERB	2
vahetus_vanem	NOUN	2
vahtra_leht	NOUN	2
vahu_koor	NOUN	2
vaidlane	NOUN	2
vaidlemata	VERB	2
vaidlev	ADJ	2
vaieldamatu	ADJ	2
vaikene	ADJ	2
vaikiv	ADJ	2
vaiknema	VERB	2
vaikus_hetk	NOUN	2
vaimn_etervis	NOUN	2
vaimne_terv	NOUN	2
vaimu_silm	NOUN	2
vaimustama	VERB	2
vajad	ADV	2
vaju=nud	ADJ	2
vajutamine	NOUN	2
valdavalt	ADV	2
vale_informatsioon	NOUN	2
valemine	NOUN	2
valetaja	NOUN	2
valik	ADJ	2
valik_kursus	NOUN	2
valima	ADJ	2
valitma	VERB	2
valitseja	NOUN	2
valitsev	ADJ	2
valiv	ADJ	2
valla	ADV	2
valmis_olek	NOUN	2
valmistu=mine	NOUN	2
valuma	VERB	2
vana-ema	PROPN	2
vana_meelne	ADJ	2
vana_rahvas	NOUN	2
vana_tädi	NOUN	2
vana_vana_vanaema	NOUN	2
vana_vanaema	NOUN	2
vanadus_põlv	NOUN	2
vanal_aeg	NOUN	2
vanam	NOUN	2
vanava_navanem	NOUN	2
vane	ADJ	2
vang	NOUN	2
vangistama	VERB	2
vanim	ADJ	2
vanu	ADJ	2
vanu_aeg	NOUN	2
vapustama	VERB	2
varasta=ja	NOUN	2
varastaja	NOUN	2
vare	ADJ	2
varema	VERB	2
varieeruma	VERB	2
varieeruv	ADJ	2
varju_külg	NOUN	2
varjuma	VERB	2
vars	NOUN	2
varst	NOUN	2
varustama	VERB	2
varustus	NOUN	2
vasakul	ADV	2
vasikas	NOUN	2
vastaja	NOUN	2
vastatav	ADJ	2
vastla_kukle	NOUN	2
vastu_kaal	NOUN	2
vastu_meel	NOUN	2
vastu_mürk	NOUN	2
vastu_olu	NOUN	2
vastu_pidava=m	ADJ	2
vastu_pidavus	NOUN	2
vastu_tundlik	ADJ	2
vastu_väide	NOUN	2
vastu_võetamatu	ADJ	2
vastutus_tundlikkus	NOUN	2
vastutus_tundlikult	ADV	2
vastutus_tundlikumaks	ADJ	2
vasu	NOUN	2
vataama	VERB	2
vattama	VERB	2
vedas	NOUN	2
vedema	VERB	2
vee	VERB	2
veebi_keskkond	NOUN	2
veebima	VERB	2
veedud	ADJ	2
veendu=nud	ADJ	2
veendunud	ADJ	2
veenma	VERB	2
veerand	NOUN	2
vees	NOUN	2
veetma	NOUN	2
vega	ADV	2
vehklemine	NOUN	2
vel	ADV	2
ven	NOUN	2
vena	NOUN	2
vene-	ADJ	2
vene_maa	NOUN	2
venela	NOUN	2
verbaalne	ADJ	2
vere_rõhk	NOUN	2
vere_tilk	NOUN	2
versioon	NOUN	2
vesi,ja	NOUN	2
vestlus_partner	NOUN	2
videobloger	NOUN	2
vigane	NOUN	2
vigastatud	ADJ	2
vigastuma	VERB	2
vihma_sadu	NOUN	2
viibiv	ADJ	2
viibutama	VERB	2
viide	NOUN	2
viieline	ADJ	2
viieteistkümneaastane	ADJ	2
viieteistkümnes	ADJ	2
viija	NOUN	2
viiktor	NOUN	2
viiktorin	NOUN	2
viimaks	ADV	2
viimane	NOUN	2
viine_ripirukas	NOUN	2
viineri_piruk	NOUN	2
viisama	VERB	2
viisi_jupt	NOUN	2
vika	NOUN	2
viker_kaar	NOUN	2
vilde	NOUN	2
vilja_põld	NOUN	2
vilm	NOUN	2
virir	NOUN	2
vitamiin	NOUN	2
viul	NOUN	2
vms	ADV	2
vohama	VERB	2
voimalus	NOUN	2
vokaal	NOUN	2
vood	NOUN	2
voolimine	NOUN	2
vormistamine	NOUN	2
vottma	VERB	2
vulkaani_purse	NOUN	2
vundament	NOUN	2
väe	NOUN	2
vägi_vallas	NOUN	2
vägi_vallatsemine	NOUN	2
väheks	ADV	2
vähema	ADV	2
vähemasti	ADV	2
vähendamine	NOUN	2
väide	ADV	2
väidlema	VERB	2
väiks	ADJ	2
väikseim	ADJ	2
väiksemal	ADJ	2
väiksemalt	ADV	2
väitma	NOUN	2
väke	ADJ	2
väli_seestlane	NOUN	2
väline	ADJ	2
välis_eestlane	NOUN	2
välis_mõju	NOUN	2
välis_õpilane	NOUN	2
väliseestlane	NOUN	2
väliselt	ADV	2
välja_arva=tud	ADJ	2
välja_panek	NOUN	2
välja_ränd	NOUN	2
välja_ränne	NOUN	2
välja_tootmine	NOUN	2
välja_töötatud	ADJ	2
välja_võte	NOUN	2
väljendus_oskus	NOUN	2
väljumine	NOUN	2
väljund	NOUN	2
väljuv	ADJ	2
väna	ADJ	2
värisema	VERB	2
värskem	ADJ	2
värskendav	ADJ	2
värskus	NOUN	2
värss	NOUN	2
värvus	NOUN	2
väsi	NOUN	2
väsinud	VERB	2
väsitavam	ADJ	2
väskima	VERB	2
vääga	ADV	2
väälis_maa	NOUN	2
väär	NOUN	2
väärikalt	ADV	2
võdlema	VERB	2
või	AUX	2
või_leib	VERB	2
või_leiv	NOUN	2
võik	AUX	2
võima	NOUN	2
võimalikkus	NOUN	2
võimaline	ADJ	2
võimalu	NOUN	2
võimaus	NOUN	2
võimsus	NOUN	2
võistkondlik	ADJ	2
võistus	NOUN	2
võitleja	NOUN	2
võitma	PROPN	2
võlgnema	VERB	2
võlgu	ADV	2
võma	AUX	2
võr_keel	NOUN	2
võrdlemisi	ADV	2
võrdlus	NOUN	2
võrdsus	NOUN	2
võrduma	VERB	2
võreldus	NOUN	2
võrk_palli,jalg_pall	NOUN	2
võrkp_alli,k_orvpall	NOUN	2
võrpall	NOUN	2
võrratult	ADV	2
võrreldav	ADJ	2
võrts_pall	NOUN	2
võta_kaasa	NOUN	2
võtlema	VERB	2
võtma	PROPN	2
võttame	VERB	2
võttima	VERB	2
võõr_keeli	ADV	2
võõr_keeltes	NOUN	2
võõr_kultuur	NOUN	2
võõrsas	ADJ	2
võõrsil	ADV	2
vöi	CCONJ	2
vöitma	VERB	2
vööras	ADJ	2
www.elukutse.ee	NOUN	2
www.elukutsed.ee	NOUN	2
www.elukutseid.ee	NOUN	2
www.kool	NOUN	2
www.kool.ee	SYM	2
www.kooliajaleht.ee	NOUN	2
x	ADV	2
yo	INTJ	2
you	PRON	2
yout	NOUN	2
yout_ubi	NOUN	2
youtub	NOUN	2
zombis	NOUN	2
zoo-park	NOUN	2
zoom	NOUN	2
Äitah	PROPN	2
Õhtu_leht	PROPN	2
ÜRO	PROPN	2
Ülikol	PROPN	2
Ülikool	PROPN	2
äev.ee	X	2
ägeda=m	ADJ	2
äike	NOUN	2
äitäh	ADV	2
ämblik	NOUN	2
äratama	VERB	2
äriinfo_tehnoloogia	NOUN	2
ärkamine	NOUN	2
ärrituma	VERB	2
ääre_linn	NOUN	2
äärel	ADP	2
äärmine	ADJ	2
õe	NOUN	2
õel	ADJ	2
õendus	NOUN	2
õhkama	VERB	2
õhtu_poolik	NOUN	2
õhtu_tund	NOUN	2
õieti	ADV	2
õiglasem	ADJ	2
õigusta=tud	ADJ	2
õmblemine	NOUN	2
õnne_sepp	NOUN	2
õnne_tunne	NOUN	2
õnnel	NOUN	2
õnnetum	ADJ	2
õnnistama	VERB	2
õnnistus	NOUN	2
õnnitlema	VERB	2
õp	NOUN	2
õpe_koormus	NOUN	2
õpe_töö	NOUN	2
õpeta	NOUN	2
õpetajd	NOUN	2
õpetatav	ADJ	2
õpetus_sõna	NOUN	2
õpi=v	ADJ	2
õpi_ane	NOUN	2
õpi_himu	NOUN	2
õpi_keskkond	NOUN	2
õpi_süsteem	NOUN	2
õpialne	NOUN	2
õpilane	ADJ	2
õpilas_pile	NOUN	2
õpimis_võime	NOUN	2
õpiv	ADJ	2
õplane	NOUN	2
õppe_koormus	NOUN	2
õppe_kursus	NOUN	2
õppe_käik	NOUN	2
õppe_laul	NOUN	2
õppe_meetod	NOUN	2
õppe_periood	NOUN	2
õppe_suund	NOUN	2
õppe_tingimus	NOUN	2
õppetus	NOUN	2
õppi=nud	ADJ	2
õppima	PROPN	2
õppimene	NOUN	2
õppimis_koht	NOUN	2
õppitaja	NOUN	2
õppur	NOUN	2
õppus	NOUN	2
õu	ADJ	2
õudselt	ADV	2
õudus_film	NOUN	2
õuna_pirukas	NOUN	2
õuna_puu	NOUN	2
õuna_uss	NOUN	2
õõbima	VERB	2
õõtlema	VERB	2
õötlema	VERB	2
ö_öed	VERB	2
öelma	VERB	2
ölema	VERB	2
öpetaja	NOUN	2
öppima	VERB	2
ööp	NOUN	2
ööp_äeviti	ADV	2
ühe_aegselt	ADV	2
ühe_korraga	ADV	2
ühe_päevane	ADJ	2
ühe_teise	PRON	2
üheks	DET	2
üheksa_kümmend	NUM	2
üheksandane	ADJ	2
üheksateistkümneaastane	ADJ	2
üheksateistkümnenda=l	ADJ	2
üheselt	ADV	2
üheskis	DET	2
üheskonna_õpetus	NOUN	2
ühete_istkümn	NUM	2
ühis_laulmine	NOUN	2
ühis_leamus	NOUN	2
ühis_osa	NOUN	2
ühisko_nna	NOUN	2
ühiskonna_elu	NOUN	2
ühiskonna_õpetus	PROPN	2
ühks	DET	2
ühks_eist	NUM	2
üht_moodi	ADV	2
ühte_hoidmine	NOUN	2
ühtsem	ADJ	2
üks_teise	DET	2
üksildane	ADJ	2
üld_mulg	NOUN	2
üldsiselt	ADV	2
üle_jäänud	NOUN	2
üle_kaalu=lisus	NOUN	2
üle_kaalulisus	NOUN	2
üle_käiguraja	NOUN	2
üle_mõtlemine	NOUN	2
üle_rahvastatus	NOUN	2
üle_üldine	ADJ	2
ülemaailmne	ADJ	2
ülerahvastatus	NOUN	2
üles_kutse	NOUN	2
ülesand	NOUN	2
ülesane	NOUN	2
ülesaned	NOUN	2
ülevalt	ADV	2
üli_huvitav	ADJ	2
üli_hästi	ADV	2
üli_kiiresti	ADV	2
üli_populaarne	ADJ	2
üli_võimna	ADJ	2
ülistama	VERB	2
üllas	ADJ	2
ümber_paiknemine	NOUN	2
ümbes	ADP	2
ümbruts	NOUN	2
ütelsima	VERB	2
ütema	VERB	2
ütle	NOUN	2
ütlema	ADJ	2
ütlemi	VERB	2
ütles,e	NOUN	2
üüratu	ADJ	2
üürike	ADJ	2
Šnelli	PROPN	2
Šurik	PROPN	2
šabloon	NOUN	2
šanss	NOUN	2
šaš_lõkk	NOUN	2
šnell	NOUN	2
šokkis	NOUN	2
šokola	NOUN	2
šokolad	NOUN	2
šoppima	VERB	2
štromm	NOUN	2
žaaner	NOUN	2
žanride	NOUN	2
žürii	NOUN	2
!!!!!!!	PUNCT	1
!26	NUM	1
!Auhinnas	PROPN	1
!a_uhind	NOUN	1
!algama	VERB	1
!auhind	NOUN	1
!bastioon	PROPN	1
!danii	PROPN	1
!hea	NOUN	1
!homme	PROPN	1
!ja	CCONJ	1
!kas	ADV	1
!kirjutama	VERB	1
!kuui	SCONJ	1
!lootma	VERB	1
!mina	PROPN	1
!mitte	ADV	1
!mul	PROPN	1
!nägemine	NOUN	1
!oli	AUX	1
!paluma	VERB	1
!pärast	ADP	1
!restoran	NOUN	1
!seal	ADV	1
!siis	ADV	1
!spordi_paev	PROPN	1
!spordi_päev	PROPN	1
!spordi_õpetaja	NOUN	1
!süni_päev	NOUN	1
!sünn_ipäev_pidu	NOUN	1
!sünni_päev	NOUN	1
!te	PUNCT	1
!teine	ADJ	1
!tema	PRON	1
!tuli	NOUN	1
!tähele_panu	NOUN	1
!täna	ADV	1
!täna_päev	NOUN	1
!ära	AUX	1
!ära	PUNCT	1
#	SYM	1
%-20	SYM	1
%-line	ADJ	1
%soodustus	NOUN	1
&lt	ADV	1
&quot;mase&quo	NOUN	1
(m.mets@gmail.net	NOUN	1
(mari.maasikas@gmail.com	NOUN	1
(martmets@gmail.com	NOUN	1
),kõ_rvpalli(	PROPN	1
)a	PUNCT	1
**	PUNCT	1
*****	INTJ	1
*****	SYM	1
******@gmail.com	SYM	1
****_****@_mail	SYM	1
*JUNOST*	PROPN	1
*esinema	VERB	1
*info_päev	NOUN	1
*juba	ADV	1
*kui	SCONJ	1
*loovus	NOUN	1
*nimi*	NOUN	1
*osalus_tasu	NOUN	1
*pidama	AUX	1
*registreerima	VERB	1
*söök	NOUN	1
*tutvusma	VERB	1
*töötama	VERB	1
*üritus	NOUN	1
+	SYM	1
+(372)5555555	NUM	1
+-	SYM	1
+20	NUM	1
+30	NUM	1
+32 555	NUM	1
+321234567	NUM	1
+3212345678	NUM	1
+3254112233	NUM	1
+325422333	NUM	1
+3255112233	NUM	1
+3255226428	NUM	1
+3255334455	NUM	1
+32555666	NUM	1
+3255666665	NUM	1
+32561122333	NUM	1
+325644555	NUM	1
+3257223344	NUM	1
+3258112233	NUM	1
+3258123456	NUM	1
+32666666	NUM	1
+3266666666	NUM	1
+370	NUM	1
+372******	SYM	1
+37200000000	NUM	1
+37209112233	NUM	1
+37211223344	NUM	1
+37212311222	NUM	1
+37212345678.	ADJ	1
+3723333333	NUM	1
+37235555888	NUM	1
+37244444444.	ADJ	1
+3725011223	NUM	1
+3725022333.	SYM	1
+3725111122	NUM	1
+37251111222	NUM	1
+37251234234	NUM	1
+37251234_567.	NUM	1
+37251756789	NUM	1
+37251999955	NUM	1
+37252222333	NUM	1
+37253012345	NUM	1
+37253123123	NUM	1
+37254112233	NUM	1
+37254332244	NUM	1
+37254443333	NUM	1
+3725444444	NUM	1
+37254445566	NUM	1
+3725444666	NUM	1
+37255112233	NUM	1
+37255112233.	NUM	1
+37255123321	NUM	1
+372551234	NUM	1
+37255223344	NUM	1
+37255432432	NUM	1
+37255500000	NUM	1
+3725552222.	NUM	1
+3725553344	NUM	1
+37255550000	NUM	1
+3725555222	NUM	1
+37255553333	NUM	1
+3725555533,aga	NUM	1
+372555553333	NUM	1
+3725555544	NUM	1
+37255555555.	SYM	1
+37255555666.	ADJ	1
+37255555_5.aitäh	SYM	1
+3725555666.	ADJ	1
+37255556666.	ADJ	1
+37255556666.	NUM	1
+372555566677	NUM	1
+3725555888	NUM	1
+3725555888.	NUM	1
+37255566666.	ADJ	1
+3725556677	NUM	1
+37255566777.	NUM	1
+3725557777	NUM	1
+37255577777	NUM	1
+372555888	NUM	1
+372555_55555	ADJ	1
+37255654321	NUM	1
+37255833444	NUM	1
+3725612321	NUM	1
+372561234	NUM	1
+3725612345	NUM	1
+372562....	SYM	1
+37256655777	NUM	1
+37256667777	NUM	1
+372566777	NUM	1
+37256766777.	NUM	1
+37256987654	NUM	1
+3725712345	NUM	1
+372577777	NUM	1
+37257777777	SYM	1
+3725777888	NUM	1
+37258012345	NUM	1
+37258055667	NUM	1
+37258144123.	NUM	1
+37258228555.	NUM	1
+37258345634	NUM	1
+37258345678	NUM	1
+37258712345	NUM	1
+37258788999	NUM	1
+37258811222	NUM	1
+3725888999	NUM	1
+3726666666	NUM	1
+372681234	NUM	1
+3727777777	NUM	1
+37285555555	NUM	1
+375	NUM	1
+53333444	NUM	1
+555	NUM	1
+55555555555	NUM	1
+55566677	NUM	1
+55566677.	ADJ	1
+56666777	NUM	1
+66666666	NUM	1
+6666777	NUM	1
+678123456.	ADJ	1
+8	NUM	1
,,5	SYM	1
,,ahha	NOUN	1
,,gero	NOUN	1
,,nepo_sedõ	NOUN	1
,,nikE	PROPN	1
,,nurr	NOUN	1
,,pileti_levi	NOUN	1
,,reedel,_kell	NOUN	1
,,rugodiiv	NOUN	1
,,scoote_ring	NOUN	1
,1000	NUM	1
,100m	NUM	1
,12.mail	NOUN	1
,13.00	NUM	1
,2	NUM	1
,200	NUM	1
,6.aprill	NOUN	1
,60-meetri	NOUN	1
,9.	ADJ	1
,FILIP	PROPN	1
,SOMPA	PROPN	1
,ale_ksander	PROPN	1
,batuudi_keskus	NOUN	1
,disko	NOUN	1
,hakkama	VERB	1
,hüpama	VERB	1
,joksmine	NOUN	1
,jook	NOUN	1
,jooksma	VERB	1
,juss	ADV	1
,juss	PROPN	1
,järgmine	ADJ	1
,kadri	NOUN	1
,kadri_org	NOUN	1
,kamilla	NOUN	1
,kamsun	NOUN	1
,kas	ADV	1
,kegi	PRON	1
,kes	PRON	1
,kino	NOUN	1
,kool	NOUN	1
,koolistaadion	NOUN	1
,koos	ADP	1
,korv_pall	NOUN	1
,kui	SCONJ	1
,kuidas	ADV	1
,kuna	SCONJ	1
,kuues	ADJ	1
,kuul	NOUN	1
,laul	NOUN	1
,laura	PROPN	1
,ma	CCONJ	1
,ma	PRON	1
,me	NOUN	1
,me	PUNCT	1
,meie	PRON	1
,meil	PRON	1
,metsa-serv	PROPN	1
,mida	PRON	1
,millal	ADV	1
,minu	NOUN	1
,mis	PRON	1
,mu	ADV	1
,mänis	VERB	1
,nad	PRON	1
,narvas,_kino	NOUN	1
,nelja_päev	NOUN	1
,nika	PROPN	1
,ootama	VERB	1
,pa_stapliat	NOUN	1
,pall	NOUN	1
,paluma	VERB	1
,pane	VERB	1
,panema	VERB	1
,pirita	NOUN	1
,polina	PROPN	1
,pärast	ADP	1
,pärnu	PROPN	1
,püks	NOUN	1
,püksid,pluss,_sall	NOUN	1
,ra_hvusp_all,jooksmine	NOUN	1
,rahvaste_pall	NOUN	1
,rahvastepallivõistlus	NOUN	1
,rätik	NOUN	1
,saama	VERB	1
,selg	NOUN	1
,sest	CCONJ	1
,sinu	PRON	1
,skulptuur	NOUN	1
,spordi_püks	NOUN	1
,sõitma	VERB	1
,sööma	VERB	1
,süni_päev	NOUN	1
,t-särg	NOUN	1
,tanma	VERB	1
,tants	ADJ	1
,tartu	PROPN	1
,tegema	NOUN	1
,tegema	VERB	1
,teie	ADV	1
,teine	ADJ	1
,teisi_päev	NOUN	1
,tema	NOUN	1
,tema	PRON	1
,tondi_raba	PROPN	1
,tsärk	NOUN	1
,uju_mistrikoo	NOUN	1
,ujum	NOUN	1
,veel	ADV	1
,vesi	NOUN	1
,viiner	NOUN	1
,viktoria	PROPN	1
,votma	VERB	1
,või	CCONJ	1
,võima	AUX	1
,võrk_pall	NOUN	1
-	SYM	1
-1*	SYM	1
-12	X	1
-28°c	SYM	1
-29.09.2022	NUM	1
-Mari	PROPN	1
-aktiivne	ADJ	1
-artur	PROPN	1
-auto	NOUN	1
-dane	PROPN	1
-i	PUNCT	1
-jalgatrenn	PROPN	1
-jooksutrenn	NOUN	1
-järv	NOUN	1
-klass	NOUN	1
-kommunikatsioon	NOUN	1
-kui	CCONJ	1
-kvaliteet	NOUN	1
-käetrenn	NOUN	1
-laul	NOUN	1
-li_verpool	PROPN	1
-liikumine	NOUN	1
-lind	NOUN	1
-loojang	NOUN	1
-ma	PRON	1
-ma	SYM	1
-mart	PROPN	1
-me	PUNCT	1
-moodi	ADV	1
-mängima	VERB	1
-negatiiv	NOUN	1
-orkester	NOUN	1
-park	NOUN	1
-piknik	NOUN	1
-pilt	NOUN	1
-positiiv	NOUN	1
-probleem	NOUN	1
-põhikool@gmail.com	SYM	1
-real	PROPN	1
-reee	NOUN	1
-selgatrenn	NOUN	1
-sse	X	1
-stiil	NOUN	1
-tuhat	NUM	1
-vene	ADJ	1
-õpilane	NOUN	1
-üritus	NOUN	1
....	PUNCT	1
.............	PUNCT	1
.12.00	NUM	1
.17.00	NUM	1
.2021	NUM	1
.26.05.18	NUM	1
.Auhina	PROPN	1
.Leonardo	PROPN	1
.SPORDIÄEV	NOUN	1
.aitäh	INTJ	1
.anema	PROPN	1
.batuutik_eskus	NOUN	1
.com	ADV	1
.iga	DET	1
.ilm	NOUN	1
.jook	NOUN	1
.julia	PROPN	1
.kasa	ADV	1
.kassa	NOUN	1
.kava	NOUN	1
.keegi	PRON	1
.keva_dkonsert	NOUN	1
.keva_dkontsert	NOUN	1
.kong_käigu	NOUN	1
.kool	NOUN	1
.kui,sa	ADV	1
.kunst	NOUN	1
.kutsuma	NOUN	1
.kõge	PROPN	1
.kõige	ADV	1
.kõik,ma	PUNCT	1
.looma_aed	NOUN	1
.lootma	VERB	1
.mail	NOUN	1
.mart	PROPN	1
.meie	PRON	1
.meie	PUNCT	1
.meil	PRON	1
.mina	PROPN	1
.mine	PROPN	1
.minu	PRON	1
.mu	PROPN	1
.mul	ADV	1
.nägemine	NOUN	1
.org_aanisator	NOUN	1
.otama	PROPN	1
.palun	PROPN	1
.pane_selk	PROPN	1
.pilet	NOUN	1
.päev.ee	NOUN	1
.riie	NOUN	1
.saama	VERB	1
.seiklus_park	PROPN	1
.selg	NOUN	1
.selg	PROPN	1
.selle	PRON	1
.selle_järel	ADV	1
.siis	ADV	1
.sina	NOUN	1
.sinna	ADV	1
.sordi_päev	NOUN	1
.staadion	NOUN	1
.stadion	PROPN	1
.sü_nnipäeva_pidu	NOUN	1
.süni_päev	NOUN	1
.sünni_paev	NOUN	1
.sünni_päe_vpid	NOUN	1
.sünni_püev	NOUN	1
.tahaks,et	ADJ	1
.tallinnas	PROPN	1
.teile	PRON	1
.teine	ADJ	1
.tema	NOUN	1
.tema	PROPN	1
.tervitama	PROPN	1
.tervitama	VERB	1
.trenn	NOUN	1
.trenn	PROPN	1
.tulema	VERB	1
.täna	ADV	1
.tänama	AUX	1
.tõvl2017@mail_.ru	NOUN	1
.veel	ADV	1
.värv	NOUN	1
.võima	AUX	1
.äitah	NOUN	1
.üks	NOUN	1
.’	PUNCT	1
/...	PUNCT	1
/amet.ee	PROPN	1
/kell	NOUN	1
/koer	NOUN	1
0,60	NUM	1
0,70	NUM	1
0-13	NUM	1
00,me	X	1
00,meil	NOUN	1
00,ne	ADJ	1
00,sealt	ADV	1
00-	NUM	1
00.SE	ADJ	1
00.kohtuma	NOUN	1
00.me	NOUN	1
00.spOrdip	NOUN	1
00.trenn	NOUN	1
007.	ADJ	1
01.02.2020	NUM	1
01.04.17.	NUM	1
01.05.19	NUM	1
01.05.2017	NUM	1
01.05.2018	NUM	1
01.05.2020.	NUM	1
01.06,toimub	ADJ	1
01.06.2016	NUM	1
01.06.2018.	ADJ	1
01.12.2018	NUM	1
01.12.21	NUM	1
01.juuni	NOUN	1
01234	NUM	1
02.03.2019	NUM	1
02.06.17	NUM	1
02.06.17.me	NUM	1
02.06.2018	NUM	1
02.06.21.	NUM	1
02.09	NUM	1
02.12.2019	NUM	1
028	NUM	1
03,05,2015	NUM	1
03-07	NUM	1
03.00	NUM	1
03.04	NUM	1
03.05.17	NUM	1
03.05.21	NUM	1
03.06-05.06	NUM	1
03.06.16	NUM	1
03.06.18	NUM	1
03.06.20	NUM	1
03.06.201-	NUM	1
03.06.2010	NUM	1
03.06.2018	NUM	1
03.07.2019.	NUM	1
03.11	NUM	1
03.11.19	NUM	1
03.12.2021	NUM	1
03.juuni	NOUN	1
04.05	NUM	1
04.05.2016	NUM	1
04.05.2017me	NUM	1
04.06.19.	NUM	1
04.06.2016	NUM	1
04.11	NUM	1
04.11.2019	NUM	1
04.24.2005	NUM	1
05	NUM	1
05.02	NUM	1
05.02.2016	NUM	1
05.02.2016.pidu	NUM	1
05.04.2015	NUM	1
05.04.2022	NUM	1
05.05.17.	NUM	1
05.05.17kell	NOUN	1
05.05.18	NUM	1
05.05.2017.me	NUM	1
05.05.2017.on	ADJ	1
05.06	NUM	1
05.06.	ADJ	1
05.06.19	NUM	1
05.06.19.	NUM	1
05.06.2019	NUM	1
05.07.2022	NUM	1
05.11	NUM	1
05.15.2019	NUM	1
05.25.2021	NUM	1
05.5	NUM	1
05.juuni	NOUN	1
05.september	NOUN	1
06.	ADJ	1
06.02.2017	NUM	1
06.05	NUM	1
06.05.17	NUM	1
06.05.2018	NUM	1
06.06	NUM	1
06.06.17	NUM	1
06.06.19	NUM	1
06.08.16	NUM	1
06.09	NUM	1
06.09.19	NUM	1
06.09.2019	NUM	1
06.juun	NOUN	1
06:	NUM	1
07.00	NUM	1
07.00-17.00	NUM	1
07.06.2017	NUM	1
07.06.2019	NUM	1
07.08.16	NUM	1
07.08.19.	ADJ	1
08	NUM	1
08.05.2021	NUM	1
08.06	NUM	1
08.06.	NUM	1
08.06.2020a	NUM	1
08.07.2016	NUM	1
08.09	NUM	1
08.30	NUM	1
08.45	NUM	1
08.juuni	NOUN	1
08:	NUM	1
08:00	NUM	1
08:45-14:00	NUM	1
09.00-17.00	NUM	1
09.00.seal	ADJ	1
09.05	NUM	1
09.05.2017	NUM	1
09.06.20	NUM	1
09.08.2019	NUM	1
09.08.sünni_päev	PROPN	1
09.15	NUM	1
09.20.	NUM	1
09.2016	NUM	1
09.30	NUM	1
1+1	NUM	1
1,2,3	NUM	1
1,2,3,4,5,6,7,8	NUM	1
1,8	NUM	1
1-10,kohtl_a-järv	PROPN	1
1-2-3	NUM	1
1-3.klass	NOUN	1
1-41	NUM	1
1-5	NUM	1
1-6	NUM	1
1-toaline	ADJ	1
1.(	ADJ	1
1.-10.	ADJ	1
1.-15.	ADJ	1
1.-5	NUM	1
1.-5.	ADJ	1
1.-5.klass	NOUN	1
1.-7.	ADJ	1
1.00	NUM	1
1.01.1996	NUM	1
1.02-3.02	NUM	1
1.05.2016	NUM	1
1.06	NUM	1
1.06.18.	NUM	1
1.06.19	NUM	1
1.09	NUM	1
1.kg	ADJ	1
1.kooliast	NOUN	1
1.kui	SCONJ	1
1.kuni	ADJ	1
1.mai	ADJ	1
1.narva	PROPN	1
1.seal	NOUN	1
1.september	NOUN	1
10,00	NUM	1
10,1	NUM	1
10,15	NUM	1
10,50	NUM	1
10,aga	NUM	1
10-	NUM	1
10-12.me	NUM	1
10-14	NUM	1
10-17	NUM	1
10-18	NUM	1
10-18.00	NUM	1
10-5	NUM	1
10-aastase=lt	ADV	1
10.-20.	ADJ	1
10.00,ses	ADJ	1
10.00,vana	ADJ	1
10.00-11.30	NUM	1
10.00-12.30	NUM	1
10.00-15,00	NUM	1
10.00-16.00	NUM	1
10.00-18.00	NUM	1
10.00-18.30	NUM	1
10.00-20.00	NUM	1
10.00.kaasa	NOUN	1
10.00.kavas	ADJ	1
10.00.kontsert	NOUN	1
10.00.pilet	NOUN	1
10.00.pärg	NOUN	1
10.02.2019	NUM	1
10.02.2021	NUM	1
10.04.2018	NUM	1
10.05	NUM	1
10.05.17	NUM	1
10.05.2016	NUM	1
10.05.2017	NUM	1
10.06	NUM	1
10.06-30.06	NUM	1
10.06.2017	NUM	1
10.06.2018	NUM	1
10.06.2021	NUM	1
10.07	NUM	1
10.08.2018	NUM	1
10.09	NUM	1
10.09.2022	NUM	1
10.09.22	NUM	1
10.12.2018.	NUM	1
10.15-14.00	NUM	1
10.20	NUM	1
10.30.kontsert	NOUN	1
10.30.spordip	NOUN	1
10.40	NUM	1
10.45	NUM	1
10.a	ADJ	1
10.a	NUM	1
10.august	NOUN	1
10.detsember	NOUN	1
10.me	NUM	1
10.märts	NOUN	1
10.seal	ADJ	1
10.septemb_ril_.pid	NOUN	1
10.spOrdip	NOUN	1
100-150	NUM	1
100-meeter	NOUN	1
100-protsentilise=lt	ADV	1
1000m	NUM	1
1010101	NUM	1
101321	NUM	1
103	NUM	1
104	NUM	1
107.s	NUM	1
109	NUM	1
10:00-11	NUM	1
10:00-13:00.	NUM	1
10:00-14:	NUM	1
10:00-16:	NUM	1
10:09	NUM	1
10:30	NUM	1
10:30-korvpalli_mäng	NOUN	1
10A	ADJ	1
10B	ADJ	1
10b	NUM	1
10ekskursioon	NOUN	1
10g	NUM	1
10kl-12kl	NUM	1
11,00	NUM	1
11-12	NUM	1
11-12.	ADJ	1
11-14	NUM	1
11-35	NUM	1
11.00-12.30	NUM	1
11.00-18.00	NUM	1
11.00.kavas	ADJ	1
11.00.konsert	NOUN	1
11.00.oli	NUM	1
11.00.toimuma	VERB	1
11.03	NUM	1
11.04	NUM	1
11.05,panni_järve	NOUN	1
11.09	NUM	1
11.23.22	NUM	1
11.30),köevedu	NUM	1
11.30-14.30	NUM	1
11.juuni	NOUN	1
11.kl	ADJ	1
11.klass	NOUN	1
11.mail	ADJ	1
11.mail	NUM	1
11.november	NOUN	1
11.pidu	NOUN	1
1111	NUM	1
11110	NUM	1
11122	NUM	1
115555	NUM	1
116-8	NUM	1
117	NUM	1
11:00-12:30	NUM	1
11:20-14.40	NUM	1
11:30-jooks	NUM	1
11:40-13	NUM	1
11R	ADJ	1
11a	ADJ	1
12,00	NUM	1
12,50	NUM	1
12,mail	ADJ	1
12-	ADJ	1
12-	NUM	1
12-00	NUM	1
12-00.kavas	NUM	1
12-12	NUM	1
12-13.30	NUM	1
12-14,30	NUM	1
12-15.	ADJ	1
12-15.	NUM	1
12-24	NUM	1
12-34	NUM	1
12-34,kohtla-Jarve	PROPN	1
12-a_asta	NOUN	1
12-kümne	NUM	1
12-kümnes	ADJ	1
12-ne	NUM	1
12-tundine	ADJ	1
12.-klass	NOUN	1
12.-teooria_tund	NOUN	1
12.0.2022.	NUM	1
12.00,lõppema	VERB	1
12.00-12.30	NUM	1
12.00-13.00	NUM	1
12.00-14.30	NUM	1
12.00-15.30	NUM	1
12.00-17.00	NUM	1
12.00-20.00	NUM	1
12.00.	NUM	1
12.00.-	NUM	1
12.00.kontsert	NOUN	1
12.00.see	ADJ	1
12.00.ses	ADJ	1
12.00.spordip	NOUN	1
12.00.tagasi	NUM	1
12.04.2019	NUM	1
12.05.17	NUM	1
12.05.2016	NUM	1
12.06-18.08	NUM	1
12.06.2018	NUM	1
12.07	NUM	1
12.08	NUM	1
12.09.2013	NUM	1
12.09.22	NUM	1
12.10	NUM	1
12.11.2018	NUM	1
12.30-13.30	NUM	1
12.30.ekskursioon	NOUN	1
12.30.meil	NUM	1
12.30.see	NUM	1
12.30_.oska	ADJ	1
12.45.spordip	NOUN	1
12.50	NUM	1
12.55	NUM	1
12.B	NUM	1
12.B	PROPN	1
12.a.narva@mail.ru	SYM	1
12.aastane	ADJ	1
12.b	NUM	1
12.c	ADJ	1
12.d	ADJ	1
12.e	ADJ	1
12.juuni	NOUN	1
12.kl	NUM	1
12.kontsert	NOUN	1
12.muuseum	NOUN	1
12.pidu	NOUN	1
12.r	ADJ	1
12.v	ADJ	1
120-euro	NOUN	1
120021	NUM	1
123,_korter	NOUN	1
123,kolmapäev_al,k	NOUN	1
123-321	NUM	1
123-4	NUM	1
123-45.	NUM	1
123.	ADJ	1
123.huvi_ring	NOUN	1
12321	NUM	1
1233	NUM	1
12340567809	NUM	1
1234321@gmail.com	X	1
123456	NUM	1
123456789.	ADJ	1
1234567890	NUM	1
1234@gmail.com	NOUN	1
123@gmail.com	SYM	1
123a-45	NUM	1
123a-45.Pidu	NOUN	1
126	NUM	1
128	NUM	1
129	NUM	1
12:00-13	NUM	1
12:00-14	NUM	1
12:00-jaigpalli_mäng	NOUN	1
12:3024.05.2017	NUM	1
12B	NUM	1
12C	NUM	1
12D	NUM	1
12_aastane	ADJ	1
12a	NOUN	1
12aasta	NOUN	1
12b	ADJ	1
12c	ADJ	1
12c	NUM	1
12€	NUM	1
13,00	NUM	1
13-14	NUM	1
13-18	NUM	1
13-2	NUM	1
13-5	NUM	1
13-kategooria	NOUN	1
13.-15.	ADJ	1
13.00,konkurss	NOUN	1
13.00-15.00	NUM	1
13.00-16.00	NUM	1
13.00-16.00.peole	NOUN	1
13.00.kavas	NUM	1
13.00.kontsert	NOUN	1
13.00.lõppema	NUM	1
13.00.spordip	NOUN	1
13.03.2019	NUM	1
13.03.2020	NUM	1
13.04	NUM	1
13.04.	NUM	1
13.04.17	NUM	1
13.05.	NUM	1
13.05.16	NUM	1
13.05.2016	NUM	1
13.06.	ADJ	1
13.09.2022	NUM	1
13.10	NUM	1
13.10.2022	NUM	1
13.20	NUM	1
13.30-15.00	NUM	1
13.30._spordip	NOUN	1
13.30.selle	ADJ	1
13.40	NUM	1
13.55	NUM	1
13.apr	NOUN	1
13.aprill	NOUN	1
13.juuni	NOUN	1
13.kell	NUM	1
13.mai	ADJ	1
13.minu	ADJ	1
130	NUM	1
130-minutiline	ADJ	1
130k	NUM	1
130€	NUM	1
132	NUM	1
135	NUM	1
137	NUM	1
13816	NUM	1
139	NUM	1
139e	NUM	1
13:00,ja	NUM	1
13:00-	NUM	1
13:00-15	NUM	1
13:00-15:	NUM	1
13:05	NUM	1
13:15	NUM	1
13C	SYM	1
13ma	NOUN	1
14,00	NUM	1
14,00.me	NUM	1
14,5	NUM	1
14-25	NUM	1
14-28	NUM	1
14.-16	NUM	1
14.-19.	ADJ	1
14.00,esmas_päev	NOUN	1
14.00,meie	NUM	1
14.00-	NUM	1
14.00-15.00	NUM	1
14.00-15.30	NUM	1
14.00-17.00	NUM	1
14.00-18.00.ma	NUM	1
14.00-19.00	NUM	1
14.00.ekskursioon	NOUN	1
14.00.ekskuseon	NOUN	1
14.00.esinev	ADJ	1
14.00.me	NUM	1
14.00.peol	NUM	1
14.00.se	NUM	1
14.00.selk	NOUN	1
14.00me	NUM	1
14.05.	ADJ	1
14.05.16	NUM	1
14.05.16),kell	NUM	1
14.05.19	NUM	1
14.05.2016	NUM	1
14.05.2016)kell	NOUN	1
14.05.2017	NUM	1
14.06.2016	NUM	1
14.08.2022	NUM	1
14.09	NUM	1
14.10	NUM	1
14.15	NUM	1
14.30-15.30	NUM	1
14.30.peol	NUM	1
14.30.spordip	NOUN	1
14.40	NUM	1
14.40.me	NUM	1
14.45	NUM	1
14.50eurot-laps	NOUN	1
14.55	NUM	1
14.a	NUM	1
14.a_prall	NOUN	1
14.jaanuar	NOUN	1
14.konsert	NOUN	1
14.kontsert	NOUN	1
14.mail	NUM	1
14.mail.pidu	PROPN	1
14.me	NUM	1
14.november	NOUN	1
14.september	NOUN	1
14/12	NUM	1
14113	NUM	1
144	NUM	1
1488	NUM	1
14:00,ja	NUM	1
14:30-60	NUM	1
14:50	NUM	1
15,00-17,00	NUM	1
15,esmas_päev	NOUN	1
15-00	NUM	1
15-16	NUM	1
15-18	NUM	1
15-20.	ADJ	1
15-a_asta	ADJ	1
15-aastase=lt	ADV	1
15.	NUM	1
15.-17.-	ADJ	1
15.-17.mail	ADJ	1
15.-17mail	ADJ	1
15.-19.	ADJ	1
15.00,12.03.18	NUM	1
15.00,aga	NUM	1
15.00,ja	NUM	1
15.00,tule	ADJ	1
15.00-15.30	NUM	1
15.00-18.00	NUM	1
15.00-18.00.	NUM	1
15.00-19.00.	NUM	1
15.00.	ADJ	1
15.00.kaasa	NUM	1
15.00.kell	NUM	1
15.00.konsert	NOUN	1
15.00.kontsert	NOUN	1
15.00.meie	NUM	1
15.00.minu	ADJ	1
15.00.peol	ADJ	1
15.00.seal	NUM	1
15.00me	NUM	1
15.04.	ADJ	1
15.04.2020	NUM	1
15.04.2020.a.	NUM	1
15.05-25.05	NUM	1
15.05.16	NUM	1
15.05.19	NUM	1
15.05.2018	NUM	1
15.06.18	NUM	1
15.06.2016	NUM	1
15.06.2019	NUM	1
15.08	NUM	1
15.08.2019	NUM	1
15.09	NUM	1
15.09.2016	NUM	1
15.15	NUM	1
15.30.kontsert	NOUN	1
15.30.sünni_päev	NOUN	1
15.30happy	NUM	1
15.45	NUM	1
15.5	NUM	1
15.a	NUM	1
15.konsert	NOUN	1
15.mail.kohtuma	NOUN	1
15.mail.me	NOUN	1
15.me	NUM	1
15.me	SYM	1
15.peol	NUM	1
15.seal	NUM	1
15.september	NOUN	1
150,000€	NUM	1
150-200	NUM	1
150-minutiline	ADJ	1
1500-minutiline	ADJ	1
1500km	NUM	1
1500m	NUM	1
150€	NUM	1
157	NUM	1
15:00,aga	NUM	1
15:00-17:00	NUM	1
15:00-60	NUM	1
15:00.	NUM	1
15:00.me	NUM	1
15:30	NUM	1
15=s	ADJ	1
15@.ee	NUM	1
15_-aastane	ADJ	1
15_16-aastane	ADJ	1
15ma	NUM	1
15minut	NOUN	1
15’00	NUM	1
16,esmaspäeval,kolmas	ADJ	1
16-00	NUM	1
16-17	NUM	1
16-19	NUM	1
16-a_asta	NOUN	1
16-aasta	NOUN	1
16-aastase=lt	ADV	1
16-ne	ADJ	1
16.00,ja	NUM	1
16.00,muuseum	NOUN	1
16.00-16.30	NUM	1
16.00-17.30	NUM	1
16.00-17.30.huviring	NOUN	1
16.00-17.30.seal	NUM	1
16.00-20.00	NUM	1
16.00.	ADJ	1
16.00.	NUM	1
16.00.huvi_ring	NOUN	1
16.00.kes	NUM	1
16.00.kontsert	NOUN	1
16.00.laste_pilg	NOUN	1
16.00.minu	ADJ	1
16.00.peol	NUM	1
16.00.seal	ADJ	1
16.00.ses	ADJ	1
16.00.spordip	NOUN	1
16.01	NUM	1
16.02.2016	NUM	1
16.04.kell	NUM	1
16.05.	NUM	1
16.05.17	NUM	1
16.05.19	NUM	1
16.05.2020	NUM	1
16.06.-21.06	NUM	1
16.06.16	NUM	1
16.06.19	NUM	1
16.06.2019	NUM	1
16.07.19	NUM	1
16.07.2017	NUM	1
16.09	NUM	1
16.15	NUM	1
16.30.k_onserd	NOUN	1
16.30.kontsert	NOUN	1
16.30.minul	NUM	1
16.30.peol	NOUN	1
16.45-17.30	NUM	1
16.45.konsert	NOUN	1
16.50	NUM	1
16.juuli	NOUN	1
16.mai	ADJ	1
16.mail	NUM	1
16.marts	NOUN	1
160	NUM	1
16:00-	NUM	1
16:00-19:00	NUM	1
16:00-20:00	NUM	1
16:00.	ADJ	1
16:30-kõrgus_hüpe	NOUN	1
16;	NUM	1
16m	NUM	1
17,45	NUM	1
17-00	NUM	1
17-10	NUM	1
17-18	NUM	1
17-18.	ADJ	1
17-19.huvi_ring	NOUN	1
17-3	NUM	1
17-33	NUM	1
17-46	NUM	1
17-84	NUM	1
17-a_asta	NOUN	1
17.00-	NUM	1
17.00-20.00.pidu	NUM	1
17.00-20.00minu	ADJ	1
17.00-21.00	NUM	1
17.00.kuni	ADJ	1
17.00.minu	ADJ	1
17.00.peol	ADJ	1
17.00.peol	NOUN	1
17.00.peol	NUM	1
17.00.plaan	NOUN	1
17.00.seal	ADJ	1
17.00.see	ADJ	1
17.01,bassein	NOUN	1
17.02.21-13.07.22	NUM	1
17.03.2023	NUM	1
17.04.18	NUM	1
17.04.18.	NUM	1
17.04.20	NUM	1
17.04.2017	NUM	1
17.04.2019.	NUM	1
17.05.	NUM	1
17.05.18.	NUM	1
17.05.2019	NUM	1
17.05.2021	NUM	1
17.06.19	NUM	1
17.06.2016	NUM	1
17.06.2018	NUM	1
17.06.homme	NUM	1
17.08	NUM	1
17.09.2018	NUM	1
17.11.16	NUM	1
17.15	NUM	1
17.30-18.30	NUM	1
17.30.me	NUM	1
17.30.trenn	NOUN	1
17.45-18.15	NUM	1
17.50	NUM	1
17.a	NUM	1
17.aprill	NOUN	1
17.juuni	NOUN	1
17.ni	ADJ	1
17.peol	NOUN	1
17.pidu	NOUN	1
172a	NUM	1
176	NUM	1
17:00,batuudikeskuses,_sell	ADJ	1
17:00-19:	NUM	1
17:00-19:00	NUM	1
17:00.	ADJ	1
17:00.me	NUM	1
17:30-kaugus_hüpe	NOUN	1
17m	NUM	1
18,03,2017	NUM	1
18-21	NUM	1
18-aastaline	ADJ	1
18.-20.	ADJ	1
18.00-18.30	NUM	1
18.00-20.30.seal	NUM	1
18.00.VALgerann	NOUN	1
18.00.kontsert	NOUN	1
18.00.oma	ADJ	1
18.00.peol	ADJ	1
18.00.seal	ADJ	1
18.00.spordip	NOUN	1
18.04.18	NUM	1
18.04.19	NUM	1
18.04.20	NUM	1
18.04.2020	NUM	1
18.04.2021	NUM	1
18.04.2021.	ADJ	1
18.05.16	NUM	1
18.06	NUM	1
18.06.17	NUM	1
18.06.2017	NUM	1
18.09.22	NUM	1
18.30-25.50	NUM	1
18.30.me	NUM	1
18.april	NOUN	1
18.ne	ADJ	1
18.pidu	NOUN	1
18.september	NOUN	1
18/0518	NUM	1
1800.	ADJ	1
18000	NUM	1
181	NUM	1
1869	NUM	1
187	NUM	1
1893	NUM	1
18:05	NUM	1
18:30	NUM	1
18:30-kaugus_hüpe	NOUN	1
18=s	ADJ	1
18aasta	NOUN	1
19,30	NUM	1
19-21	NUM	1
19-ne	ADJ	1
19.00.	ADJ	1
19.00.kavas	NUM	1
19.00.kontsedil	NOUN	1
19.00.me	NUM	1
19.00.minu	ADJ	1
19.00.peol	NOUN	1
19.00.spordip	NOUN	1
19.00.sünni_päev	NOUN	1
19.00.tantsu_ring	NOUN	1
19.02.16	NUM	1
19.03.19	NUM	1
19.05.	ADJ	1
19.05.17	NUM	1
19.05.2017	NUM	1
19.05.2021	NUM	1
19.06.19	NUM	1
19.09.2022	NUM	1
19.15	NUM	1
19.30.me	NUM	1
19.30.peol	NOUN	1
19.40	NUM	1
19.99	NUM	1
19.aastane	ADJ	1
19.aprill	NOUN	1
19.junn	NOUN	1
19.juuni	NOUN	1
19.mail.ekskursioon	NOUN	1
19.marts	NOUN	1
19/05/2019.	ADJ	1
19/09	NUM	1
190	NUM	1
1900.	ADJ	1
19000	NUM	1
1917	NUM	1
1918	NUM	1
1923	NUM	1
1941	NUM	1
1942	NUM	1
1944	NUM	1
1945	NUM	1
1970.-80.-nate	ADJ	1
198-	ADJ	1
1980.	ADJ	1
1986.	ADJ	1
1990	NUM	1
1990-2000	NUM	1
1990-=s	ADJ	1
1990.	ADJ	1
1990.=s	ADJ	1
1992	NUM	1
1A	PROPN	1
1aasta	NOUN	1
1euro	NOUN	1
1st	NUM	1
1õ.00,koolis	NOUN	1
1õ:00,koolis	NOUN	1
1–	NUM	1
2	ADJ	1
2,30	NUM	1
2,30cm	NUM	1
2,50	NUM	1
2,50€	NUM	1
2,54	NUM	1
2,ma	NUM	1
2-5.	ADJ	1
2-7.klass	NOUN	1
2-_astane	ADJ	1
2.00	NUM	1
2.06.	NUM	1
2.09	NUM	1
2.50€	NUM	1
2.59€	NUM	1
2.juuni	NOUN	1
2.juventus	NOUN	1
2.kooliast	NOUN	1
2.me	NUM	1
2.oktoober	NOUN	1
2.pärast	ADV	1
2.seal	ADV	1
20-15	NUM	1
20-40	NUM	1
20-6	NUM	1
20.-21.	ADJ	1
20.-25.03	NUM	1
20.-25.mail	ADJ	1
20.-28.	ADJ	1
20.-30.	ADJ	1
20.00.Selle	ADJ	1
20.00.seal	NUM	1
20.00eurot-täiskasvane	ADJ	1
20.02.2016.a.	NUM	1
20.03-25.03	NUM	1
20.03.05.19	NUM	1
20.03.2021	NUM	1
20.04	NUM	1
20.04.2020	NUM	1
20.04.2022	NUM	1
20.04.21	NUM	1
20.05.2016	NUM	1
20.05.2019	NUM	1
20.05.2021	NUM	1
20.05.22	NUM	1
20.06.2018	NUM	1
20.07.2016	NUM	1
20.08	NUM	1
20.09.22	NUM	1
20.10	NUM	1
20.10.2016.a	NUM	1
20.12	NUM	1
20.12.	NUM	1
20.12.2018	NUM	1
20.30.pidu	NUM	1
20.30.sünni_päev	NOUN	1
20.aprill	NOUN	1
20.märts	NOUN	1
20.peol	NOUN	1
20.september	NOUN	1
200-300	NUM	1
2000.	ADJ	1
2002.	ADJ	1
2002a	NUM	1
2006	NUM	1
2006.2019	NUM	1
2008-2013	NUM	1
2009	NUM	1
200€	NUM	1
201	NUM	1
201.	ADJ	1
2010.	ADJ	1
2011	NUM	1
2011.	ADJ	1
2013	NUM	1
2013a	NUM	1
2014	NUM	1
2014-2016.	ADJ	1
2016.a	NUM	1
2017-	NUM	1
2017.a	ADJ	1
2017.me	ADJ	1
2017_.aasta	NOUN	1
2018/2019	NUM	1
2018_.aasta	NOUN	1
2019.a	ADJ	1
2019.a	NUM	1
2020	ADJ	1
2020.	ADJ	1
2020.kell	NOUN	1
2021.	ADJ	1
2022.	ADJ	1
2022“	NUM	1
2024a.see	ADJ	1
203	NUM	1
204	NUM	1
204b	NUM	1
205.	ADJ	1
206	NUM	1
20:00,lasergama	NOUN	1
20_aastane	ADJ	1
20aa_sta	NOUN	1
20eurot.Tule	NOUN	1
20ma	NUM	1
20min	NUM	1
21-21	NUM	1
21-22	NUM	1
21.00,ma	NUM	1
21.00-	NUM	1
21.00.me	NUM	1
21.00.peol	NUM	1
21.02.2018	NUM	1
21.04.2020	NUM	1
21.04.21.	NUM	1
21.05.19	NUM	1
21.05.2017	NUM	1
21.05.2018	NUM	1
21.06-23.06	NUM	1
21.06.19	NUM	1
21.06.2016	NUM	1
21.08.19	NUM	1
21.09	NUM	1
21.11	NUM	1
21.12.16	NUM	1
21.15	NUM	1
21.aprill	NOUN	1
21.detsenber	NOUN	1
21.mail.algab	NOUN	1
21.märts	NOUN	1
21.oktoober	NOUN	1
21.veebruar	NOUN	1
21/04/2021	NUM	1
212	NUM	1
217	NUM	1
21:00-	NUM	1
21:00.me	NUM	1
22.03.2019.	NUM	1
22.04.20.	NUM	1
22.04.2019.	NUM	1
22.04.2020.a	NUM	1
22.04.2021	NUM	1
22.05.17	NUM	1
22.05.2016	NUM	1
22.05.2018	NUM	1
22.05.2019	NUM	1
22.07	NUM	1
22.08.16	NUM	1
22.10.2016	NUM	1
22.11.2011	NUM	1
22.12.2018.	NUM	1
22.apri_lill	NOUN	1
22.mail	NOUN	1
22.september	NOUN	1
220	NUM	1
220.	ADJ	1
222	NUM	1
22234.	ADJ	1
223.	ADJ	1
2233	NUM	1
224	NUM	1
22A	NUM	1
23.00	NUM	1
23.01.2019	NUM	1
23.02.19	NUM	1
23.03.2018	NUM	1
23.03.2022	NUM	1
23.04-27.04	NUM	1
23.04.2020	NUM	1
23.05.18	NUM	1
23.05.2019	NUM	1
23.05kolma_päev	NOUN	1
23.06.2019.	ADJ	1
23.09.2022	NUM	1
23.09.22	NUM	1
23.10.2020	NUM	1
23.12	NUM	1
23.1_0,ko_ol	NOUN	1
23.30	NUM	1
23.aprill	NOUN	1
23.juuli	NOUN	1
23.mai	ADJ	1
23.märts	NOUN	1
23:00	NUM	1
24.-29.	ADJ	1
24.04.17	NUM	1
24.04.2017	NUM	1
24.05,kell	NUM	1
24.05.2016	NUM	1
24.05.2019,tallind	NOUN	1
24.05.2021.	NUM	1
24.08	NUM	1
24.08.19	NUM	1
24.09.2019-26.09.2019	NUM	1
24.09.2022	NUM	1
24.0_2,algus	NOUN	1
24.10	NUM	1
24.10.16	NUM	1
24.11.2018	NUM	1
24.aprill	NOUN	1
24.mai	ADJ	1
24.mail	NOUN	1
24.mä_rtsi_l,ko	NOUN	1
24.septeember	NOUN	1
24.september	NOUN	1
24/11	NUM	1
240	NUM	1
24A	NUM	1
24a	NUM	1
25-35	NUM	1
25-46	NUM	1
25.02.2019	NUM	1
25.03.sünni_päaev	NOUN	1
25.04	NUM	1
25.04.19	NUM	1
25.04.2017	NUM	1
25.04.2019	NUM	1
25.04.21	NUM	1
25.05,19	NUM	1
25.05.17	NUM	1
25.05.17.	NUM	1
25.05.2017.	NUM	1
25.05.2018	NUM	1
25.05.2018.	NUM	1
25.06	NUM	1
25.06.	ADJ	1
25.06.17.seal	ADJ	1
25.07	NUM	1
25.07.2020.	NUM	1
25.09	NUM	1
25.09.22	NUM	1
25.0_5.20_17,k	NUM	1
25.juuni	NOUN	1
25.mai	ADJ	1
25.marts	NOUN	1
25.märts	NOUN	1
25.ses	ADJ	1
250€	NUM	1
25555555	NUM	1
25€	NUM	1
26	ADJ	1
26.02.2022	NUM	1
26.04.17.	NUM	1
26.04.2016	NUM	1
26.04.2016.	X	1
26.04.207.	NUM	1
26.04.21	NUM	1
26.04.22	NUM	1
26.05.16	NUM	1
26.05.19.	NUM	1
26.05.2009	NUM	1
26.05.see	ADJ	1
26.06	NUM	1
26.09	NUM	1
26.09.	ADJ	1
26.10.2019	NUM	1
26.aprill	NOUN	1
26.juuni	NOUN	1
26.märtis,toimuma	VERB	1
26.no_vember	NOUN	1
26.septeeber	NOUN	1
26.september	NOUN	1
26.septembirl	NOUN	1
26/04/2017	NUM	1
267	NUM	1
27	ADJ	1
27-28	NUM	1
27.02.2022	NUM	1
27.03.2016	NUM	1
27.04	NUM	1
27.04.2021	NUM	1
27.04.20233	NUM	1
27.04.22.	NUM	1
27.05	NUM	1
27.05.17	NUM	1
27.06.2015	NUM	1
27.09.algus	NOUN	1
27.april	NOUN	1
27.aprill	NOUN	1
27.no_vember	NOUN	1
27/05/16	NUM	1
270	NUM	1
278-78	NUM	1
28-45	NUM	1
28-7	NUM	1
28.03	NUM	1
28.03.17	NUM	1
28.03.2017	NUM	1
28.03.2022	NUM	1
28.04.2017	NUM	1
28.05,kell	NUM	1
28.05.19	NUM	1
28.05.19.	NUM	1
28.05.2017	NUM	1
28.06.19	NUM	1
28.08.2016	NUM	1
28.09.	ADJ	1
28.jun	NOUN	1
28.juuni	ADJ	1
28.mai	ADJ	1
287-70	NUM	1
29-23	NUM	1
29.03.2017	NUM	1
29.03.2019	NUM	1
29.04	NUM	1
29.04.2017	NUM	1
29.05.17.	NUM	1
29.05.2017.	ADJ	1
29.05.2017.	NUM	1
29.05.2017.a	NUM	1
29.06.19	NUM	1
29.06.2017.	ADJ	1
29.09.19	NUM	1
29.09.2017	NUM	1
29.09.2022	NUM	1
29.09.22.	NUM	1
29.10	NUM	1
29.11.2018	NUM	1
29.mai	ADJ	1
29.märts	NOUN	1
29.september	NOUN	1
294	NUM	1
2_koha=line	ADJ	1
2ja	ADV	1
2€/t	NUM	1
3,50€	NUM	1
3,75€	NUM	1
3,9	NUM	1
3-12	NUM	1
3-2	NUM	1
3-6	NUM	1
3-7	NUM	1
3-9.klass	NOUN	1
3-aasta	ADJ	1
3-kohaline	ADJ	1
3.-11.	ADJ	1
3.-6.	ADJ	1
3.00.	NUM	1
3.04-8.04	NUM	1
3.05.17	NUM	1
3.06	NUM	1
3.06.19	NUM	1
3.06.2017	NUM	1
3.06.2018,koi	NOUN	1
3.06.22	NUM	1
3.07.19	NUM	1
3.5	NUM	1
3.50	NUM	1
3.54€	NUM	1
3.57	NUM	1
3.69	NUM	1
3.80	NUM	1
3.89m	NUM	1
3.aprill	NOUN	1
3.b	NUM	1
3.juuli	NOUN	1
3.koha	NOUN	1
3.kontsert	NOUN	1
3.koolia	NOUN	1
3.mai	NOUN	1
3.man.un	PROPN	1
3.veel	NOUN	1
3/1.	NUM	1
30	ADJ	1
30-64	NUM	1
30.-40.	ADJ	1
30.05.15.a	NUM	1
30.05.17	NUM	1
30.05.2016.	NUM	1
30.05.2018	NUM	1
30.06.16	NUM	1
30.06.19	NUM	1
30.06.2016	NUM	1
30.09	NUM	1
30.09.2022	NUM	1
30.09.22	NUM	1
30.juuni	NOUN	1
30.kohtama	NOUN	1
30.mai	ADJ	1
30.mail	NUM	1
30.me	X	1
30.seal	ADJ	1
30.september	NOUN	1
30.sünni_päev	NOUN	1
30.toimuma	VERB	1
300.	ADJ	1
3000	NUM	1
300m	ADJ	1
303.	ADJ	1
304	NUM	1
306	NUM	1
3089.	ADJ	1
308A	PROPN	1
30€	NUM	1
31,tal_l	NOUN	1
31.05.2016	NUM	1
31.05.2017	NUM	1
31.05.2020	NUM	1
31.05.2022.	NUM	1
31.06	NUM	1
31.06.2018	NUM	1
31.06.2022	NUM	1
31.08	NUM	1
31.eile	NUM	1
31.märts	NOUN	1
314	NUM	1
314.	ADJ	1
321-23	NUM	1
32123	NUM	1
322.	ADJ	1
325._spordip	NOUN	1
3268	NUM	1
32812345.	ADJ	1
33	NUM	1
33-10	NUM	1
332	NUM	1
333.	ADJ	1
3333	NUM	1
3344.	X	1
342	NUM	1
345	NUM	1
34924	NUM	1
3528888888	NUM	1
36.	ADJ	1
365	NUM	1
36771	NUM	1
37 555	NUM	1
37-16	NUM	1
37-72	NUM	1
370372372	NUM	1
37245666777	NUM	1
37254445555	NUM	1
372544555	NUM	1
37255555555	NUM	1
3725555666.	ADJ	1
37255556666	NUM	1
3725556666	NUM	1
3725566666	NUM	1
372566666	NUM	1
37256897139	NUM	1
372600	NUM	1
37489	NUM	1
38	NUM	1
38-2	NUM	1
38t	NUM	1
39a	NUM	1
3C	PROPN	1
3T	PROPN	1
3a=s	ADJ	1
3aasta	NOUN	1
3b	ADJ	1
3d	DET	1
3d	NUM	1
3d-prill	NOUN	1
3ekskursiooni_le.m	NOUN	1
3euro	NOUN	1
3km	NUM	1
3l_iikmeline	ADJ	1
3–7	NUM	1
3€	NUM	1
4	ADJ	1
4	SYM	1
4,3	NUM	1
4,5	NUM	1
4,50	NUM	1
4,5km	NUM	1
4-	NUM	1
4-5.	ADJ	1
4-6.	ADJ	1
4-7.	ADJ	1
4-8-klass	NOUN	1
4-a	ADJ	1
4-kohalik	ADJ	1
4.-	ADJ	1
4.-6.	ADJ	1
4.-6.klass	NOUN	1
4.-9.	ADJ	1
4.03	NUM	1
4.05.17	NUM	1
4.05.2017	NUM	1
4.10	NUM	1
4.a	ADJ	1
4.b	ADJ	1
4.c	ADJ	1
4.ja	CCONJ	1
4.klass	NOUN	1
4.kontsert	NOUN	1
4.kool	NOUN	1
4.meie	PROPN	1
4.märts	NOUN	1
4.oktoober	NOUN	1
4.selg	NOUN	1
40-50	NUM	1
40-60	NUM	1
40.	ADJ	1
400,600	NUM	1
402	NUM	1
407	NUM	1
408	NUM	1
41	NUM	1
410	NUM	1
413	NUM	1
41m	NUM	1
43-12	NUM	1
44.kui	SCONJ	1
4433.	X	1
4444	NUM	1
45-65	NUM	1
45-a_asta	ADJ	1
45.	ADJ	1
4567.	ADJ	1
45678	NUM	1
45;23.09.2021.	NUM	1
45_minutiline	ADJ	1
46	NUM	1
46-51	NUM	1
46663565	NUM	1
47-1	NUM	1
472.	ADJ	1
4F	NOUN	1
4_koha=line	ADJ	1
4kl.kuni	NOUN	1
4€	NUM	1
5	ADJ	1
5 44444	NUM	1
5,6,7	NUM	1
5,6,7,8	NUM	1
5,7,9	NUM	1
5-	NUM	1
5-11	NUM	1
5-12	NUM	1
5-50_aastane	ADJ	1
5-7.	ADJ	1
5-7klass	NOUN	1
5-8.	ADJ	1
5-9.	ADJ	1
5-_inutiline	ADJ	1
5-aasta	NOUN	1
5-aastane	ADJ	1
5.	X	1
5.00.peol	NUM	1
5.05	NUM	1
5.06	NUM	1
5.06.2019	NUM	1
5.07	NUM	1
5.07.19	NUM	1
5.09	NUM	1
5.09.19	NUM	1
5.20	NUM	1
5.45	NUM	1
5.A	ADJ	1
5.B	ADJ	1
5.a	ADJ	1
5.april	NOUN	1
5.aprill	NOUN	1
5.c	ADJ	1
5.euro	NOUN	1
5.ja	CCONJ	1
5.juunil.me	NOUN	1
5.klass	NOUN	1
5.kuni	ADJ	1
5.mai	NOUN	1
5.mail._spordip	NOUN	1
5.oktoober	NOUN	1
5.oli	NUM	1
5/10/20	NUM	1
5/18/2018	NUM	1
5/4/2017	NUM	1
50,	NUM	1
50-60	NUM	1
50/50.	NUM	1
500.	ADJ	1
500/viis_sada	NUM	1
50000001111	NUM	1
50000111	NUM	1
50006555	NUM	1
500m	NUM	1
50123456	NUM	1
5050	NUM	1
5088123	NUM	1
50euro	NOUN	1
50sent	NOUN	1
50€	NUM	1
51110000	NUM	1
51111222	NUM	1
5122	NUM	1
51222333	NUM	1
5122334	NUM	1
512345	NUM	1
5143532	NUM	1
52.	ADJ	1
52.peol	NOUN	1
5202019	NUM	1
52112233	NUM	1
522	NUM	1
53.	ADJ	1
53110000	NUM	1
53112233	NUM	1
5312345	NUM	1
5322	NUM	1
53222333	NUM	1
53224422	NUM	1
53312321.	NUM	1
5333	NUM	1
5333.	NUM	1
53332211	NUM	1
53333333	NUM	1
53333444	NUM	1
53334455	NUM	1
533355555	NUM	1
53456789	NUM	1
5347	NUM	1
53555535	NUM	1
5377	NUM	1
53934567	NUM	1
54255667	NUM	1
54334455	NUM	1
54345463	NUM	1
544321	NUM	1
5444	NUM	1
54444	NUM	1
5444444.	ADJ	1
54446666.	ADJ	1
5445555	NUM	1
5461234	NUM	1
55-14	NUM	1
55067873	NUM	1
55112233	NUM	1
551234	NUM	1
5512345	NUM	1
551312345	NUM	1
55223344	NUM	1
55345678	NUM	1
55443322	NUM	1
55444444	NUM	1
555-666-77	NUM	1
5550000	NUM	1
55511122.	ADJ	1
55511223.	NUM	1
55533322	NUM	1
55533344	NUM	1
55543120	NUM	1
55544666	NUM	1
5554555	NUM	1
5555.	ADJ	1
5555000555	NUM	1
555533355555!!!!!!!!!!!!!!	SYM	1
55554444.	ADJ	1
55555.	ADJ	1
55555355	NUM	1
55555455	NUM	1
555555.	ADJ	1
5555555.	ADJ	1
55555555.ootama	ADJ	1
5555565	NUM	1
55555655.	ADJ	1
5555566	NUM	1
555556666	NUM	1
555557777	NUM	1
55556655	NUM	1
555566666	NUM	1
555566677	NUM	1
55557777.	NUM	1
5556	NUM	1
555600	NUM	1
555666.	ADJ	1
55566666.	ADJ	1
55566677.ma	SYM	1
555666777	NUM	1
55577777	NUM	1
5558	NUM	1
5558888	NUM	1
55588888	NUM	1
5565333	NUM	1
55656345	NUM	1
5566677	NUM	1
556677	NUM	1
55667777	NUM	1
55671234	NUM	1
5577777	NUM	1
55777777	NUM	1
5580055	NUM	1
558844555.	NUM	1
55993862	NUM	1
56-13	NUM	1
56123456	NUM	1
56123789	NUM	1
56212233	NUM	1
56223344	NUM	1
56232323	NUM	1
56412345	NUM	1
56445566	NUM	1
56454545	NUM	1
5645678	NUM	1
5656	NUM	1
56581234	NUM	1
56608391	NUM	1
5665555	NUM	1
5666	NUM	1
5666555	NUM	1
56666667	NUM	1
5666777.	ADJ	1
56668888	NUM	1
5667777	NUM	1
5674433	NUM	1
56781122	NUM	1
56789012	NUM	1
56789098	NUM	1
56789988	NUM	1
56843322	NUM	1
56912345	NUM	1
57	NUM	1
57-34	NUM	1
57112233	NUM	1
57755333	NUM	1
5777	NUM	1
57775555	NUM	1
57777888	NUM	1
57901122	NUM	1
58-48	NUM	1
58001122	NUM	1
5811	NUM	1
581234	NUM	1
58123456	NUM	1
58223344	NUM	1
58294567.	ADJ	1
5833	NUM	1
58334455	NUM	1
58391234	X	1
58396677	NUM	1
5844	NUM	1
58443355	NUM	1
585245678	NUM	1
58789256	NUM	1
58888888	NUM	1
588888999	NUM	1
5888899	NUM	1
5888999	NUM	1
58934567	NUM	1
5894	NUM	1
59-79	NUM	1
59112233	NUM	1
59123456	NUM	1
59312345	NUM	1
5933445566.	ADJ	1
59445533.	ADJ	1
5A	PROPN	1
5B	ADJ	1
5C	PROPN	1
5D	NUM	1
5D	PROPN	1
5Miinust	ADJ	1
5Miinust	NOUN	1
5SOS	PROPN	1
5a	PROPN	1
5b	ADJ	1
5km,ol	NOUN	1
5miinust	PROPN	1
5miinust-grupp	NOUN	1
5mina	PRON	1
5mina	PROPN	1
5minus	PROPN	1
5minut	NOUN	1
5€/_päev	NOUN	1
5€/tund	NOUN	1
6,7	NUM	1
6,kell	NOUN	1
6-10	NUM	1
6-9.	ADJ	1
6-_astane	ADJ	1
6-kohaline	ADJ	1
6-teooria_tund	NOUN	1
6.-14.	ADJ	1
6.-9.klass	NOUN	1
6.00-14.00	NUM	1
6.04	NUM	1
6.05	NUM	1
6.05.2018	NUM	1
6.06.2019a.	NUM	1
6.30	NUM	1
6.A	ADJ	1
6.B	SYM	1
6.E	ADJ	1
6.a	ADJ	1
6.a,b,c,d	ADJ	1
6.august	NOUN	1
6.mais	ADJ	1
6.seal	ADV	1
6.skypark	PROPN	1
60+	NUM	1
60-	NUM	1
60.	ADJ	1
60/60	NUM	1
600000	NUM	1
60000111122	NUM	1
600m	NUM	1
60_meeter	NOUN	1
61.	ADJ	1
625@gmail.com	NOUN	1
63	NUM	1
65/9	NUM	1
65321123	NUM	1
655555	NUM	1
6655665	NUM	1
666	NUM	1
6666.	ADJ	1
666666666.	ADJ	1
6666777	NUM	1
66667777	NUM	1
66677	NUM	1
6667777	NUM	1
66677788	NUM	1
6777777	NUM	1
68-6	NUM	1
6B	PROPN	1
6C	PROPN	1
6D	NUM	1
6_8.algab	VERB	1
6a	NOUN	1
6a	NUM	1
6a,4b,9f	NOUN	1
6a,6b	ADJ	1
6a,spordi_päev	NOUN	1
6a.klass	NOUN	1
6ab	NOUN	1
6ar	NUM	1
6br	NOUN	1
6c	NUM	1
6d	ADJ	1
6d	NUM	1
6ix9ine	ADJ	1
6k	ADJ	1
6kl	NUM	1
7,6,8	NUM	1
7,8	NUM	1
7,8,1	NUM	1
7-10	NUM	1
7-13	NUM	1
7-14	NUM	1
7-16	NUM	1
7-18	NUM	1
7-9.	ADJ	1
7-_astane	ADJ	1
7-a	ADJ	1
7-klass	NOUN	1
7-kohaline	ADJ	1
7.	NUM	1
7.-12.	ADJ	1
7.-14.	ADJ	1
7.-8.klass	NOUN	1
7.-9.klass	NOUN	1
7.00-	NUM	1
7.00-15.00	NUM	1
7.00.me	NUM	1
7.06.2019.	ADJ	1
7.15.	NUM	1
7.30	NUM	1
7.30.	NUM	1
7.45	NUM	1
7.45.kodu	NUM	1
7.55	NUM	1
7.55.me	NUM	1
7.A	NOUN	1
7.B	NOUN	1
7.B	SYM	1
7.C	NOUN	1
7.D	ADJ	1
7.E	ADJ	1
7.V	ADJ	1
7.a,7	ADJ	1
7.b.veel	NOUN	1
7.c	NUM	1
7.e	NUM	1
7.f	ADJ	1
7.g	ADJ	1
7.klassid.spordip	NOUN	1
7.klassis.ta	NOUN	1
7.mail	ADJ	1
7.pane	NOUN	1
7.seal	ADV	1
7.z	ADJ	1
70.-80.	ADJ	1
70.-80.-ndatel	ADJ	1
72	NUM	1
720	NUM	1
739€/t	NUM	1
74113	NUM	1
750	NUM	1
76-98	NUM	1
7744.	X	1
777	NUM	1
77777777	NUM	1
78-21	NUM	1
78-67	NUM	1
78-8	NUM	1
78.	ADJ	1
79-178	NUM	1
79-59	NUM	1
7B	NOUN	1
7D	ADJ	1
7a	SYM	1
7a,7b	NUM	1
7a,8a	PROPN	1
7a,8k	NUM	1
7a.mina	PROPN	1
7ab	NOUN	1
7d	NUM	1
7d,8a	ADJ	1
7e!“	SYM	1
7k	ADJ	1
7k	NUM	1
7kl	NUM	1
7l.klass	NOUN	1
7st	NUM	1
8-	NUM	1
8-12	NUM	1
8-13	NUM	1
8-15	NUM	1
8-16	NUM	1
8-20	NUM	1
8-30	NUM	1
8-800-555-5555	NUM	1
8-888-888-888	NUM	1
8-_astane	ADJ	1
8-kilo_metr	NOUN	1
8.00-14.00	NUM	1
8.00.	NUM	1
8.00.ekskursioon	NOUN	1
8.00.me	NUM	1
8.00.palun	ADJ	1
8.00.selg	NUM	1
8.00kool	NOUN	1
8.03.2020	NUM	1
8.05	NUM	1
8.05.17	NUM	1
8.06	NUM	1
8.09.2019	NUM	1
8.20	NUM	1
8.30-9.00	NUM	1
8.30.Spordip	NOUN	1
8.30.esimene	ADJ	1
8.30me	NUM	1
8.A	PROPN	1
8.C	ADJ	1
8.P	ADJ	1
8.a	NUM	1
8.aprill	NOUN	1
8.b..	PROPN	1
8.d	ADJ	1
8.e	ADJ	1
8.k	ADJ	1
8.mais	NOUN	1
8.peol	NUM	1
8.see	ADJ	1
80-67	NUM	1
800-1700	NUM	1
800m	ADJ	1
8123798298641	NUM	1
84a	NUM	1
86-7	NUM	1
87-34	NUM	1
87-9	NUM	1
88.	X	1
88008800880	NUM	1
8888888	NUM	1
88888888	NUM	1
88995555535	NUM	1
89	NUM	1
89-88	NUM	1
89-92	NUM	1
8:00-14:	NUM	1
8:00-18.00	NUM	1
8:00.	NUM	1
8:00eksursioon	NOUN	1
8:15	NUM	1
8:30	NUM	1
8=d	ADJ	1
8B	PROPN	1
8C	ADJ	1
8C	PROPN	1
8a	NOUN	1
8aasta	NOUN	1
8ab	NOUN	1
8ar	NUM	1
8b	NUM	1
8br	NUM	1
8c	ADJ	1
8c	NUM	1
8e	NUM	1
8ni	NUM	1
8st	NUM	1
8€	NUM	1
9	ADJ	1
9-	ADJ	1
9-1	NUM	1
9-10	NUM	1
9-11	NUM	1
9-17	NUM	1
9-5	NUM	1
9-B	SYM	1
9.-12.	ADJ	1
9.00-11.00	NUM	1
9.00-13.00	NUM	1
9.00-14.00	NUM	1
9.00-19.00	NUM	1
9.00.sealt	ADV	1
9.00ja	NUM	1
9.12	NUM	1
9.28.2022	NUM	1
9.30.Spordip	NOUN	1
9.50	NUM	1
9.B	NOUN	1
9.B	PROPN	1
9.C	ADJ	1
9.V	ADJ	1
9.a.	ADJ	1
9.c	SYM	1
9.ekskursioon_buss	NOUN	1
9.juuni	NOUN	1
9.k	ADJ	1
9.klassid.eile	NOUN	1
9.mai	ADJ	1
9.mail	ADJ	1
9.spordip	NOUN	1
9.sünni_päev	NOUN	1
90-100	NUM	1
90-minutiline	ADJ	1
900000	NUM	1
90=s	ADJ	1
90_minutilint	ADJ	1
92-	NUM	1
95	NUM	1
98-27	NUM	1
98-43	NUM	1
99-79	NUM	1
99.	ADJ	1
99.peol	NOUN	1
9:00-	NUM	1
9:00-14:	NUM	1
9:00-15	NUM	1
9:00.	NUM	1
9:05	NUM	1
9B	NOUN	1
9ab	NOUN	1
9aheadinimesed@gmail.com	NOUN	1
9b-klass	NOUN	1
9bklass@gmail.com	NOUN	1
9cõpilased@tlvl.ee	NOUN	1
9d	ADJ	1
9v	ADJ	1
:+3725555355	NUM	1
:+3725555555	SYM	1
:+3725555666	NUM	1
:+3725555666.	PUNCT	1
:+37255556666.	PUNCT	1
:+37256667777	SYM	1
:15.me	SYM	1
:325555555	NUM	1
:37255555555	NUM	1
:37255556666	NUM	1
:394234567	NUM	1
:53333444.	SYM	1
:54444444	NUM	1
:5553333	NUM	1
:55544444	NUM	1
:55555445	NUM	1
:5555555	NUM	1
:55555666	NUM	1
:5555666	NUM	1
:55556666.	ADJ	1
:555566677	NUM	1
:55566677	NUM	1
:55566777	NUM	1
:566666	NUM	1
:56667777	NUM	1
:5999888	NUM	1
:Skypark	PROPN	1
:algal	NOUN	1
:algus	NOUN	1
:hea	ADJ	1
:hispaaniast,saksamaalt,_soone	PROPN	1
:huvitav	ADJ	1
:jalg_pall	NOUN	1
:jalutama	VERB	1
:jope	NOUN	1
:kall	ADJ	1
:kind	NOUN	1
:korvpall	NOUN	1
:maasika	NOUN	1
:me	PRON	1
:mina,anna	NOUN	1
:must	ADV	1
:mängima	VERB	1
:njusha,zomb,eld_zei	PROPN	1
:püks	NOUN	1
:sall,_müts	NOUN	1
:see	PUNCT	1
:sport	NOUN	1
:särk	NOUN	1
:tallinn	PROPN	1
:teatejooks,laptuu,ja	NOUN	1
:teeme	NOUN	1
:vaatama	VERB	1
:vesi_,võleib	NOUN	1
:vett	NOUN	1
;:	SYM	1
;aga	CCONJ	1
;muusika	NOUN	1
;nagu	SCONJ	1
;uralskie	PROPN	1
=	PUNCT	1
?!?!	PUNCT	1
?)	PUNCT	1
?).2004.	ADJ	1
?)@.com	NOUN	1
?)aeg	NOUN	1
?)meel	NOUN	1
?)rahva	PROPN	1
?)saar	NOUN	1
?)vahe_aeg	NOUN	1
?)õpetaja	NOUN	1
??.05.2017	NUM	1
???,	PUNCT	1
???.	PUNCT	1
????	PUNCT	1
???????.	PUNCT	1
???????marima	PROPN	1
???????mart	PROPN	1
???????“	PUNCT	1
?kirjutama	VERB	1
?kui	SCONJ	1
?mis	PRON	1
?mull	PRON	1
?saa	PUNCT	1
?see	PRON	1
?see	PUNCT	1
?tei	PROPN	1
?varst	PROPN	1
@	SYM	1
@*****	SYM	1
@ee	SYM	1
@gmail	NOUN	1
@mari.mets@gmail.com	SYM	1
@mari.show.ee	NOUN	1
A,b,C	PROPN	1
A-klass	NOUN	1
A-minoor	PROPN	1
A-teen	PROPN	1
A-terminal	PROPN	1
A.H	PROPN	1
A105	PROPN	1
A11	PROPN	1
A3	PROPN	1
A306	PROPN	1
A4	NOUN	1
ABC	PROPN	1
ABS/DTC	NOUN	1
AC/DC	PROPN	1
ADHD	NOUN	1
AEGAVÕTVAID	ADJ	1
AHHA-keskus	NOUN	1
AJALOOMUUSEUMISSE	PROPN	1
ARC	PROPN	1
ASA	PROPN	1
ATV	PROPN	1
AVIA	PROPN	1
Aadi	PROPN	1
Aag	NOUN	1
Aahha	PROPN	1
Aastri	PROPN	1
Abcdfg	PROPN	1
Abel	PROPN	1
Abraham	PROPN	1
Ac/dc	PROPN	1
Acheillus	PROPN	1
Adele	PROPN	1
Adelina	PROPN	1
Adobe	PROPN	1
Adrei	PROPN	1
Adress	PROPN	1
Adrian	PROPN	1
Aednik	PROPN	1
Aegnu	PROPN	1
Aeroflot	PROPN	1
Afganistaan	PROPN	1
Agnes	PROPN	1
Agutin	PROPN	1
Ah-ha	PROPN	1
Ahha-keskus	PROPN	1
Ahhaa-kesku	PROPN	1
Ahhmatov	PROPN	1
Ahhoi	PROPN	1
Ahvena_maa	PROPN	1
Aidako	PROPN	1
Aide	PROPN	1
Aili	PROPN	1
Airbaltic	PROPN	1
Aita	PROPN	1
Aitähe	PROPN	1
Aivo	PROPN	1
Aja_leht	PROPN	1
Ajaloomuuseum	PROPN	1
Aktiivne	ADJ	1
Aktuaalne	ADJ	1
Aktuaalne	PROPN	1
Akusti	PROPN	1
Ale	PROPN	1
Aleksanderpetrov@gmail.com	PROPN	1
Aleksandr.ivanov.10@tvl.edu.ee	PROPN	1
Aleksandrast	NOUN	1
Aleksandri	PROPN	1
Aleksandrikook	PROPN	1
Aleksandrov	PROPN	1
Aleksej	PROPN	1
Aleksey	PROPN	1
Alex	ADV	1
Alex	PROPN	1
Aliast,või	PROPN	1
Alice	PROPN	1
Alik	PROPN	1
Alina	NOUN	1
Aljonuškal	PROPN	1
Aljönakuseen	PROPN	1
Allika	PROPN	1
Alpi	PROPN	1
Amarillo	PROPN	1
Amber	PROPN	1
Ame_rikakeskmineseen	PROPN	1
Ameerika	NOUN	1
Amelia	NOUN	1
Amelia	PROPN	1
Amerikaa	PROPN	1
Amerikan	PROPN	1
Amerikas	PROPN	1
Amet	PROPN	1
Ammende	PROPN	1
Ammerika	PROPN	1
Amnna	PROPN	1
Amuur	PROPN	1
Anastasija	PROPN	1
Anatol	PROPN	1
Andre	PROPN	1
Andrea	PROPN	1
Andrei,ta	PROPN	1
Andrei.minu	PROPN	1
Andrey	PROPN	1
Android	PROPN	1
Anete	PROPN	1
Angelica	PROPN	1
Angelo	PROPN	1
Anglia	PROPN	1
Ania	PROPN	1
Anja	PROPN	1
Ankur	PROPN	1
Anna,mia,julia	PROPN	1
Anna,räägin	PROPN	1
Anna.meil	PROPN	1
Annabel	PROPN	1
Annelinn	PROPN	1
Annet	PROPN	1
Annete	PROPN	1
Annett	PROPN	1
Anni	PROPN	1
Annu	PROPN	1
Anonymus	PROPN	1
Antarktika	PROPN	1
Antiik	PROPN	1
Ants2001@gmail.com	PROPN	1
Anželika	PROPN	1
Ao	PROPN	1
Apollo.mulle	PROPN	1
Applei	PROPN	1
Appleit	PROPN	1
Apri_ll,kell	PROPN	1
April.kell	PROPN	1
Aprili	PROPN	1
Arduino	PROPN	1
Are	PROPN	1
Argentiina	PROPN	1
Arhitektuur	PROPN	1
Ariana	PROPN	1
Ariana.meiL	PROPN	1
Armstrong	PROPN	1
Around.the.sun	PROPN	1
Arsen	PROPN	1
Arseni	PROPN	1
Arst	PROPN	1
Arsti	PROPN	1
Art	PROPN	1
Artem	PROPN	1
Arthur	PROPN	1
Artion	PROPN	1
Aruserva23,17.02.2016	PROPN	1
Arvu	PROPN	1
Aser	PROPN	1
Ashlevigi	PROPN	1
Asju.kuI	NOUN	1
Asju.mA	NOUN	1
Asrts	PROPN	1
Asser	PROPN	1
Aste	PROPN	1
Ats	PROPN	1
Attack	NOUN	1
Audrus	PROPN	1
Auhind&	PROPN	1
Auhinda.spOrdip	NOUN	1
Auhinn	PROPN	1
Auhonna	NOUN	1
Auraveekeskus	PROPN	1
Aust	PROPN	1
Austaal	PROPN	1
Austaalia	PROPN	1
Austud	PROPN	1
Ava	ADJ	1
Ava	PROPN	1
Ava_leht	NOUN	1
Avastus	PROPN	1
Avastuse.Selga	NOUN	1
Avensis	PROPN	1
Ašot	PROPN	1
A“	PROPN	1
A“s	NOUN	1
B-klass	NOUN	1
B1	NOUN	1
B202	PROPN	1
BFM	PROPN	1
BFS	PROPN	1
BIG	PROPN	1
BIG.P	PROPN	1
BMW	PROPN	1
BMW730D	PROPN	1
BTS	PROPN	1
Bach	PROPN	1
Back	PROPN	1
Bad	PROPN	1
Bala	PROPN	1
Bali	PROPN	1
Baltiriigina	PROPN	1
Band	PROPN	1
Band,,	PROPN	1
Banks	PROPN	1
Barbara	PROPN	1
Barcelona	PROPN	1
Baseinis.algab	PROPN	1
Bass	PROPN	1
Bastioon	PROPN	1
Batman	PROPN	1
Batu	PROPN	1
Batut	PROPN	1
Batuti	PROPN	1
Batuudi	PROPN	1
Bebi	PROPN	1
Bee-gees	PROPN	1
Belgia	PROPN	1
Beloruskih	PROPN	1
Beloruskih.pilet	PROPN	1
Berezov	PROPN	1
Big	PROPN	1
Billi	PROPN	1
Bingo	PROPN	1
Bionse	PROPN	1
Black	PROPN	1
Blogi	PROPN	1
Bogdan	PROPN	1
Bogdanov	PROPN	1
Bombey	PROPN	1
Bon	PROPN	1
Botaanika_aeda	PROPN	1
Bouling	NOUN	1
Boulingi-saal	PROPN	1
Bowlingus_,12.	PROPN	1
Boyfriend	NOUN	1
Braco	PROPN	1
Brige	PROPN	1
Britaania	PROPN	1
Britania	PROPN	1
Bruno	PROPN	1
Bruto	PROPN	1
Bublik	PROPN	1
Buda	PROPN	1
Budapest	PROPN	1
Bulgakov	PROPN	1
Burger	PROPN	1
Buss	PROPN	1
Buzova,dima	PROPN	1
Bye	PROPN	1
Bänd	PROPN	1
B“	NOUN	1
C++	PROPN	1
C-1	SYM	1
C1	NOUN	1
C123	PROPN	1
C2	PROPN	1
CD	NOUN	1
CD-	NOUN	1
CO2	SYM	1
COVID-19	NOUN	1
COco	PROPN	1
Caesari	PROPN	1
Camp	PROPN	1
Canva	PROPN	1
Caprio	PROPN	1
Carl	PROPN	1
Case	PROPN	1
Chan	PROPN	1
Chanel	PROPN	1
Chao	INTJ	1
Chao	PROPN	1
Chernobol	PROPN	1
Chi	PROPN	1
Cholet	PROPN	1
Chopstik	PROPN	1
Christiano	PROPN	1
Churchill	PROPN	1
Cinema	PROPN	1
City	PROPN	1
Cobain	PROPN	1
Coffee	PROPN	1
Coi	PROPN	1
Colat,_sööm	PROPN	1
Coldplay	PROPN	1
Coqi	PROPN	1
Coronavirus	PROPN	1
Cosmodrom“	PROPN	1
Covid-19	PROPN	1
Crone	PROPN	1
Cut	PROPN	1
Cv-keskus	NOUN	1
Cyber	PROPN	1
Cyrus	PROPN	1
C“	NOUN	1
D-terminal	PROPN	1
D.	NOUN	1
D.	PROPN	1
DA	PROPN	1
DJ-	NOUN	1
DNA	NOUN	1
DNA	PROPN	1
DVD	NOUN	1
Da	PROPN	1
Daanel	NOUN	1
Daiana	PROPN	1
Damir	PROPN	1
Dan	PROPN	1
Daniel,ma	PROPN	1
Danii	PROPN	1
Daniil	NOUN	1
Daniil.spOrdip	PROPN	1
Danil.mulle	PROPN	1
Dariku	PROPN	1
Dariya	PROPN	1
Dark	PROPN	1
Dassaut	PROPN	1
Davidson	PROPN	1
Davinch	PROPN	1
Dašal	PROPN	1
Deadpool	PROPN	1
Dede	PROPN	1
Delphine	PROPN	1
Deppi	PROPN	1
Desiigner	NOUN	1
Dima	NOUN	1
Dinasaurus	PROPN	1
Dino	PROPN	1
Direction	PROPN	1
Disney	PROPN	1
Disneyland	PROPN	1
Divid	PROPN	1
Djarahov	PROPN	1
Dodo	PROPN	1
Dog.pilet	PROPN	1
Dogi	PROPN	1
Dominu	PROPN	1
Donald	PROPN	1
Donaldi	PROPN	1
Donaldsi	PROPN	1
Doonau	PROPN	1
Dorean	PROPN	1
Downtown	PROPN	1
Draamafilm	PROPN	1
Dragan	PROPN	1
Drivei	PROPN	1
Drum	PROPN	1
Dubstep	PROPN	1
Duke	PROPN	1
Džentelmen	NOUN	1
E	ADJ	1
E-P	PROPN	1
E-adress	NOUN	1
E-kiri	NOUN	1
E-postiaadress	NOUN	1
E-riik	PROPN	1
EKA	PROPN	1
EKRE	PROPN	1
EL	PROPN	1
ERRI	PROPN	1
ETV2	PROPN	1
EURO	PROPN	1
EV	PROPN	1
Ebola	PROPN	1
Edasi	PROPN	1
Eduard	PROPN	1
Eduart	PROPN	1
Edward	PROPN	1
Ee	PROPN	1
Eerik	PROPN	1
Ees_ti.pile	PROPN	1
Eesi	PROPN	1
Eesmaspäev	PROPN	1
Eest.ma	PROPN	1
Eesti	NOUN	1
Eesti-Tartu	PROPN	1
Eesti_meister	PROPN	1
Eestifilm@mail.ru	PROPN	1
Eestirahvastepargilahe_maa	PROPN	1
Eestlane	PROPN	1
Eestlasus	NOUN	1
Eestonia	PROPN	1
Eeti	PROPN	1
Efell	PROPN	1
Effil	PROPN	1
Egipt	PROPN	1
Egiptu	PROPN	1
Egiptus	NOUN	1
Eglis	PROPN	1
Egori	PROPN	1
Eha	PROPN	1
Ehe	PROPN	1
Eili	PROPN	1
Ekateriina	PROPN	1
Eksam	PROPN	1
Ekskursioon.Meie	NOUN	1
Ela	NOUN	1
Ela	PROPN	1
Elame-näeme	NOUN	1
Eldar	PROPN	1
Eldzey	PROPN	1
Electro	NOUN	1
Elerhein	PROPN	1
Eliisa	PROPN	1
Eliise	PROPN	1
Elisa	PROPN	1
Elli	PROPN	1
Ellis	PROPN	1
Elmar	PROPN	1
Elon	PROPN	1
Elu	PROPN	1
Elus.lIsaks	NOUN	1
Elvas	PROPN	1
Elvis	PROPN	1
Ema.PIlet	NOUN	1
Email	PROPN	1
Emily	PROPN	1
Emme	PROPN	1
Endless	PROPN	1
Energia	PROPN	1
Eneseväljendus_viis	NOUN	1
Englis_maa	PROPN	1
Enn	PROPN	1
Ennike	PROPN	1
Ennist	PROPN	1
Eno	PROPN	1
Enstein	PROPN	1
Era_kool	PROPN	1
Erik,teis	PROPN	1
Erika	PROPN	1
Erimitaaž	PROPN	1
Erki	PROPN	1
Erkki	PROPN	1
Ermisaž	PROPN	1
Ermitaaž	PROPN	1
Erne_saks	PROPN	1
Ernesaks	PROPN	1
Esimene	PROPN	1
Esimene.spOrdip	PROPN	1
Esma	ADJ	1
Esmas_päeviti	VERB	1
Esmaspäevast-reeden	PROPN	1
Esmaspäv	PROPN	1
Esmpaspäev	PROPN	1
Essay	NOUN	1
Estcube	PROPN	1
Esti-ajalugu	PROPN	1
Estinian	PROPN	1
Estonian	PROPN	1
Eta	VERB	1
Ettevalmistuse_üli_kool	NOUN	1
Ettevalmistuskursus	PROPN	1
Euro,ves	NOUN	1
Eurogümnaasium	PROPN	1
Euroopa	NOUN	1
Eurot.Bussi	NOUN	1
Evald	PROPN	1
Evelin	VERB	1
Evelina	PROPN	1
Evgeni	PROPN	1
Evro.Tule	NOUN	1
Eweret	PROPN	1
Exile	PROPN	1
F	PROPN	1
FCI	PROPN	1
Fantasseen	PROPN	1
Feisbuk	PROPN	1
Festival	PROPN	1
Fibo	PROPN	1
Field	PROPN	1
Fifa17	PROPN	1
Filadelfia	PROPN	1
Filip	PROPN	1
Fillip	PROPN	1
Fillipp	PROPN	1
Finnair	PROPN	1
Fit	PROPN	1
Fjodor	PROPN	1
Flays	PROPN	1
Flint	PROPN	1
Floyd	PROPN	1
Fludd	PROPN	1
Fn	PROPN	1
Forsaaž	PROPN	1
Fortn	PROPN	1
Forum	PROPN	1
Foster	PROPN	1
Frappe	PROPN	1
Friedrich	PROPN	1
Frikartul	PROPN	1
Fusion	PROPN	1
Füsika	PROPN	1
G-Eazy	PROPN	1
GAG	PROPN	1
GOpro	PROPN	1
GTA	PROPN	1
"GUM"""	PROPN	1
Gabriela	PROPN	1
Gaga	PROPN	1
Gagarin	PROPN	1
Gagarina	PROPN	1
Galina	PROPN	1
Gameis	PROPN	1
Gandhi	PROPN	1
Garnt	PROPN	1
Garri	PROPN	1
Garrix	PROPN	1
Geneeva	PROPN	1
Genev	PROPN	1
Geografia	PROPN	1
George	PROPN	1
Georgi	PROPN	1
Gerald	PROPN	1
Germaanias	PROPN	1
German	PROPN	1
Gerrasimov	PROPN	1
Geta	PROPN	1
Geter	PROPN	1
Ghete	PROPN	1
Giid	PROPN	1
Giidi.Selga	NOUN	1
Giine	PROPN	1
Gillum	PROPN	1
Gleen	PROPN	1
Glena	PROPN	1
Gloria	PROPN	1
Gog	PROPN	1
Golden	PROPN	1
Gone	PROPN	1
Gone.Fludd	PROPN	1
Gonsioni	PROPN	1
Gorbol	PROPN	1
Goriot	PROPN	1
Goša	PROPN	1
Gramaattika	PROPN	1
Grand	PROPN	1
Gray	PROPN	1
Gregorid	PROPN	1
Grigori	PROPN	1
Grigorjev	PROPN	1
Groon	PROPN	1
Grupi	PROPN	1
Grupp	PROPN	1
Gruusia	PROPN	1
Guf	PROPN	1
Gumnaasium	PROPN	1
Gustavi	PROPN	1
Gutši	PROPN	1
Gümnaasia	PROPN	1
Gümnasiuum	PROPN	1
Gümnassium	PROPN	1
Güümnaasium	PROPN	1
Güümnasium	PROPN	1
H2O	PROPN	1
H2o.ootan	PROPN	1
HEA	ADJ	1
HLA	PROPN	1
HPK	PROPN	1
Haal	PROPN	1
Haapsal	PROPN	1
Haapsalu	NOUN	1
Haapsalu-	PROPN	1
Haapsalusse.ekskursioon	PROPN	1
Haige_kassa	PROPN	1
Halli	PROPN	1
Hannes	PROPN	1
Hansa	PROPN	1
Hansakool	PROPN	1
Hansen	PROPN	1
Hapsalu	PROPN	1
Haridus_ministeerium	PROPN	1
Hark	PROPN	1
Harkul	PROPN	1
Harley	PROPN	1
Heat	PROPN	1
Heino	PROPN	1
Hel	NOUN	1
Helen	PROPN	1
Helena	PROPN	1
Helenat	PROPN	1
Helesta	PROPN	1
Helis	PROPN	1
Heller	PROPN	1
Helme	PROPN	1
Helsnik	PROPN	1
Hesburgeris	PROPN	1
Hesburgeris.ja	PROPN	1
Hetfield	PROPN	1
Heureka	PROPN	1
Hey	PROPN	1
Hiia	PROPN	1
Hiina_keel	PROPN	1
Hiispania	PROPN	1
Hiiumaal	PROPN	1
Hilfiger	PROPN	1
Hiljuti	PROPN	1
Hinn	PROPN	1
Hiopsa	PROPN	1
Hip-Hop	PROPN	1
Hirve	PROPN	1
Hispaani-a	PROPN	1
Hispaanias	PROPN	1
Hispanias	PROPN	1
Hiumaa	NOUN	1
Hja	PROPN	1
Holand	PROPN	1
Holme	PROPN	1
Home	PROPN	1
Hommik	PROPN	1
Homs	PROPN	1
Hooles.ta	PROPN	1
Huawei	PROPN	1
Hugo	PROPN	1
Humanitaargümnaas_ium	PROPN	1
Humanitaarigümnaasium	PROPN	1
Humanitargümnaasium	PROPN	1
Häppy	PROPN	1
Hüppa	PROPN	1
I	PRON	1
ID	NOUN	1
IK	PROPN	1
IO	PROPN	1
IT-kursuste	NOUN	1
IT-laager	NOUN	1
IT-osakonnal	NOUN	1
IT-spetsialistika	NOUN	1
IT-tehnoloogia	NOUN	1
IT-töö	NOUN	1
ITI	NOUN	1
Ida	PROPN	1
Ida-soo	PROPN	1
Igors	PROPN	1
Ihas	PROPN	1
Ihaste	PROPN	1
Ilija	PROPN	1
Illuka	PROPN	1
Ilus	ADJ	1
Imagine	PROPN	1
Imede_maa	PROPN	1
In-jan	PROPN	1
India	PROPN	1
Indo-euroopa	PROPN	1
Indoneesia	PROPN	1
Infin	PROPN	1
Info	PROPN	1
Info:www.ekskursin.ru	PROPN	1
Inger	PROPN	1
Ingeri_soom	PROPN	1
Ingis_maa	PROPN	1
Ingli_sma	PROPN	1
Inglim_saa	PROPN	1
Inglis	ADJ	1
Inglise/eesti	PROPN	1
Inglish	PROPN	1
Inglisi	PROPN	1
Ingrid	NOUN	1
Inimene	PROPN	1
Inlis_maa	PROPN	1
Instagramm	PROPN	1
Intermet	PROPN	1
Internet	NOUN	1
Internit	PROPN	1
Ipa	PROPN	1
Ipodi	PROPN	1
Irann	PROPN	1
Iris	PROPN	1
Iru	PROPN	1
Isa_maa	NOUN	1
Islandia	PROPN	1
Ispania	PROPN	1
It	PROPN	1
It-sfäär	NOUN	1
It-spetsialist	NOUN	1
It-süsteem	NOUN	1
Itaalias	PROPN	1
Italias	PROPN	1
Ivan-gorot	PROPN	1
J.	PROPN	1
JJ-street	PROPN	1
JUKU	PROPN	1
Jaagup	PROPN	1
Jaama	PROPN	1
Jaan@gmail.com	PROPN	1
Jaan_iöö	PROPN	1
Jaane	PROPN	1
Jaani,päikeseline	PROPN	1
Jaanip_äva	PROPN	1
Jack	PROPN	1
Jackie	PROPN	1
Jacson,dR.dre	PROPN	1
Jagala	PROPN	1
Jalmar	PROPN	1
Jalutada.Panen	VERB	1
Jalutame.pane	VERB	1
Jannsen	PROPN	1
Japan	PROPN	1
Jaroslav	PROPN	1
Jarve	PROPN	1
Jass	PROPN	1
Jay-z	PROPN	1
Jazz-muusika	PROPN	1
Jelgav	PROPN	1
Jelgava..	PROPN	1
Jelizaveta	PROPN	1
Jevgenia	PROPN	1
Joala	PROPN	1
Joavesk	PROPN	1
Jon	PROPN	1
JookseMe.ke	NOUN	1
Jooksime	PROPN	1
Jooksmine	PROPN	1
Joonas	PROPN	1
Jooseph	PROPN	1
Jootme	PROPN	1
Jovi	PROPN	1
Juhataja	PROPN	1
Jukk	PROPN	1
Jukku-1	PROPN	1
Jukumängu_maa	PROPN	1
Julge	ADJ	1
Juliana	PROPN	1
Juliette	PROPN	1
Julija	PROPN	1
Juni	PROPN	1
Junnil,laupäeval,statiooni	PROPN	1
Jupiter	PROPN	1
Juren	PROPN	1
Jurgenis	PROPN	1
Jurist	PROPN	1
Jusii	NOUN	1
Juunil.Pidu	NOUN	1
Juunil.buss	NOUN	1
Juures.Peol	NOUN	1
Juures.meiE	NOUN	1
Juut	PROPN	1
Juventus	PROPN	1
Jänes	PROPN	1
JärelepärimIskiri	NOUN	1
Järva_kant	PROPN	1
Järva_maa	PROPN	1
Järve	PROPN	1
Järveotsa	PROPN	1
Jäsper	PROPN	1
Jää-äär	PROPN	1
Jäähall	PROPN	1
Jõgisoo	PROPN	1
Jõhvi	NOUN	1
Jõhvi-rnt	PROPN	1
Jõhvikas	PROPN	1
Jõkntiin	PROPN	1
Jõulu_vana	PROPN	1
Jüris	PROPN	1
Jüürikoline	PROPN	1
K.	NOUN	1
K19	PROPN	1
KES	PRON	1
KIRI	NOUN	1
KLASSIÕED	NOUN	1
Kaamel	PROPN	1
Kaare-1	PROPN	1
Kadri.mulle	PROPN	1
Kadri_oru	PROPN	1
Kadri_päev	PROPN	1
Kadrio_rrg	PROPN	1
Kadrio_ruu	PROPN	1
Kadriooruparki._sea	PROPN	1
Kadriord	PROPN	1
Kadriorg	NOUN	1
Kadriorg.selle	PROPN	1
Kadrioristaadion	PROPN	1
Kaera-jAan	PROPN	1
Kagu-aasia	PROPN	1
Kaheksa.spOrdip	NOUN	1
Kahekümneüheksand	PROPN	1
Kahjuks	PROPN	1
Kahoo	PROPN	1
Kaidi	PROPN	1
Kairi	PROPN	1
Kaisa	PROPN	1
Kaks_kümmne	NUM	1
Kakumäe	PROPN	1
Kalda	PROPN	1
Kaleva	PROPN	1
Kalevispa	PROPN	1
Kalevspa	PROPN	1
Kali	PROPN	1
Kaljas	PROPN	1
Kalju	PROPN	1
Kalju_rand	PROPN	1
Kaljulait	PROPN	1
Kalla_vere	PROPN	1
Kalle	PROPN	1
Kallev	PROPN	1
Kalli	ADJ	1
Kallis6	PROPN	1
Kallis_mari	PROPN	1
KallisaNdrea	PROPN	1
Kalvin	PROPN	1
Kamilla	PROPN	1
Kanal	PROPN	1
Kandol	PROPN	1
Kanepi	PROPN	1
Kanno	PROPN	1
Kanter	PROPN	1
Kanutiaia	PROPN	1
Kapitan	PROPN	1
Kapoti	PROPN	1
Kapputshinen	PROPN	1
Kapteen	PROPN	1
Karalina	PROPN	1
Kareva	PROPN	1
Kari	PROPN	1
Kariina	PROPN	1
Karikas	PROPN	1
Karl,see	PROPN	1
Karl.reedel	PROPN	1
Karli	PROPN	1
Karmen	PROPN	1
Karoliina	PROPN	1
Karolin	PROPN	1
Karoline	PROPN	1
Karp	PROPN	1
Karski-nuia	PROPN	1
Karula	PROPN	1
Karva_maa	PROPN	1
Kase=ke	NOUN	1
Kask,kutsun	PROPN	1
Kask@list.ru	PROPN	1
Kaska	PROPN	1
Kaspar	PROPN	1
Kasper	PROPN	1
Katerina	PROPN	1
Katku	PROPN	1
Katrinanna	PROPN	1
Kaubamaja	PROPN	1
Kaupo	PROPN	1
Kaur	PROPN	1
Kausi	PROPN	1
Kaštan	PROPN	1
Keeltekoo	PROPN	1
Kehras	PROPN	1
KeilA-joa	PROPN	1
Keila	NOUN	1
Keila-Joal	PROPN	1
Keit	PROPN	1
Kekku	PROPN	1
Keko	PROPN	1
Kelku	PROPN	1
Kell:algab	PROPN	1
Kella	PROPN	1
Kellast	PROPN	1
Kelly	PROPN	1
Ken	PROPN	1
Kendrick	PROPN	1
Kennedy	PROPN	1
Keres	PROPN	1
Kergeõustik	PROPN	1
Kerlit	PROPN	1
Kertu	PROPN	1
Kes_kkool	PROPN	1
Kes_klinna-põhikool	PROPN	1
Kesk_kool	PROPN	1
Keskull	PROPN	1
Ketrin	PROPN	1
Kett	NOUN	1
Kevade_pidu	PROPN	1
Kevadekonsert	PROPN	1
Kevadkontsert,see	PROPN	1
Kevadpeo	PROPN	1
Kevin,s	PROPN	1
Kevinip	PROPN	1
Khan	PROPN	1
Kiek-in-de-kök	PROPN	1
Kiia	PROPN	1
Kiil	PROPN	1
Kiili	PROPN	1
Kiip	PROPN	1
Kiiru	PROPN	1
Kiku	PROPN	1
Kilingi-Nõmme	PROPN	1
Kilu	PROPN	1
Kin	PROPN	1
Kindlus	PROPN	1
Kineck`	PROPN	1
King	PROPN	1
Kingi	PROPN	1
Kinno-cocca	PROPN	1
Kino	PROPN	1
Kirde-Euroopa	PROPN	1
Kirg	PROPN	1
Kiri	PROPN	1
Kirj_uja	VERB	1
Kirja	PROPN	1
Kirjuta	PROPN	1
Kirsten	PROPN	1
Kivila	PROPN	1
Kl	PROPN	1
Klaas	PROPN	1
Klarra	PROPN	1
Klass	NOUN	1
Klass	PROPN	1
Klass.Jalgpallja	PROPN	1
KlassiD.nad	NOUN	1
Klassid.pIlet	NOUN	1
Klassid.sPordi	NOUN	1
Klassid.spOrdip	PROPN	1
Klassis-m	NOUN	1
Kleidid,a	NOUN	1
Kleit.pIlet	NOUN	1
Klogoraan	PROPN	1
Kloogaranna	PROPN	1
Kloostri	PROPN	1
Kloostri_metsa	PROPN	1
Klounid.Pilet	NOUN	1
Klounuseen	PROPN	1
Kodu	PROPN	1
Kodu_kant	NOUN	1
Kodus.Narva	NOUN	1
Kodus.Peol	NOUN	1
Koerad“	PROPN	1
Kohtame	PROPN	1
Kohtla-Järva	PROPN	1
Kohtla-Jõhvi	PROPN	1
Kohtla-järVelt	PROPN	1
Kohtla_järve	PROPN	1
Kohtume	PROPN	1
Kohtumeni	PROPN	1
Kohv	PROPN	1
Kohviku	PROPN	1
Kohvikusse.meie	NOUN	1
Kohvikusse.pidu	NOUN	1
Koju.sPordip	NOUN	1
Kokikuk	PROPN	1
Kolentin	PROPN	1
Kolentini	PROPN	1
Koljas	PROPN	1
Kollosova	PROPN	1
Komarov	PROPN	1
Konserd	PROPN	1
Konserdi_maja	PROPN	1
Konsert	NOUN	1
Konsert	PROPN	1
Konserti_maja	PROPN	1
Konstantin	PROPN	1
Kontakt	NOUN	1
Kontaktandmed	PROPN	1
Kontsedr	PROPN	1
Kontserdi_maja	PROPN	1
Kontsert	NOUN	1
Kontsert.lApsed	NOUN	1
Koola	PROPN	1
Kooli.sPorip	NOUN	1
Kooli_leht	PROPN	1
Kooli_seen	PROPN	1
Kooliaja_leht	NOUN	1
Kooliajaleht@gmail.com	PROPN	1
Kooliinfopäev.ee	PROPN	1
Koolileheklub	NOUN	1
Koolist.vArsti	NOUN	1
Kooliva_heaeg	PROPN	1
Kooo	PROPN	1
Korbit	PROPN	1
Korbitsa	PROPN	1
Korbitsat	PROPN	1
Kord	PROPN	1
Korr_alduskomitee	NOUN	1
Korralduskommi_tee	PROPN	1
Korvpalli.suL	NOUN	1
Korvpallis.sporDip	NOUN	1
Kose	PROPN	1
Kostja	PROPN	1
Kotka	PROPN	1
Kotkas	PROPN	1
Kotokombat	PROPN	1
Krabibouling	PROPN	1
Krasnaja	PROPN	1
Kreekas	PROPN	1
Kreenholm	PROPN	1
Kreeta	PROPN	1
Krenholm	PROPN	1
Krid	PROPN	1
Kriisti	PROPN	1
Kristell	PROPN	1
Kristian	PROPN	1
Kristin	PROPN	1
Kristin	VERB	1
Kristo	PROPN	1
Kseniya	PROPN	1
KuMusse	PROPN	1
Kukrus	PROPN	1
Kuld	PROPN	1
Kuldne	ADJ	1
Kuldnokk	PROPN	1
Kull	PROPN	1
Kullakerakandjat	NOUN	1
Kullo	PROPN	1
Kulsa	PROPN	1
Kultur	PROPN	1
Kulturii_kodu	PROPN	1
Kultuuri_keskus	PROPN	1
Kultuurimajas.kont_sert	PROPN	1
Kulutamine	PROPN	1
Kumus	PROPN	1
Kuningas	PROPN	1
Kuningat	PROPN	1
Kunstidekool	PROPN	1
Kunstigaleriisseekskursiooni_le.m	PROPN	1
Kunstimuuseum	PROPN	1
Kunstimuusium	PROPN	1
Kunstnik	PROPN	1
Kuperjanov	PROPN	1
Kure_saare	PROPN	1
Kures_saar	PROPN	1
Kuressaar	PROPN	1
Kurrad	PROPN	1
Kurres_saren	PROPN	1
Kurt	PROPN	1
Kutse_haridus	PROPN	1
Kutse_haridus_keskus	PROPN	1
Kutsehariduskeskus	PROPN	1
Kutseõppekeskus	PROPN	1
Kutsu	PROPN	1
Kutsuda.27.auGusti	NOUN	1
Kutsuda.pidu	NOUN	1
Kutsunder	PROPN	1
Kuu_päev	PROPN	1
KuuesC	ADJ	1
KuulaTa.ma	VERB	1
Kuum	PROPN	1
Kuuse_mets	PROPN	1
Kuuska	PROPN	1
Kuutsemäe	PROPN	1
Kvest	PROPN	1
KÜLASAL	PROPN	1
Käin	PROPN	1
Kärber	PROPN	1
Kärberi	PROPN	1
Kärt	PROPN	1
Kätrin	PROPN	1
Kõikt_eistel	PRON	1
Kõr_gkool	PROPN	1
Kõrboja	PROPN	1
Kõrgkool	PROPN	1
Kõrvits	PROPN	1
Köieveo	PROPN	1
Künka_mets	PROPN	1
LEGO	PROPN	1
LG	PROPN	1
LIDO	PROPN	1
LUKU	PROPN	1
Laaste	PROPN	1
Lady	PROPN	1
Laguna	PROPN	1
Lahem	PROPN	1
Laisk	PROPN	1
Lamar.pIlet	PROPN	1
Lapsad.Pilet	NOUN	1
Lasarev	PROPN	1
Lasna_mäel	PROPN	1
Laste_kaitse	PROPN	1
Late	PROPN	1
Latvia	PROPN	1
Laula_väljak	PROPN	1
Lauljad.Eesti	NOUN	1
Laulu	PROPN	1
Laulu_väljaku	PROPN	1
Laulva	PROPN	1
Laura,ma	PROPN	1
Laura.mina	PROPN	1
Laura@gmail.com	PROPN	1
Lava	PROPN	1
LazeRcars	PROPN	1
Lazer	PROPN	1
Le	PROPN	1
Le.	PROPN	1
Lea	PROPN	1
Lebedev	PROPN	1
Lebedeva	PROPN	1
Legendid.ekskursioon	PROPN	1
Legion	PROPN	1
Lego.kui	PROPN	1
Lehi	PROPN	1
Lehola	PROPN	1
Leht	PROPN	1
Leicester	PROPN	1
Lembit	PROPN	1
Lendamine	PROPN	1
Lenfilm	PROPN	1
Lennon	PROPN	1
Lennu_akadeemia	PROPN	1
Lennu_jaam	PROPN	1
Lennu_saadam	PROPN	1
Lennuk	NOUN	1
Lennus_adama	PROPN	1
Lennusaadama	PROPN	1
Leonid	NOUN	1
Lepatriin	PROPN	1
Leppland	PROPN	1
Leps	PROPN	1
Lets	X	1
Levadia	PROPN	1
Levitski	PROPN	1
Lewandowski	PROPN	1
Liblikas	PROPN	1
Lidose	PROPN	1
Liina-55556666	PROPN	1
Liisa,meil	PROPN	1
Liisa.Kahju	PROPN	1
Liisa.nelJap	PROPN	1
Liisa.sina	PROPN	1
Liisaks	PROPN	1
Liivika	PROPN	1
Lija	PROPN	1
Lilia	PROPN	1
Lilla_mäe	PROPN	1
Lille_küla	PROPN	1
Lille_mäe	PROPN	1
Lilleke“	PROPN	1
Lilli	PROPN	1
Lilpop.see	PROPN	1
Lily-rose	PROPN	1
Lina	PROPN	1
Linaida	PROPN	1
Lind	PROPN	1
Lindakivi	PROPN	1
Linkin	PROPN	1
Linnamuuseum	PROPN	1
Linnamäe	PROPN	1
Linnamäk	PROPN	1
Linnan_mäes	PROPN	1
Linnan_mägi	PROPN	1
Linnasagina	NOUN	1
Lint	PROPN	1
Lionel	PROPN	1
Lipli_kas“	PROPN	1
Lipp	PROPN	1
Lisainfo	PROPN	1
Lissa	PROPN	1
Ljuba	PROPN	1
Ljuda	VERB	1
Ljudmila	PROPN	1
Loboda,	PROPN	1
Loboda,dima	PROPN	1
Loft	PROPN	1
Lohusus	PROPN	1
Loite	PROPN	1
Loktev.pilet	PROPN	1
Loktos	PROPN	1
Loo	PROPN	1
Loo_maa	PROPN	1
Loo_salu	PROPN	1
Loode	PROPN	1
Looduse_majj	PROPN	1
Lookeskkool	PROPN	1
Looma	PROPN	1
Loomaae	PROPN	1
Loomad.me	NOUN	1
Loomi.ma	NOUN	1
Looming	PROPN	1
Loote_maa	PROPN	1
Loss	PROPN	1
Lossi.mE	NOUN	1
Lote	PROPN	1
Loto	PROPN	1
Louis	PROPN	1
Love	PROPN	1
Lp	ADJ	1
Lu	PROPN	1
Lugupidam	PROPN	1
Lugupidamisega-mart	PROPN	1
Luikede	PROPN	1
Luisa	PROPN	1
Lukka	PROPN	1
Lumi	PROPN	1
Lutseum	PROPN	1
Luu_kere	PROPN	1
Luua	PROPN	1
Luvri	PROPN	1
Lviseen	PROPN	1
LähemeTartuss	NOUN	1
Lähis-Ida	PROPN	1
Läsna_mae	PROPN	1
Lättise	PROPN	1
LäänE-viru_maa	PROPN	1
Lääne-Viruma	PROPN	1
Lääne-ameerika	PROPN	1
Lääne_maa	PROPN	1
Läänemere-äärne	ADJ	1
Lõke	NOUN	1
Lõpev	PROPN	1
Lõuna-Korea	PROPN	1
Lüütseun	PROPN	1
M	NOUN	1
M.Maasikas	PROPN	1
M.mets@gmail.ru	PROPN	1
MA	PRON	1
MCDONALDS	PROPN	1
METS	PROPN	1
MILLESK	PRON	1
MMA	PROPN	1
MMS	PROPN	1
MNT12345	PROPN	1
MP3	NOUN	1
MS	PROPN	1
MTV	PROPN	1
Maa	NOUN	1
Maa_ilma_sõda	PROPN	1
Maail_maa	NOUN	1
Maailm	PROPN	1
Maakera	PROPN	1
Maaküng	PROPN	1
Maal	PROPN	1
Maarek	PROPN	1
Maasia	PROPN	1
Maasika	NOUN	1
Maatematika	PROPN	1
Mac	PROPN	1
Mackdonals	PROPN	1
Madeira	PROPN	1
Magdonals	PROPN	1
Mahl	PROPN	1
Maial.me	NOUN	1
Mail.Pid	PROPN	1
Mail.me	PROPN	1
Mail.sPordip	PROPN	1
Maire	PROPN	1
Mait	PROPN	1
Maius	PROPN	1
Maja	PROPN	1
Maja.Siani	PROPN	1
Majad.Selga	NOUN	1
Majale.spOrdip	NOUN	1
Majandus	PROPN	1
Majasmokk	PROPN	1
Majnor	PROPN	1
Maju	PROPN	1
Makarova	PROPN	1
Makdonals	PROPN	1
Makrin	PROPN	1
Maksim.sina	PROPN	1
Malaisia	PROPN	1
Malbek	PROPN	1
Male	PROPN	1
Malev	PROPN	1
Malone	PROPN	1
Malta	PROPN	1
Mamets@gmail.com	PROPN	1
Manro	PROPN	1
Manson	PROPN	1
Marat	PROPN	1
Mard	PROPN	1
Mardi_päev	PROPN	1
Mardid	PROPN	1
Mardu	PROPN	1
Marga_reet	PROPN	1
Margaret	PROPN	1
Marge	PROPN	1
Margo	PROPN	1
Margreta	PROPN	1
Mari,nad	PROPN	1
Mari.....	SYM	1
Mari.list.ru	PROPN	1
Mari.maasikas@mail.ru	PROPN	1
Mari.meie	PROPN	1
Mari.mets@gmail.ee	PROPN	1
Mari.mets@mail.ru	PROPN	1
Mari.mulle	PROPN	1
Mari2010@mail.ru	NOUN	1
Mari@gmail.ee	PROPN	1
Mari@maasikas.com	PROPN	1
Maria.ma	PROPN	1
Marianna	PROPN	1
Mariia	PROPN	1
Marile,kui	PROPN	1
Mariliis	PROPN	1
Marimets@gmail.com	PROPN	1
Marin	PROPN	1
Marinee	PROPN	1
Marja,ta	PROPN	1
Marja-Liis	PROPN	1
Marja_maa	NOUN	1
Marjake	PROPN	1
Marleen	PROPN	1
Marri	PROPN	1
Marri@gmail.com	PROPN	1
Marshall	PROPN	1
Marshmello	PROPN	1
Mart,head	PROPN	1
Mart,mihkel,toomas,martin	PROPN	1
Mart,ta	PROPN	1
Mart,täna	PROPN	1
Mart.kuida	PROPN	1
Mart.m@ft.ee	PROPN	1
Mart.ma@gmail.com	PROPN	1
Mart.maasikas@kool.ee	PROPN	1
Mart.mets@vpmk.edu.ee	PROPN	1
Mart.mina	PROPN	1
Mart.ta	PROPN	1
Mart.tahan	PROPN	1
Mart1234@gmail.com	PROPN	1
Mart46@gmail.com	PROPN	1
Mart@gmail.ee	NOUN	1
Mart@kooliajaleht.ee	PROPN	1
Mart@mail.ru	PROPN	1
Mart@mets.ee	PROPN	1
Martin.luik@gmail.com	PROPN	1
Martin.meil	PROPN	1
Martisgümnaasium	PROPN	1
Martm@gmail.com	PROPN	1
Martsipanimuuseum	PROPN	1
Mart“	PROPN	1
Marvel	PROPN	1
Matemaatika	PROPN	1
Mathers	PROPN	1
Matias	PROPN	1
Matilda	PROPN	1
Mats	PROPN	1
Matsalu	PROPN	1
Matt	PROPN	1
Mattia	PROPN	1
Mattias	PROPN	1
Mattis	PROPN	1
Matvei	PROPN	1
Matš	PROPN	1
Maxim	PROPN	1
May	PROPN	1
Mašha	PROPN	1
Mband	PROPN	1
Mc	PROPN	1
McDonaldsi	PROPN	1
McDonaldsis.selga	PROPN	1
Mcdonaldsi	PROPN	1
Mediak_lubi	PROPN	1
Meedia	NOUN	1
Mega	PROPN	1
Megasoon	PROPN	1
Megazonase.pidu	PROPN	1
Mehaanika_kool	PROPN	1
Meiekuee	PROPN	1
Meisterjaan	PROPN	1
Meli	PROPN	1
Mendelejev	PROPN	1
Mentos	PROPN	1
Mere_muuseum	NOUN	1
Merelin	PROPN	1
Meremuuseumisse,m	PROPN	1
Meremuuseumisse.ekskursioon	PROPN	1
Meremuusium	PROPN	1
Merest.Siis	NOUN	1
Meresuu	PROPN	1
Mere“	PROPN	1
Meri_metsa	PROPN	1
Merle	PROPN	1
Merlin	PROPN	1
Messenger	PROPN	1
Mets.soovitan	PROPN	1
Metsa97	PROPN	1
Metsa_koll	PROPN	1
Metsa_serv	PROPN	1
Metsa_töll	PROPN	1
Metsa_veer	PROPN	1
Metsandus_kool	PROPN	1
Metsatöll	PROPN	1
Mia	PROPN	1
Mihkel.Selle	PROPN	1
Mihkel.se	PROPN	1
Mihkelw	PROPN	1
Mihkl	PROPN	1
Mihkli	PROPN	1
Miik	PROPN	1
Mikel	PROPN	1
Mikk	PROPN	1
Miksike	PROPN	1
Miksike.ee	PROPN	1
Milenat	PROPN	1
Miley	PROPN	1
Miligan	PROPN	1
Milleg	PRON	1
Milliard	NUM	1
Mimino	PROPN	1
Mina-robot	PROPN	1
Mina.spOrdip	PROPN	1
Mine	PROPN	1
Minecraft	PROPN	1
Minnu	PRON	1
Minnu	PROPN	1
Mirel	PROPN	1
Misha	PROPN	1
Mission4	PROPN	1
Miyagi	PROPN	1
Mm@email.ee	PROPN	1
Moana	PROPN	1
Moldova	PROPN	1
Momka	PROPN	1
Mona	PROPN	1
Monika	PROPN	1
Monopoolia	PROPN	1
Montenegro	PROPN	1
Moonlight	PROPN	1
Morgenshtern.pilet	PROPN	1
Morgenstern	PROPN	1
Morozov	PROPN	1
Moroženoje	PROPN	1
Moscow	PROPN	1
Moskalenko.lasTepilet	PROPN	1
Moskov	PROPN	1
Moskvan	PROPN	1
Motell	PROPN	1
Motivatsiooni_kiri	PROPN	1
Motors	PROPN	1
Mp3	PROPN	1
Mp3-ede	NOUN	1
Mri	PROPN	1
Mu	PRON	1
Muhkel	PROPN	1
Muhkeli	PROPN	1
Muhmaa	PROPN	1
Muhu_maa	PROPN	1
Mukr	PROPN	1
Mulee	PROPN	1
Mulö	PROPN	1
Muna	PROPN	1
Munu	PROPN	1
Muse_umis.kell	PROPN	1
Music	PROPN	1
Musium	PROPN	1
Musk	PROPN	1
Must_amäel,huviring	PROPN	1
Musta_mäe	NOUN	1
Musta_mäes	PROPN	1
Mustakivi	PROPN	1
Mustvees	PROPN	1
Muu_sikakool	PROPN	1
Muuras	PROPN	1
Muuseumis,tArtus	NOUN	1
Muusikakeskkool	PROPN	1
Muusikav_aldkond	NOUN	1
Mysush	PROPN	1
Mäger	PROPN	1
Mängime,jooksime,hüppAtame	VERB	1
Mängu	PROPN	1
Männa	PROPN	1
Männi_mets	PROPN	1
Männik	PROPN	1
Märten	PROPN	1
Mõnde	PROPN	1
Müts	PROPN	1
Müüja	PROPN	1
N	NOUN	1
N	PROPN	1
N-203	PROPN	1
NB	NOUN	1
NB	PROPN	1
NOA	PROPN	1
NPG	PROPN	1
NSG	PROPN	1
NUKU	PROPN	1
NWA	PROPN	1
Nadezda	PROPN	1
Naeratus	PROPN	1
Nafta	NOUN	1
Nais_saar	PROPN	1
Naks	PROPN	1
Naksitrall	PROPN	1
Napolion	PROPN	1
Nara	PROPN	1
Narva-JÕEsu_sse	PROPN	1
Narva-jõUsus	PROPN	1
Narva-jõ_esu	PROPN	1
Narva-jõesuusne	PROPN	1
Narva.ee	PROPN	1
Narva.mnt	PROPN	1
Narva.sea	PROPN	1
Narvan	PROPN	1
Narvas,genev	PROPN	1
Narvas,kolmapäev	PROPN	1
Narvas.23.09.2021	PROPN	1
Narvas.Pidu	PROPN	1
Nas	PROPN	1
Nasja	PROPN	1
Natali	PROPN	1
Nataša	PROPN	1
Natja	PROPN	1
Naum	PROPN	1
Neeva	PROPN	1
Nelja_paev	PROPN	1
Nelja_päev	PROPN	1
Neon	PROPN	1
Nevskiy	PROPN	1
New-york	PROPN	1
Nexus	PROPN	1
Nicaragua	PROPN	1
Nick	PROPN	1
Nico	PROPN	1
Nicole	PROPN	1
Niguliste	PROPN	1
Niina	PROPN	1
Niine	PROPN	1
Nikespordipäev	PROPN	1
Nikolajev	PROPN	1
Nikolajeva	PROPN	1
Nikon	PROPN	1
Nikulin	PROPN	1
Ninja	PROPN	1
Nirvana	PROPN	1
Niva	PROPN	1
Nixar	PROPN	1
Njuton	PROPN	1
Nobel	PROPN	1
Nool	PROPN	1
Noordia	PROPN	1
Noorte_keskus	PROPN	1
Noortepile	PROPN	1
Nora	PROPN	1
Norall	PROPN	1
Nordica	PROPN	1
Nou_kogu	PROPN	1
Nsv-Liit	PROPN	1
Nukk	PROPN	1
Nuku	PROPN	1
Nurmenukk	PROPN	1
Nurmenukkus	PROPN	1
Nurri	PROPN	1
Nutilaager	PROPN	1
Nälja	NOUN	1
Nõukogudeaja	PROPN	1
Nõõme	PROPN	1
O2	PROPN	1
OG	PROPN	1
OM	PROPN	1
Obik	PROPN	1
Odav	NOUN	1
Oja_käär	PROPN	1
Okev	PROPN	1
Old	PROPN	1
Ole	PROPN	1
Oleg	NOUN	1
Oleksei	VERB	1
Olja	NOUN	1
Olümpeaad	PROPN	1
Olümpiada	PROPN	1
Online	PROPN	1
Ontika	PROPN	1
Ootama	VERB	1
Ootan	VERB	1
Ootepää	PROPN	1
Ootran	PROPN	1
Orav	PROPN	1
Oreo	PROPN	1
Oreol	PROPN	1
Orvell	PROPN	1
Orwell	PROPN	1
Osa	PROPN	1
Osastav	ADJ	1
Osavus	PROPN	1
Osbourne	PROPN	1
Oscar	PROPN	1
Otepäässe	PROPN	1
Otsa	PROPN	1
Oxford	PROPN	1
P	NOUN	1
P,L	PROPN	1
P.S.	PROPN	1
P.pinna	PROPN	1
PHP1	NOUN	1
PISa-testi	NOUN	1
PNP	NOUN	1
POP	PROPN	1
PST	PROPN	1
PTLN	PROPN	1
PX	PROPN	1
Padrik	PROPN	1
Pae-Park	PROPN	1
Paintball	PROPN	1
Palin	PROPN	1
Palun“	PROPN	1
Palve	PROPN	1
Pane	PROPN	1
Paned	PROPN	1
Pangamuuseum	PROPN	1
Pani_jarv	PROPN	1
Pani_jarvel	PROPN	1
Pani_järv	PROPN	1
Pank	PROPN	1
Pankook	PROPN	1
Papi_nidu	PROPN	1
Pargis.Homme	NOUN	1
Park	NOUN	1
Parki.Kodus	PROPN	1
Parkla	PROPN	1
Parnus	PROPN	1
Pascal	PROPN	1
Patrick	PROPN	1
Patrik	PROPN	1
Paul-erik	PROPN	1
Paulus	PROPN	1
Paun_küla	PROPN	1
Paunküla	PROPN	1
Pavlov	PROPN	1
Pavlovo	PROPN	1
Pe-a	PROPN	1
Pearu	PROPN	1
Peeter@mail.ee	PROPN	1
Peipi	PROPN	1
Peipsi-järv	PROPN	1
Peipsi-järve	PROPN	1
Peipsi_järv	PROPN	1
Pelm	PROPN	1
Pelmeni&gt	PROPN	1
Pendelteatejooksu	PROPN	1
Pent	PROPN	1
Peole.Pidu	NOUN	1
People	PROPN	1
Peoples	PROPN	1
Peot	NOUN	1
Pepa	PROPN	1
Peppa	PROPN	1
Pere.Spordip	NOUN	1
Perekond	PROPN	1
Peruu	PROPN	1
Pescara	PROPN	1
Peteer	PROPN	1
Petergaf	PROPN	1
Petergof	PROPN	1
Petergoof	PROPN	1
Petrof	PROPN	1
Phelps	PROPN	1
Piano	PROPN	1
Pibli	PROPN	1
Picasa	PROPN	1
Pihlaka	PROPN	1
Piirom	PROPN	1
Pika	PROPN	1
Pile	PROPN	1
Piletileev	PROPN	1
Piletilevist.tulge	PROPN	1
Pill	PROPN	1
Pilv	PROPN	1
Pinal	NOUN	1
Pinalis	PROPN	1
Pink	PROPN	1
Pipkin	PROPN	1
Pirita-seiklusparg	PROPN	1
Piritra	PROPN	1
Pistols	PROPN	1
Pitsa	PROPN	1
Pjeha	PROPN	1
Pjotr	PROPN	1
Plaane.peol	NOUN	1
Plan	PROPN	1
Planetaar	PROPN	1
Playstation	PROPN	1
Plazas._kell	PROPN	1
Pleshkan	PROPN	1
Plushenko	PROPN	1
Pluuto	PROPN	1
Podols_kaja	PROPN	1
Pohja-Korea	PROPN	1
Pois.sporDip	NOUN	1
Politehnikum	PROPN	1
Politsei	PROPN	1
Politseimuuseum	PROPN	1
Politseinik	PROPN	1
Pood	PROPN	1
Poolas	PROPN	1
Pootsmann	PROPN	1
Popkova	PROPN	1
Popov	PROPN	1
Porter	PROPN	1
Posti_maja	PROPN	1
PostkarTe.sa	NOUN	1
Praegy	PROPN	1
Praha	PROPN	1
Prantsus	PROPN	1
Prantsuse	ADJ	1
Prantsusma	PROPN	1
Prantsusmall	PROPN	1
Prantsusse_keel	PROPN	1
Presley	PROPN	1
Priim_etsa	PROPN	1
Prilužnõi	PROPN	1
Princess	PROPN	1
Programmeerin	PROPN	1
Präegu	PROPN	1
Prähnu	PROPN	1
Ps4	PROPN	1
Pugacheva.pilet	PROPN	1
Pugatsjova	PROPN	1
Puhapäv	PROPN	1
Pump	PROPN	1
Punane	PROPN	1
Puskin.tee.pidu	PROPN	1
Päike	NOUN	1
Päikese_süsteem	NOUN	1
Pärat	PROPN	1
Pärna	PROPN	1
Pärna_puu	PROPN	1
Pärnus	PROPN	1
Päts	PROPN	1
Põhikol	PROPN	1
Põhikoolis-Kopli	PROPN	1
Põhja-Ameerikan	PROPN	1
Põhja-Euroopa	PROPN	1
Põhja-TAllinna	PROPN	1
Põhja-Tallinn	PROPN	1
Põhjus	PROPN	1
Põlla	PROPN	1
Põlva	PROPN	1
Põlva_maa	PROPN	1
Põnev.lazeRcars	NOUN	1
Pöhi_kool	PROPN	1
Pöra	PROPN	1
Pöördun	PROPN	1
Pühapäeval,_kell	PROPN	1
Püra_miid	PROPN	1
QR	PROPN	1
Queens	PROPN	1
R-kiosk	NOUN	1
R-kioski	PROPN	1
RNB	PROPN	1
Radcliff	PROPN	1
Radu	PROPN	1
Raffael	PROPN	1
Raha	PROPN	1
Rahu	PROPN	1
Rahva_bank	PROPN	1
Rahva_maja	PROPN	1
Rahvaraamatu_kogu	PROPN	1
Rahvuspar	PROPN	1
Rail	PROPN	1
Rain	NOUN	1
Rain	PROPN	1
Raino	PROPN	1
Rainy	PROPN	1
Raja	PROPN	1
Raja_koda	PROPN	1
Rake	PROPN	1
Rakett69	PROPN	1
Rakve	PROPN	1
Rakveremuuseum	PROPN	1
Rakveres	PROPN	1
Rakveris	PROPN	1
Rakverre	PROPN	1
Ramatu	PROPN	1
Ramzi	PROPN	1
Ramštain	PROPN	1
Rand	NOUN	1
Ranna_küla	PROPN	1
Ranna_mõisa	PROPN	1
Rannastaadion	PROPN	1
Raskus	NOUN	1
Ratas	PROPN	1
Rathfuss	PROPN	1
Rau	PROPN	1
Raud_tee	PROPN	1
Raule	PROPN	1
Rauma	PROPN	1
Ray	PROPN	1
Rea_alkool	PROPN	1
Reaal	PROPN	1
Real_kool	PROPN	1
Realaine	PROPN	1
Rebame	PROPN	1
Red	PROPN	1
Reedel.Pidu	NOUN	1
Registreeru	PROPN	1
Reidi	PROPN	1
Reinhold	PROPN	1
Remmel	PROPN	1
Resküll	PROPN	1
Restoraan	PROPN	1
Revali	PROPN	1
Revolutsioon	PROPN	1
RideT-panen	NOUN	1
Rihanna	PROPN	1
Riia-321	PROPN	1
Riias	PROPN	1
Riideid.Peol	NOUN	1
Riie	PROPN	1
Riigi_kool	PROPN	1
Riiul	PROPN	1
Ring	PROPN	1
Rino	PROPN	1
Rio	PROPN	1
Ririta	PROPN	1
Rist	PROPN	1
Risti_kivi	PROPN	1
River	PROPN	1
Robi	PROPN	1
Robin.kask@gmail.com	PROPN	1
Robot	PROPN	1
Rocc	PROPN	1
Rocca-all-Maare	PROPN	1
Roccal	PROPN	1
Rock-muusika	PROPN	1
Rocknroll	PROPN	1
Rohkem	PROPN	1
Roker	PROPN	1
Romeo	PROPN	1
Romet	PROPN	1
Ron	PROPN	1
Ronan	PROPN	1
Roosa	NOUN	1
Roosi_saar	PROPN	1
Rootsi_maa	PROPN	1
Rootsis	PROPN	1
Rootsi“	PROPN	1
Rotaru	PROPN	1
Rubina	PROPN	1
Rudolf	PROPN	1
Rudolf.tegime	PROPN	1
Rudolfo	PROPN	1
Rugadiv	PROPN	1
Rugodib	VERB	1
Rugodiv	PROPN	1
Rugodives.ta	PROPN	1
Rugoodiv	PROPN	1
Ruila	PROPN	1
Rukh	PROPN	1
Rukkilill“	PROPN	1
Rumeenia	PROPN	1
Rummo	PROPN	1
Rummus.kui	PROPN	1
Ruslana	PROPN	1
Russo	PROPN	1
Ruta	PROPN	1
Ruut	PROPN	1
Rähn	PROPN	1
Ränke	PROPN	1
Rääma	PROPN	1
Rõbikov	PROPN	1
Rõngu	PROPN	1
Rõõm	PROPN	1
Röntgen	PROPN	1
Rükki	PROPN	1
S:	SYM	1
SE	PROPN	1
SEAL	ADV	1
SINU	PROPN	1
SL	PROPN	1
SMS	PROPN	1
SMS-laen	NOUN	1
SPAS	PROPN	1
STAR	PROPN	1
Saa	PROPN	1
Saab.mulle	PROPN	1
Saad_järv	PROPN	1
Saaksa_maa	NOUN	1
Saaksa_maa	PROPN	1
Saakusuurhall	PROPN	1
Saalis.spordip	PROPN	1
Saaremaale.me	PROPN	1
Saaremaale.sea	PROPN	1
Saaremaale31.05	PROPN	1
Saarja	PROPN	1
Sadam	PROPN	1
Saei	PROPN	1
Sagadis	PROPN	1
Sai.ma	NOUN	1
Saint-Peterburgise	PROPN	1
Saint-Peterburi	PROPN	1
Saint-Peterburis	PROPN	1
Sais	PROPN	1
Sakhu	PROPN	1
Sakku	PROPN	1
Saks_maa	PROPN	1
Sakusurhall	PROPN	1
Sala_selt	PROPN	1
Sall.Lisainfo	NOUN	1
Salme	PROPN	1
Sammut	ADV	1
Samsung	PROPN	1
Sankt	PROPN	1
Sankt-Peterburg	PROPN	1
Sankt-Peterburgi	PROPN	1
Sankt-Peterburi	PROPN	1
Sankt-petersburg	PROPN	1
Sapience	PROPN	1
Sapiens	PROPN	1
Sara_puu	PROPN	1
Sarema	PROPN	1
Saurma	PROPN	1
Savage	PROPN	1
Savi_saar	PROPN	1
Savva	PROPN	1
Schnelli	PROPN	1
Schopenhauer	PROPN	1
Schumacher	PROPN	1
Schwartzneger	PROPN	1
Scratch	PROPN	1
Scretch	PROPN	1
Sealme	NOUN	1
Security	PROPN	1
Seel	PROPN	1
Seitse.Pidu	PROPN	1
Seletus_kirj	PROPN	1
Selga	PROPN	1
Selgapeab	NOUN	1
Selisool	PROPN	1
Selle_pära	ADV	1
Semjon	PROPN	1
Sena	PROPN	1
Seppit	PROPN	1
September	PROPN	1
Serebro	PROPN	1
Serefiima	PROPN	1
Serge	PROPN	1
Seveam	PROPN	1
Sexion	PROPN	1
Shah	PROPN	1
Shakespeare	PROPN	1
Sharapova	PROPN	1
Sherloki	PROPN	1
Shnel	PROPN	1
Shrek	PROPN	1
Shurk	PROPN	1
Sibelius	PROPN	1
Sibir	PROPN	1
Sibula	PROPN	1
Signe	PROPN	1
Sigrid	PROPN	1
Siil	PROPN	1
Siim	NOUN	1
Siima	PROPN	1
Siimja	PROPN	1
Siimo	PROPN	1
Siir	PROPN	1
Siis_võib	VERB	1
Sila_mäe	PROPN	1
Sildaru	PROPN	1
Silla_maa	PROPN	1
Silla_mäe	NOUN	1
Silla_päev	PROPN	1
Silvija	PROPN	1
Sima	PROPN	1
Simu	PROPN	1
Sin	PRON	1
Sind.kuI	PROPN	1
Singer-Vinger	PROPN	1
Sini_mäe	PROPN	1
Sinivoore_mäe	PROPN	1
Sinut	PROPN	1
Sipsiku	PROPN	1
Sirbi	PROPN	1
Sissi	PROPN	1
Skaip	PROPN	1
Skypargi	PROPN	1
Skypargis,laupäev	PROPN	1
Skypargis.Pidu	NOUN	1
Skypargis.see	PROPN	1
Skyparkis.Pid	PROPN	1
Skyparkis.minu	PROPN	1
Skypei	PROPN	1
Skyplus	PROPN	1
Slaavi	PROPN	1
Slava	PROPN	1
Slga	NOUN	1
Smilers	PROPN	1
Smith	PROPN	1
Snapchat	PROPN	1
Snelii	PROPN	1
Snoop	PROPN	1
Snopp	PROPN	1
Sodolev	PROPN	1
Soi	PROPN	1
Solaaris	PROPN	1
Solaris.me	PROPN	1
Soldina	PROPN	1
Sololino	PROPN	1
Somaalia	PROPN	1
Sonata	PROPN	1
Sonja	PROPN	1
Sony	PROPN	1
Soo_maa	PROPN	1
Soojal_maa	ADJ	1
Soome	NOUN	1
Soome_maa	PROPN	1
Soomest,vene_maa	PROPN	1
Soomle	NOUN	1
Soovi_n,et	NOUN	1
Sotsiaal	PROPN	1
Spaad	PROPN	1
Spodrip_äva	PROPN	1
Spordi_keskus	PROPN	1
Spordikott	PROPN	1
Spordimuseum	PROPN	1
Spordimuuseum	PROPN	1
Spordipäevast,m	NOUN	1
Spordisaal	PROPN	1
Spordiäev	PROPN	1
Sportihall	PROPN	1
Sportland	PROPN	1
Sporto	PROPN	1
Sssr	PROPN	1
St-peterburg	PROPN	1
StaadionIl.mina	NOUN	1
Staadioni_s.al	PROPN	1
Staadionil.Meie	NOUN	1
Staadionil`“	PROPN	1
Stadion	PROPN	1
Stadionil.mArtin	NOUN	1
Stadionil.ta	PROPN	1
Stadionis.sPordi	NOUN	1
Stadioon	PROPN	1
Stalin	PROPN	1
Stig	PROPN	1
Stocholm	PROPN	1
Storm	PROPN	1
Strangers	PROPN	1
Stroomiranna	PROPN	1
Studio	PROPN	1
Stuudium	PROPN	1
Su	PROPN	1
Suggi	PROPN	1
Suits	PROPN	1
Sul	PROPN	1
Sull	PROPN	1
Suni	PROPN	1
Sunu	PROPN	1
Supe_linn	PROPN	1
Super	PROPN	1
Supergirl	PROPN	1
Supernova	PROPN	1
Supi_linn	PROPN	1
Suppi_linn	PROPN	1
Surfi	PROPN	1
Surhalis.konsert	PROPN	1
Susan	PROPN	1
Susanna	PROPN	1
Suur-aMeerika	PROPN	1
Suur_britaania	PROPN	1
Suur_britania	PROPN	1
Suur_hotelli	PROPN	1
Suure-jaani	PROPN	1
Suurhall	PROPN	1
Suurhallis.kontsert	PROPN	1
Suurkoer	PROPN	1
Suve	PROPN	1
Suvue	PROPN	1
Swedbank	PROPN	1
Swift	PROPN	1
Symphony	PROPN	1
SÜNNIPÄEVAPIDU	NOUN	1
Särak	PROPN	1
Sõber,Denis	VERB	1
Sõber,Sofia	NOUN	1
Sõber-Mari	NOUN	1
Sõbra	PROPN	1
Sõbrale/maRilt	PROPN	1
Sõbranna	PROPN	1
Sõdu	PROPN	1
Sõle	PROPN	1
Sõmer_palu	PROPN	1
Sõnu	PROPN	1
Sõrmu	PROPN	1
Sõrve	PROPN	1
Söber	PROPN	1
Sügis	PROPN	1
Sümfoonia	PROPN	1
Sünni_päevapidu	PROPN	1
Sünnip_äaev	PROPN	1
Sünnipäevapeo	NOUN	1
Sürfin	PROPN	1
Süüria	PROPN	1
T	PROPN	1
T-särg	NOUN	1
T-särgidja	PROPN	1
T-särk,_suvi	NOUN	1
T-särk,a	NOUN	1
T-särk,mus	NOUN	1
T-särk,spoord	NOUN	1
T.	PROPN	1
T.õ.v.L	PROPN	1
TALTECH	PROPN	1
TARTU	PROPN	1
TEE	PROPN	1
TEL:+3725556666	PROPN	1
TLGAJALEHT@GMAIL.COM	PROPN	1
TMRG	PROPN	1
TOP	PROPN	1
TSG	PROPN	1
TTÜ-	PROPN	1
TTü.ee	PROPN	1
TUIU	NOUN	1
TUJU.PILE	NOUN	1
TV3	PROPN	1
Taam_saare	PROPN	1
Taani	NOUN	1
Taavo	PROPN	1
Tagur_pidi	PROPN	1
Taiga	PROPN	1
Taila	PROPN	1
Taliinna	PROPN	1
Talina	PROPN	1
Talleke	PROPN	1
Tallilnn	PROPN	1
Tallinas	PROPN	1
Tallinn	ADJ	1
Tallinn,söömetal_linn	PROPN	1
Tallinna.sea	PROPN	1
Tallinnamuseum	PROPN	1
Tallinnas.ekskursioon	PROPN	1
Tallinnas.kogume	PROPN	1
Tallinnas.konsert	PROPN	1
Tallinnas.kontsert	PROPN	1
Tallinnas.see	PROPN	1
Tallinnase.see	PROPN	1
Tallinnasse.ekskursioon	PROPN	1
Tallinni,_vana	PROPN	1
Tallinnna	PROPN	1
Tallnna	PROPN	1
Taltu	PROPN	1
Talu_mets	PROPN	1
Talve-pLatsi	PROPN	1
Tamara	PROPN	1
Tamm	NOUN	1
Tamm-	PROPN	1
Tamm.mulle	PROPN	1
Tamm_kivi	PROPN	1
Tamm_salu	PROPN	1
Tamme_puu	PROPN	1
Tammsare	PROPN	1
Tamula	PROPN	1
Tansid.muL	NOUN	1
Tar_tuülikool	PROPN	1
Tark	PROPN	1
Tartu	NOUN	1
Tartu-	PROPN	1
Tartu_üli_kool	PROPN	1
Tartuman_tee	PROPN	1
Tartun	PROPN	1
Tartus,sea	PROPN	1
Tartus.ma	PROPN	1
Tartus.see	PROPN	1
Tartusee	PROPN	1
Tartusse.te	PROPN	1
Tartusse5	PROPN	1
Tarvo	PROPN	1
Taxify	PROPN	1
Taylor	PROPN	1
Te	PROPN	1
Teade	NOUN	1
Teade	PROPN	1
Teadus_pesa	PROPN	1
Teami	PROPN	1
Teartr	PROPN	1
Teate_jook	NOUN	1
Teatrine	PROPN	1
Teberk	PROPN	1
Techno	PROPN	1
Teenage	PROPN	1
Teenindus	PROPN	1
Teha.oN	VERB	1
Tehnika_kõrg_kool	PROPN	1
Tehnikad.Selga	NOUN	1
Teiene	PRON	1
Teine	DET	1
Teised.ma	PRON	1
TeisiTi.so	NOUN	1
Tele	PROPN	1
Telefon-654321	PROPN	1
Telegon	PROPN	1
Telepfon	PROPN	1
Televisioonine	PROPN	1
Televisor	PROPN	1
Televistoon	PROPN	1
Telliskiv	PROPN	1
Tellitoit.ee	PROPN	1
Tema	PRON	1
Tena	PROPN	1
Tennis	PROPN	1
Teodor	PROPN	1
Tere,	PROPN	1
Tere,ann	PROPN	1
Tere,eva	PROPN	1
Tere,kalis	PROPN	1
Tere,mart	PROPN	1
Tere,marta	PROPN	1
Tere,mihkel	PROPN	1
Tere,min	NOUN	1
Tere,min	PROPN	1
Tere,minu	PROPN	1
Tere,oskar	PROPN	1
Tere,sõber	PROPN	1
Tere.sporDip	PROPN	1
Teresa	PROPN	1
Termid	PROPN	1
Terminaator	PROPN	1
Tervede	PROPN	1
Tervisemuuseum	PROPN	1
Tervishoiukõrg_kool	PROPN	1
Tervisti	PROPN	1
Tervitade	NOUN	1
Tervitade	VERB	1
Tervitus	NOUN	1
Testi.Selga	NOUN	1
Thai	PROPN	1
Than	VERB	1
There	PROPN	1
Thrill	PROPN	1
Tiesto	PROPN	1
Tiia	PROPN	1
Tiik	PROPN	1
Tiin	PROPN	1
Tiina	NOUN	1
Tiina,mina	PROPN	1
Tiina.spordip	PROPN	1
Tiina.ta	PROPN	1
Tik-tok	PROPN	1
Tiktok	PROPN	1
Tim	NOUN	1
Timo	PROPN	1
Tip-Topi	PROPN	1
Titanic	PROPN	1
Titanik	NOUN	1
Tkvg.ee	PROPN	1
Tlu	PROPN	1
Tmbu-vembu_maa	PROPN	1
Tmiig.amet.ee	PROPN	1
Toas.Hupp	PROPN	1
Toila-oru	PROPN	1
Toilas	PROPN	1
Toimub.vArsti	PROPN	1
Toimuv	ADJ	1
Tokon	PROPN	1
Tola	PROPN	1
Tom	PROPN	1
Toma	PROPN	1
Tomin	PROPN	1
Tommi	PROPN	1
Tond	PROPN	1
Tondiraba	PROPN	1
Tondirabajäähall	PROPN	1
Tondirabas.pidu	PROPN	1
Tonu	PROPN	1
Tool	PROPN	1
Toom	PROPN	1
Toomas,Mart	PROPN	1
Toomast@gmail.com	PROPN	1
Toome_mäge	PROPN	1
Toome_mägi	PROPN	1
Torin	PROPN	1
Torm	PROPN	1
Tossud,a	NOUN	1
Tovl.edu.ee	PROPN	1
Toyota	PROPN	1
Traford	PROPN	1
Tralli	PROPN	1
Trans-Legion	PROPN	1
Trap-muusika	PROPN	1
Treffner	PROPN	1
Trere	ADJ	1
Tretjakov	PROPN	1
Triino	PROPN	1
Tsao	PROPN	1
Tsau	INTJ	1
Tsau	X	1
Tsärk	PROPN	1
Tsäu	PROPN	1
Tuhetamme	PROPN	1
Tuju	PROPN	1
Tukp	PROPN	1
Tuli.kuI	VERB	1
Tume_lill	PROPN	1
Tund.Tansu	NOUN	1
Tundi.me	NOUN	1
Turing	PROPN	1
Turki	PROPN	1
Tuurnir.Kassa	NOUN	1
Tuvi	PROPN	1
Tven	PROPN	1
Twister	PROPN	1
Twitch	PROPN	1
Twitter	PROPN	1
Two	PROPN	1
Tyra	PROPN	1
Tähe_laev	PROPN	1
Täht_vere	PROPN	1
Tämm	PROPN	1
Tänan	PROPN	1
Tänapäeva-Eesti	PROPN	1
Tänapäevaini_mene	NOUN	1
Tänav	PROPN	1
Tärl	PROPN	1
Tätte	PROPN	1
Tõnd	PROPN	1
Tõni	PROPN	1
Tõnine	PROPN	1
Tõnn	NOUN	1
Tõnni	PROPN	1
Tõra_vere	PROPN	1
Tõrmu	PROPN	1
Tõrvandi	PROPN	1
Tõõandjate	PROPN	1
Töö_varjupäev	PROPN	1
Tööndja	PROPN	1
Töötu_kassa	PROPN	1
Tüdruk	PROPN	1
Türgi	PROPN	1
Tütarlastekoor	PROPN	1
Tšaikovski	PROPN	1
Tšernobõl	PROPN	1
U-täht	PROPN	1
U22	PROPN	1
USA-	PROPN	1
UT-spetsionaliitsin	NOUN	1
UUSI	ADJ	1
Ued	PROPN	1
Uesaa	PROPN	1
Uhh	PROPN	1
Ujujad.me	NOUN	1
Uli_kool	PROPN	1
Uljana	PROPN	1
Ungari	PROPN	1
Unt	PROPN	1
Untsakas	PROPN	1
Up(	PROPN	1
Urban	PROPN	1
Us._pidu	PROPN	1
Usein	PROPN	1
Usupova	PROPN	1
Uus-mere_maa	PROPN	1
V	NOUN	1
VDN	PROPN	1
VDNH	PROPN	1
VIP	PROPN	1
VIP.IVANOV1998@MAIL.RU	PROPN	1
VIktoria	PROPN	1
VSPA	PROPN	1
Vaab	PROPN	1
Vaadata.kontSert	NOUN	1
Vaadataja_veel	NOUN	1
Vaana	PROPN	1
Vaariku	PROPN	1
Vaatame_vana	ADJ	1
Vaba	PROPN	1
Vabaja	PROPN	1
Vabarna	PROPN	1
Vabaõhumuusium	PROPN	1
Vahtra5	PROPN	1
Vahva.mE	ADJ	1
Vahva.mE	NOUN	1
Vaksali	PROPN	1
Valdek	PROPN	1
Valem	PROPN	1
Valera	PROPN	1
Valgeve_nest	PROPN	1
Valgevenema	PROPN	1
Valiamet.ee	PROPN	1
Valja	PROPN	1
Valka	PROPN	1
Valla	PROPN	1
Vallot	PROPN	1
Van	PROPN	1
Vana-Rooma	PROPN	1
Vana-egiptus	PROPN	1
Vana-kReeka	PROPN	1
Vana-linna	PROPN	1
Vana-mUsta_mägi	PROPN	1
Vana-tAllinna	PROPN	1
Vana_kool	PROPN	1
Vanaem	PROPN	1
Vanemat.spOrdip	NOUN	1
Vanemuina	PROPN	1
Vanessa	PROPN	1
Vanilla	PROPN	1
Vanus	PROPN	1
Vara	PROPN	1
Varblane	NOUN	1
Varjud“	PROPN	1
Varst	PROPN	1
Varum	PROPN	1
Varvara	PROPN	1
Vasili	PROPN	1
Vatikan	PROPN	1
Vee_keskuses.algab	PROPN	1
Vee_keskuses.pid	PROPN	1
Vee_puhastusj_aama	NOUN	1
Veebruar	PROPN	1
Veeparg	PROPN	1
Velise	PROPN	1
Velvet	PROPN	1
Vembu-tembu_maa	PROPN	1
Vend.Spordip	NOUN	1
Vene-Impeeria	PROPN	1
Venekulturikeskus	PROPN	1
Venema	VERB	1
Venemaane	PROPN	1
Venna	PROPN	1
Vennaskond	PROPN	1
Verbenets.Pilet	PROPN	1
Verino	PROPN	1
Vesi	PROPN	1
Veske	PROPN	1
Viber	PROPN	1
Vica	PROPN	1
Victor	PROPN	1
Victoria	PROPN	1
Video	PROPN	1
Viendall	PROPN	1
Viieteiskümnendnl	ADJ	1
Viikerkaar	NOUN	1
Viimsist-Võrru	PROPN	1
Viiralt	PROPN	1
Viis	NUM	1
"Viker_kaar"""	PROPN	1
Viker_kaart	NOUN	1
Vikerkaare-seen	NOUN	1
Vikerkaraseen	PROPN	1
Vikerraadio	PROPN	1
Viktooria	PROPN	1
Viktor.oh	PROPN	1
Viljandis.sea	PROPN	1
Vilnius	PROPN	1
Vilnu	PROPN	1
Vimsi	PROPN	1
Vinci	PROPN	1
Vinn	PROPN	1
Violetta	PROPN	1
Virgo	PROPN	1
Virir	PROPN	1
Vitali	PROPN	1
Vitalik	PROPN	1
Vivere	PROPN	1
Vktorija	PROPN	1
Vladislav	PROPN	1
Vladlev	PROPN	1
Vliniu	PROPN	1
Voka	PROPN	1
Voldemar	PROPN	1
Volja	PROPN	1
Volli	PROPN	1
Vooglaid	PROPN	1
Vorm	PROPN	1
Vormsi	PROPN	1
Väga	ADV	1
Väike	PROPN	1
Väike-õisMäe	PROPN	1
Väike-õismäe	PROPN	1
Värsti	PROPN	1
Võrk_keelid	PROPN	1
Võrk_pall	PROPN	1
Võrts_järv	PROPN	1
WC	NOUN	1
WI-F	PROPN	1
WIFI	PROPN	1
WWW.ÕIGEAMET.EE	NOUN	1
Wagner	PROPN	1
Washington	PROPN	1
Wasteland	PROPN	1
Waves	PROPN	1
Web-disain	PROPN	1
Weekend	NOUN	1
Whatsapp	PROPN	1
Wi-fi	PROPN	1
Wi-fiT	PROPN	1
Wilde	PROPN	1
Will	PROPN	1
William	PROPN	1
Williams	PROPN	1
Willilgi	PROPN	1
Wilt	PROPN	1
Windows	PROPN	1
Wironia	PROPN	1
Wolker	PROPN	1
Wolt	PROPN	1
Worker	PROPN	1
Woul	PROPN	1
X	ADJ	1
XO	PROPN	1
Xan,ghostmane	PROPN	1
Xan.pilet	PROPN	1
Xbox	PROPN	1
Xxtentacion,scroll,21	PROPN	1
Y	NOUN	1
Y-põlvkond	NOUN	1
Yoko	PROPN	1
York.see	PROPN	1
Youtob	NOUN	1
Youtu_beis	PROPN	1
Youtub	PROPN	1
Youtube	NOUN	1
Youtube-kanal	PROPN	1
Youtube-star	PROPN	1
Youtubei	NOUN	1
Z	PROPN	1
Z-põlvkond	PROPN	1
Zahar	PROPN	1
Zarra	PROPN	1
Zelluloos	PROPN	1
Zetod	PROPN	1
Zhiend	PROPN	1
Zoe	PROPN	1
Zoo-par	PROPN	1
Zoo-parg	PROPN	1
Zora	PROPN	1
Zuekerberg	PROPN	1
]	PUNCT	1
^	SYM	1
_	ADV	1
_	PROPN	1
_	SCONJ	1
_estfor@kjg.ee	SYM	1
_viie_d,ku	ADJ	1
``	PUNCT	1
``lido	PROPN	1
``linking	PROPN	1
``päsu_ke``	NOUN	1
``ronetk	PROPN	1
a,b,e,k	NOUN	1
a-ha	PROPN	1
a.	NOUN	1
aa	NOUN	1
aaa@_mail.r	NOUN	1
aaa_aaa	INTJ	1
aaaagm_ail.com	PROPN	1
aaasta	NOUN	1
aadres-tms	PROPN	1
aadresi	NOUN	1
aadress:kevad.kontsert@gmail.com	NOUN	1
aag	NOUN	1
aaha	NOUN	1
aaktiv	NOUN	1
aaktivne	ADJ	1
aal_kiri	NOUN	1
aar	NOUN	1
aardess	NOUN	1
aare	NOUN	1
aares	ADP	1
aast_aeg	NOUN	1
aasta-aasta	NOUN	1
aasta-tuhande	NOUN	1
aasta=ke	NOUN	1
aasta_vahetus	NOUN	1
aastakonverents	NOUN	1
aastal_õpup_eole	NOUN	1
aastaline	ADJ	1
aastane	NOUN	1
aastat,_palu	NOUN	1
aastat.kell	NOUN	1
aastat.konsert	NOUN	1
aastat.see	NOUN	1
aastate_pikkune	ADJ	1
aastate_tagune	ADJ	1
aastatetagune	ADJ	1
aaster	NOUN	1
aasts	NOUN	1
aata	NOUN	1
aatom	NOUN	1
aatom_pomm	NOUN	1
aatomi_pomm	NOUN	1
aavama	VERB	1
ab_ikokana	NOUN	1
abi_elluma	NOUN	1
abi_elumine	NOUN	1
abi_kaasas	NOUN	1
abi_kasa	ADJ	1
abi_kaslane	NOUN	1
abi_kassa	NOUN	1
abi_käet	NOUN	1
abi_palve	NOUN	1
abi_tahtlik	ADJ	1
abi_va-lm	NOUN	1
abi_vaja	NOUN	1
abi_valmidus	NOUN	1
abi_valmims	ADJ	1
abi_valmisus	NOUN	1
abi_valmiv	ADJ	1
abi_valmne	ADJ	1
abielluma	VERB	1
abikaane	NOUN	1
abima	ADJ	1
abistame	NOUN	1
abistamine	NOUN	1
abitruent	NOUN	1
abiturent	NOUN	1
absoluudselt	ADV	1
absoluutslet	ADJ	1
absurd	NOUN	1
absurdne	ADJ	1
abuturient	NOUN	1
abvgd@gmail.ee	NOUN	1
acarre@gmail.com	SYM	1
adapteeru=v	ADJ	1
addres	NOUN	1
adimistraator	NOUN	1
adma	VERB	1
admin	NOUN	1
adminisratsioon	NOUN	1
administratsiion	NOUN	1
administratsion	NOUN	1
administreeri=mine	NOUN	1
adobe	PROPN	1
adopteerima	VERB	1
adra	NOUN	1
adrenaliin	NOUN	1
adressaat	NOUN	1
aduma	VERB	1
advisor	NOUN	1
aea_ausus	NOUN	1
aed_vili	NOUN	1
aednik-disainer	NOUN	1
aednikas	NOUN	1
aee	NOUN	1
aeema	VERB	1
aeg	ADP	1
aeg	PROPN	1
aeg_a,m	NOUN	1
aega	NOUN	1
aega,_kallis	ADJ	1
aega,_sina	NOUN	1
aega,ootama	VERB	1
aega_kulutav	ADJ	1
aega_pidi	ADV	1
aega_seal	ADV	1
aega_veetmine	NOUN	1
aegalt	ADV	1
aeglasemini	ADV	1
aeglustama	VERB	1
aegne	ADV	1
aegselt	ADV	1
aegu	ADV	1
aegumatus	ADJ	1
aek	NOUN	1
aep	NOUN	1
aer	NOUN	1
aer_soft	NOUN	1
aerutaja	NOUN	1
aerutama	VERB	1
aetama	VERB	1
aevan	NOUN	1
aevuti	NOUN	1
affekt	NOUN	1
after	NOUN	1
aga_samuti	ADV	1
agam	NOUN	1
agar	ADJ	1
agarasti	ADV	1
agarus	NOUN	1
age	ADJ	1
age	CCONJ	1
agi	ADV	1
agi	CCONJ	1
agime	NOUN	1
agre_ssivsee	ADJ	1
agresiivse=m	ADJ	1
agresiivselt	ADV	1
agresiivsus	NOUN	1
agresivse=m	ADJ	1
agressiivsus	NOUN	1
agressiv=sed	ADJ	1
agressor	NOUN	1
ags	CCONJ	1
agust	NOUN	1
aha_keskusne	PROPN	1
ahaa	NOUN	1
ahastus	NOUN	1
ahel_reaktsioon	NOUN	1
aheldama	VERB	1
ahha	INTJ	1
ahha-keskus	NOUN	1
ahhaama	PROPN	1
ahhaas	NOUN	1
ahindama	VERB	1
ahne	ADJ	1
ahnem	ADJ	1
ahtgvkool@gmail.com	NOUN	1
ahvatle=vam	ADJ	1
ahvatlema	VERB	1
ahvatlus	NOUN	1
ahveldav	ADJ	1
aia	NOUN	1
aia_maa	NOUN	1
aia_peal	ADV	1
aia_töö	NOUN	1
aia_töölis	NOUN	1
aiandus	NOUN	1
aias.jaapama	PROPN	1
aid_aks	VERB	1
aidma	VERB	1
aike	NOUN	1
ainas	NOUN	1
aind	ADV	1
aine	ADJ	1
aine_kava	NOUN	1
aine_vahetus	NOUN	1
aine_õpetaja	NOUN	1
ainelt	ADV	1
ainene	NOUN	1
aines	NOUN	1
ainete_kiri	NOUN	1
ainsa	ADJ	1
ainu	NOUN	1
ainuke	NOUN	1
ainuke_sell	ADJ	1
ainule	ADJ	1
ainullt	ADV	1
ainuö	NOUN	1
airsoft.huviring	NOUN	1
aita_sustamine	NOUN	1
aitah,e	NOUN	1
aitaja	NOUN	1
aitama	ADV	1
aitav_rea	NOUN	1
aita“	ADV	1
aite	VERB	1
aitäma	VERB	1
aja_astu	NOUN	1
aja_etapp	NOUN	1
aja_graafik	NOUN	1
aja_järg	NOUN	1
aja_kirnik	NOUN	1
aja_kokkoh	NOUN	1
aja_kulgemine	NOUN	1
aja_kulukas	ADJ	1
aja_kuluta	NOUN	1
aja_laul	NOUN	1
aja_lomuu_seum	NOUN	1
aja_loo_museum	NOUN	1
aja_loo_õpetaja	NOUN	1
aja_loolane	ADJ	1
aja_loolane	NOUN	1
aja_loone	NOUN	1
aja_lootund	NOUN	1
aja_lugt	NOUN	1
aja_lugu	ADJ	1
aja_lõhe	NOUN	1
aja_peale	ADV	1
aja_planeerimine	NOUN	1
aja_pära	ADJ	1
aja_ratas	NOUN	1
aja_ruum	NOUN	1
aja_rännak	NOUN	1
aja_tabel	NOUN	1
aja_taju	NOUN	1
aja_veetmis_viis	NOUN	1
aja_viibimine	NOUN	1
aja_viite	NOUN	1
aja_vulin	NOUN	1
ajaeg	NOUN	1
ajaju	NOUN	1
ajal_ehe_juhataja	NOUN	1
ajal_ooraama_tute	NOUN	1
ajale_ht@gmail.com	X	1
ajalehe_kirjanik	NOUN	1
ajaleht.kool@gmail.com	NOUN	1
ajaleht@kool.com	NOUN	1
ajalo	NOUN	1
ajalo_osündmus	NOUN	1
ajalo_otund	NOUN	1
ajaloo	NOUN	1
ajalooga.muuseum	NOUN	1
ajaloomuusium	NOUN	1
ajalt	ADV	1
ajalugu_muuseum	NOUN	1
ajaluk	NOUN	1
ajamine	NOUN	1
ajand	NOUN	1
ajast-aegas	NOUN	1
ajast-aja	NOUN	1
ajastuma	VERB	1
ajaveetmis_võimalus	NOUN	1
ajend	NOUN	1
aju_tuline	ADJ	1
aju_töö	NOUN	1
aju_vaba	ADJ	1
ajula	NOUN	1
aka	ADV	1
akadeemiline	ADJ	1
akeanaarium	NOUN	1
akenarine	NOUN	1
akna_klaasi	NOUN	1
akna_laud	NOUN	1
aknan*	NOUN	1
akoer	NOUN	1
akord	NOUN	1
akrobatika	NOUN	1
akrobatt	NOUN	1
aksent	NOUN	1
aksepteerimine	NOUN	1
aksepteeritava=lt	ADV	1
akt	NOUN	1
akter	NOUN	1
aktiiv	NOUN	1
aktiivnem	ADJ	1
aktiivse=maim	ADJ	1
aktiivseim	ADJ	1
aktiivsemalt	ADV	1
aktiveerimine	NOUN	1
aktiviseeritama	VERB	1
aktivnee	ADJ	1
aktivse=m	ADJ	1
aktor	NOUN	1
aktsebteerima	VERB	1
aktsenseerima	VERB	1
aktsinteerima	VERB	1
akttivne	ADJ	1
aktuaal	NOUN	1
aktuaalsus	NOUN	1
aktuse_saal	NOUN	1
akua_park	NOUN	1
akuusk@hati.ek	NOUN	1
akva_parg	NOUN	1
akva_park	PROPN	1
akva_parkis	NOUN	1
akvaarium	NOUN	1
akvapargis-kell	NOUN	1
akvapargis.seal	ADV	1
akvo_park	NOUN	1
akvoparkis._kui	NOUN	1
akvtiivsem	ADJ	1
al	X	1
al.ivanov@gmail.com	SYM	1
al_kiri	NOUN	1
ala	ADV	1
ala_ealine	NOUN	1
ala_hinnatud	ADJ	1
ala_ilma	ADV	1
ala_sada	NOUN	1
ala_teadvus	NOUN	1
aladi	ADV	1
alag_aste	VERB	1
alagama	VERB	1
alal_hoidlik	ADJ	1
alaliselt	ADV	1
alandlik	ADJ	1
alanduma	VERB	1
alane	NOUN	1
alanema	VERB	1
alarm	NOUN	1
alatti	ADV	1
alatu	ADJ	1
albama	VERB	1
aldama	VERB	1
ale_ksa_nder@mail.ee	NOUN	1
alegator	NOUN	1
aleksandra@gmail.com	SYM	1
aleksela	NOUN	1
alergiline	ADJ	1
alev	NOUN	1
alevik	NOUN	1
alexela	NOUN	1
alg	NOUN	1
alg_aasta	NOUN	1
alg_klassi_laps	NOUN	1
alg_klassiõpilane	NOUN	1
alg_klla	NOUN	1
alg_leht	NOUN	1
alg_loom	NOUN	1
alg_peatus	NOUN	1
alg_tastme	NOUN	1
alga=tud	ADJ	1
alga_mist.peo	NOUN	1
algabsinustaadion	NOUN	1
algam	NOUN	1
algama	NOUN	1
algama	PROPN	1
algas,_lõpe	NOUN	1
algast	NOUN	1
algastma	VERB	1
algata=tud	ADJ	1
algataja	NOUN	1
algatuslikkus	NOUN	1
algelise=m	ADJ	1
algorütm	NOUN	1
algstaatum	NOUN	1
algste	NOUN	1
algtas	NOUN	1
algte_semeline	ADJ	1
algu_pärane	ADJ	1
algu_päraselt	ADV	1
algumiseni_sõidame	VERB	1
algus	PROPN	1
algus_aasta	NOUN	1
algus_aeg	NOUN	1
algus_kell	NOUN	1
algus_punkt	NOUN	1
algusa_ega	NOUN	1
algust,umbes	NOUN	1
alika.ivanova.17@gmail.tovl.edu.ee	NOUN	1
alikas	NOUN	1
alisa	NOUN	1
alk	NOUN	1
alkoholi_joov	NOUN	1
alkoholi_vaba	ADJ	1
alkoholism	NOUN	1
alkoholsejoog	NOUN	1
alkohooli_pudeline	NOUN	1
all_kirjasta=tud	VERB	1
all_oleva	ADJ	1
all_vee_laev	NOUN	1
all_veelaev	NOUN	1
alla	NOUN	1
alla_alandus	NOUN	1
alla_andja	NOUN	1
alla_ealine	ADJ	1
alla_laadimine	NOUN	1
alla_laadis	NOUN	1
alla_poole	ADV	1
alla_teadlikult	ADV	1
allagi	ADP	1
allalaadi=tav	ADJ	1
allalaadima	VERB	1
allama	VERB	1
allates	VERB	1
allati	ADV	1
allee	NOUN	1
allema	VERB	1
alles_jäämine	NOUN	1
allgrupp	NOUN	1
allgus	NOUN	1
allik	NOUN	1
allika	NOUN	1
allistama	VERB	1
alluma	VERB	1
allutama	VERB	1
alluv	ADJ	1
alsa	NOUN	1
alternatiiv_meditsiin	NOUN	1
alu-stama	VERB	1
alu_miinium	NOUN	1
alu_stala	NOUN	1
alu_stase	NOUN	1
alus	VERB	1
alus_kivi	NOUN	1
alusama	VERB	1
alusta=mata	ADJ	1
alustaja	NOUN	1
alustama	NOUN	1
alustame	VERB	1
alustasma	VERB	1
alv_arkine	NOUN	1
alvaldama	VERB	1
am	NOUN	1
ambi_valentsus	NOUN	1
ambient	NOUN	1
ambitsioon	NOUN	1
ame_rikana	ADJ	1
ameerika	ADJ	1
ameerika	X	1
ameeriklane	PROPN	1
amet	PROPN	1
amet.ee	NOUN	1
amett	NOUN	1
ametvali@gmail.com	SYM	1
amm	ADJ	1
ammendamatu	ADJ	1
ammus	ADJ	1
ammuta=tud	ADJ	1
amoraalne	ADJ	1
ampsuke	PROPN	1
amputeerima	VERB	1
amputeerimine	NOUN	1
amu	NOUN	1
amutu	ADJ	1
amägi@_mail.	NOUN	1
an_samber	NOUN	1
ana	ADJ	1
ana	ADV	1
analoog	NOUN	1
analüütik	NOUN	1
ananass	NOUN	1
anasta_sija	NOUN	1
anatoomia	NOUN	1
and	NOUN	1
and	PROPN	1
and	X	1
anda.s_pordip	NOUN	1
anded	NOUN	1
andek	ADJ	1
andekas	NOUN	1
andekus	NOUN	1
andetud	ADJ	1
andima	VERB	1
andine	ADJ	1
andja	NOUN	1
andma	ADJ	1
andmene	NOUN	1
andrei.aleksandrov.narva@gmail.com	SYM	1
andrei.pavlov.pro@gmail.com	SYM	1
andrei.saar@gmail.com	NOUN	1
andrei@mail.com	NOUN	1
andreiivanov@gmail.com	SYM	1
andres@hot.ee	SYM	1
angelina.pärnapuu@kannuka_kool	NOUN	1
angelina@bn.ru	NOUN	1
angervaks	NOUN	1
anim	NOUN	1
animatoriks.mit	NOUN	1
animeet	NOUN	1
ankeed	NOUN	1
ankeedi._selk	NOUN	1
anna._jõgi@gmail.com	NOUN	1
anna.ivanova@ehtehg.ee	SYM	1
anna.tamm@gmail.com	SYM	1
anna@e-post.ee	NOUN	1
annad,e	NOUN	1
annapetrova@gmail.com	SYM	1
annasepp@mail.com	NOUN	1
anndma	VERB	1
anne_linn	NOUN	1
annet	NOUN	1
annetuskampaania	NOUN	1
annnama	VERB	1
annpärn@gmail.com	ADJ	1
anomaalia	NOUN	1
anonüümsem	ADJ	1
anonüümsus	NOUN	1
anotoomia	NOUN	1
ansabl	NOUN	1
ansambl	NOUN	1
ant	ADJ	1
antav	ADJ	1
anteks	ADV	1
anti	ADJ	1
anti_biootikum	NOUN	1
antibiootikum	NOUN	1
antibiootikumi_kuur	NOUN	1
antid_epressant	NOUN	1
antii_kaja	NOUN	1
antiikne	ADJ	1
antik	NOUN	1
antisotsiaal=sus	NOUN	1
antisotsiaalne	ADJ	1
ants.jõgi@mail.com	SYM	1
ants.mänd@gmail.com	NOUN	1
antsambel	NOUN	1
antsima	VERB	1
antu	VERB	1
antud	VERB	1
ao_hind	NOUN	1
aolema	VERB	1
aom	NOUN	1
apelsima	VERB	1
apkool.ope.ee	NOUN	1
aplikatsioon	NOUN	1
apraegu	ADV	1
aprel	NOUN	1
april_ill,ne	NOUN	1
aprill	PROPN	1
aprilli,=minu	NOUN	1
aprillil,on	NOUN	1
aprillil.hakkama	VERB	1
aprillil.pidu	NOUN	1
aprillil.see	NOUN	1
aprll	NOUN	1
apse_põlv	NOUN	1
apteegisväna	NOUN	1
apteek_rina	NOUN	1
apteeker	NOUN	1
aqu_park	PROPN	1
ar	NOUN	1
araabia	ADJ	1
araablane	NOUN	1
aranema	VERB	1
aranev	ADJ	1
arates	ADP	1
arbuus	NOUN	1
areen	NOUN	1
arenal	NOUN	1
arend	NOUN	1
arenda=tud	ADJ	1
arendamis_tee	NOUN	1
arendavalt	ADV	1
arenduma	VERB	1
arene	NOUN	1
areneja	NOUN	1
arenema	ADJ	1
arenemis	NOUN	1
arenemis_järk	NOUN	1
arenemis_protsess	NOUN	1
arenemis_ruum	NOUN	1
arenemis_viis	NOUN	1
arengu_haru	NOUN	1
arengu_hüpp	NOUN	1
arengu_järk	NOUN	1
arengu_käik	NOUN	1
arengu_maariik	NOUN	1
arengu_programm	NOUN	1
arengu_tempo	NOUN	1
arenguma	VERB	1
arengus	NOUN	1
arenguvõidujooksus	NOUN	1
arenima	VERB	1
arent	NOUN	1
ares	ADP	1
aretama	VERB	1
areteerimine	NOUN	1
arg	ADJ	1
arg_ipäeva_elu	NOUN	1
argi_ell	NOUN	1
argi_päevane	ADJ	1
argi_päevit	ADV	1
arglik	ADJ	1
argume_endi	NOUN	1
argumentee	NOUN	1
argumenteeri=tud	ADJ	1
arhetekstuur	NOUN	1
arhetektuur	NOUN	1
arheti_kruur	NOUN	1
arhetiktuur	NOUN	1
arhidektuur	NOUN	1
arhitektur	NOUN	1
ari_arvamus	NOUN	1
arienteerumist,jooksu	NOUN	1
arinteerium	NOUN	1
arkama	VERB	1
arm	ADJ	1
armamus	NOUN	1
armasam	ADJ	1
armasdus	NOUN	1
armastama	ADJ	1
armastatakse.&quot	NOUN	1
armastatu	ADJ	1
armastatuim	ADJ	1
armastavav	ADJ	1
armastu	ADJ	1
armastuma	VERB	1
armastus_lugu	NOUN	1
armastus_väärne	ADJ	1
armastusväärsem	ADJ	1
armatuur	NOUN	1
armavus	NOUN	1
armee_teenistus	NOUN	1
armeenlane	NOUN	1
armsalt	ADJ	1
armsalt	ADV	1
armsama	ADJ	1
armsus_tegevus	NOUN	1
armu_suht	NOUN	1
armund	ADJ	1
armus	ADJ	1
arneb	ADJ	1
arno.luik@gmail.com	SYM	1
arritama	VERB	1
arrvama	VERB	1
ars	NOUN	1
ars_tieluku	NOUN	1
ars_tina	NOUN	1
arsenal	NOUN	1
arsti_amet	NOUN	1
arsti_juur	NOUN	1
arsti_kittel	NOUN	1
arsti_käik	NOUN	1
arsti_teadmine	NOUN	1
arsti_tehnoloogia	NOUN	1
arstib	NOUN	1
arstindus	NOUN	1
arstine	NOUN	1
artiik	NOUN	1
artiikkel	NOUN	1
artiikle	NOUN	1
artsist	NOUN	1
artur	NOUN	1
arturmets@gmail.com	NOUN	1
arturplanet@gmail.com	NOUN	1
aru	ADP	1
aru_anne	VERB	1
aru_asi	NOUN	1
aru_saad	VERB	1
aru_saadamine	NOUN	1
aru_saade	NOUN	1
aru_saam	ADJ	1
aru_saam	ADV	1
aru_saamatu	NOUN	1
aru_saamav	ADJ	1
aru_saammatus	NOUN	1
aru_sadav	ADJ	1
aru_samatus	NOUN	1
aruma	VERB	1
arus	ADP	1
arusa=mine	NOUN	1
arust	ADV	1
arust	NOUN	1
arusta=tav	ADJ	1
aruta=tud	ADJ	1
arutlem	NOUN	1
arutlev	NOUN	1
arutlus_teema	NOUN	1
arutus	NOUN	1
aruvt	NOUN	1
arv_sõna	NOUN	1
arva=tud	VERB	1
arva_musloode	NOUN	1
arvaamus	NOUN	1
arvama	ADJ	1
arvame	VERB	1
arvamne	NOUN	1
arvamus_festival	NOUN	1
arvamuso_keaan	NOUN	1
arvamuste_rikka	ADJ	1
arvan,et	NOUN	1
arvanm	VERB	1
arvas	NOUN	1
arvasine	ADJ	1
arvastus	NOUN	1
arvat	NOUN	1
arvatamatult	ADV	1
arvatma	NOUN	1
arvav	ADJ	1
arvavama	VERB	1
arve	ADP	1
arvel	ADP	1
arveldamine	NOUN	1
arvem	ADJ	1
arves	ADP	1
arvestatav	ADJ	1
arvestatu	NOUN	1
arvestavalt	ADV	1
arvestuslik	ADJ	1
arvitu_mäng	NOUN	1
arvsõna	NOUN	1
arvu_tee	VERB	1
arvukalt	ADV	1
arvukas	ADJ	1
arvuma	ADJ	1
arvus	NOUN	1
arvustama	VERB	1
arvustus	NOUN	1
arvut	NOUN	1
arvutamatu	ADJ	1
arvuti-disainer	NOUN	1
arvuti_joonistamine	NOUN	1
arvuti_klaviatuur	NOUN	1
arvuti_klub	NOUN	1
arvuti_klubi	NOUN	1
arvuti_komponent	NOUN	1
arvuti_laadne	ADJ	1
arvuti_sõltlane	NOUN	1
arvuti_sõltuvus	NOUN	1
arvuti_süsteem	NOUN	1
arvuti_taha	NOUN	1
arvuti_teadus	NOUN	1
arvuti_tehnika	NOUN	1
arvuti_õpetus	NOUN	1
arvuti_õppetus	NOUN	1
arvutig_a.mi	NOUN	1
arvutiga,vaatama	NOUN	1
arvutim_änge,sööm	NOUN	1
arvutis_t/telefon	NOUN	1
arvutisõl_tuvus	NOUN	1
arvutit_eadus	NOUN	1
arvutus	NOUN	1
arvutus_võime	NOUN	1
arä	NOUN	1
asdumine	NOUN	1
ase_sõna	NOUN	1
asel	ADP	1
asematu	ADJ	1
asemele	ADV	1
asemele	NOUN	1
asend	NOUN	1
asetsev	ADJ	1
asfalt	NOUN	1
asi..	NOUN	1
asistent	NOUN	1
asj_ad.ne	NOUN	1
asj_u.auhind	NOUN	1
asja	NOUN	1
asja_ajamine	NOUN	1
asja_loog	NOUN	1
asja_tund	NOUN	1
asjad.pang	NOUN	1
asjadu	NOUN	1
asjas	NOUN	1
asjata	NOUN	1
asji	NOUN	1
asju,_näide	NOUN	1
asju,mima	NOUN	1
asju..	NOUN	1
asju._kaasa	NOUN	1
asju._sull	NOUN	1
askama	VERB	1
asortiment	NOUN	1
aspek	NOUN	1
aspeks	NOUN	1
assotsieerima	VERB	1
assta	NOUN	1
ast	ADJ	1
astma_hoog	NOUN	1
astroloogia	NOUN	1
astronoom	NOUN	1
astronoomiliselt	ADV	1
astu=nud	ADJ	1
astumis_eksam	NOUN	1
astutama	VERB	1
asu	NOUN	1
asu=nud	ADJ	1
asubvana-linnas.loomama	VERB	1
asumine	NOUN	1
asumis_koht	NOUN	1
asunik	NOUN	1
asustus	NOUN	1
at	X	1
atagasi	ADP	1
atahtma	VERB	1
atati	ADV	1
atestaat	NOUN	1
atmo_sfeerne	ADJ	1
atmo_sfär	NOUN	1
atraksioon	NOUN	1
atraktiivne	ADJ	1
atraktsion	NOUN	1
atribuut	NOUN	1
atrkatsioon	NOUN	1
att	NOUN	1
attak	NOUN	1
au	ADJ	1
au_hhind	NOUN	1
au_hina.munu	NOUN	1
au_hins	NOUN	1
au_hint	NOUN	1
au_kirju	NOUN	1
au_las.seal	NOUN	1
au_sõna	NOUN	1
au_tasustama	VERB	1
au_tomatiseerimine	NOUN	1
aua_hnus	NOUN	1
auasi	ADJ	1
aub	VERB	1
auditor	NOUN	1
audo	NOUN	1
august_il,minu	NOUN	1
augustil,sky	NOUN	1
auhhina	NOUN	1
auhiine.kõige	NOUN	1
auhima	VERB	1
auhin	NOUN	1
auhinai	NOUN	1
auhind_a.au_hind	NOUN	1
auhinda.mulle	NOUN	1
auhinda.ootan	NOUN	1
auhindamine	NOUN	1
auhinn_a.au_hind	NOUN	1
auhinna,esimene	ADJ	1
auhinna,ne	NOUN	1
auhinna,ol	NOUN	1
auhinna,sokolaad,_diploom	NOUN	1
auhinna,ta	NOUN	1
auhinna-need	NOUN	1
auhinna.batuut	NOUN	1
auhinna.muul	NOUN	1
auhinnaks	NOUN	1
auhinnu.minu	NOUN	1
auhinun	NOUN	1
auhund	NOUN	1
auhunne	NOUN	1
aui_hind	NOUN	1
auinult	ADV	1
aukam	ADJ	1
auko_hustus	NOUN	1
aula_s.kontsert	NOUN	1
aulama	VERB	1
aulane	NOUN	1
aulas,_kell	NOUN	1
aulas,_milla	NOUN	1
aulas._kontsert	NOUN	1
aulas._sell	NOUN	1
aulas.ta	NOUN	1
aulas_.pile	NOUN	1
aulas_se.pi	NOUN	1
aulat.ma	NOUN	1
aulus	NOUN	1
aune	ADJ	1
auninna.spordip	NOUN	1
aura_keskus	NOUN	1
aura_keskus	PROPN	1
aura_kuskus	NOUN	1
auru_masin	NOUN	1
auru_vedur	NOUN	1
aus	ADV	1
ausama	VERB	1
auslikult	ADV	1
ausma	VERB	1
austa=tud	VERB	1
austama	ADJ	1
austavamalt	ADV	1
austuma	VERB	1
aut	NOUN	1
aut_oji_hikursus	NOUN	1
aut_ojuhi_kursustelt	NOUN	1
auta_sustamie	NOUN	1
autasu	NOUN	1
autism	NOUN	1
auto	ADJ	1
auto_,viima	ADJ	1
auto_aken	NOUN	1
auto_avaar	NOUN	1
auto_avar	NOUN	1
auto_buss	NOUN	1
auto_juh_ikursuse	NOUN	1
auto_juh_iõpetaja	NOUN	1
auto_juhataja	NOUN	1
auto_juhi_kool	NOUN	1
auto_juhim	NOUN	1
auto_juhtija	NOUN	1
auto_katastroof	NOUN	1
auto_kevitaja	NOUN	1
auto_koliõ_petaja	NOUN	1
auto_kooli_kursus	NOUN	1
auto_koolitane	NOUN	1
auto_maaler	NOUN	1
auto_maatik	PROPN	1
auto_mantik	NOUN	1
auto_mehhanik	NOUN	1
auto_mekaanik	NOUN	1
auto_mudel	NOUN	1
auto_muuseum	PROPN	1
auto_müra	NOUN	1
auto_pesu	NOUN	1
auto_pesula	NOUN	1
auto_remondiluksep	NOUN	1
auto_remont	NOUN	1
auto_ritarne	NOUN	1
auto_sõitmine	NOUN	1
auto_tee	NOUN	1
auto_tehnik	NOUN	1
auto_õnnetus	NOUN	1
autoga/bussiga/trammiga/rongiga/lennuk	NOUN	1
autoj_uhik_ursus	NOUN	1
autojuhi_õpping	NOUN	1
autojuhikol	NOUN	1
autojuhikurstes=t	NOUN	1
autojuhiluba_deg	NOUN	1
autolub	NOUN	1
automaatik	NOUN	1
automaatne	ADJ	1
automatiseeri=tud	ADJ	1
autome_haaniku	NOUN	1
autookiõp_peplats	NOUN	1
autori_tetn	NOUN	1
autoriteet	NOUN	1
autoriteet=sus	NOUN	1
autosustama	VERB	1
autujuh_ikursus	NOUN	1
ava	ADJ	1
ava-stama	VERB	1
ava_lehe	NOUN	1
ava_meelse=m	ADJ	1
ava_meelsem	ADJ	1
ava_uks	NOUN	1
aval	ADJ	1
avalda=nud	ADJ	1
avaldada.peale	ADJ	1
avaldala	NOUN	1
avaldama	PROPN	1
avaldamise_meetod	NOUN	1
avaldus	PROPN	1
avalikne	ADJ	1
avalikum	ADJ	1
avalikune	ADJ	1
avalikusta=mine	NOUN	1
avalikustama	VERB	1
avalstamine	NOUN	1
avalvamine	NOUN	1
avane	ADJ	1
avanemine	NOUN	1
avardav	ADJ	1
avasta=v	ADJ	1
avasüli	ADV	1
avati	ADV	1
avutama	VERB	1
b.e.m	PROPN	1
baa_siteadmine	NOUN	1
baa_steadmine	NOUN	1
baanan	NOUN	1
baasi_kolitus	NOUN	1
baasoskus	NOUN	1
baatud	NOUN	1
baatudi_keskus	NOUN	1
baatuti_keskus	NOUN	1
baatutil.ema	NOUN	1
baby	PROPN	1
baisen	NOUN	1
bakas	NOUN	1
bakter	NOUN	1
balbino.pilet	NOUN	1
bald	NOUN	1
balerinit,võijmleat,tantsjad,lauljad,teater	NOUN	1
balett	NOUN	1
ballet	NOUN	1
balleti_kool	PROPN	1
balti	NOUN	1
balti_riik	NOUN	1
balti_saksa	ADJ	1
baltikum	NOUN	1
banaani-jäätisekokteil	NOUN	1
banaani_jäätis	NOUN	1
banan	NOUN	1
band._kui	SCONJ	1
band._pilet	NOUN	1
banda	NOUN	1
bandaan	NOUN	1
banditi	NOUN	1
banka_kard	NOUN	1
banka_töötaja	NOUN	1
bariaalne	ADJ	1
barrokk_pärl	NOUN	1
baseerima	VERB	1
baseeruma	VERB	1
basein_is,mäng	VERB	1
basseini=l,	NOUN	1
basseini_asi	NOUN	1
basskitarist	NOUN	1
bastiooni_le.m	NOUN	1
batalion	NOUN	1
batud	NOUN	1
batudi	ADJ	1
batudi	NOUN	1
batudi_keskus	PROPN	1
batudikeskus	NOUN	1
batudikeskus	PROPN	1
batudis	NOUN	1
batuti	ADJ	1
batuti	ADV	1
batuti_keskus	NOUN	1
batutikeskuses.pidu	NOUN	1
batuudi_keskus	PROPN	1
batuudi_s,ve	NOUN	1
batuudikeskus	NOUN	1
batuudikeskuses.see	ADJ	1
batuudil,_teha	NOUN	1
batuuti_keskus	NOUN	1
batuutik_eskus	PROPN	1
batuutis,_pära	ADP	1
batuutis,_sööm	NOUN	1
batuutis,jooksta,mängima	VERB	1
batuutise.pane	ADJ	1
bay	INTJ	1
be	VERB	1
bebi	NOUN	1
beebi	NOUN	1
been	VERB	1
beež	ADJ	1
beež	NOUN	1
beie	NOUN	1
bestseller	NOUN	1
betoon	NOUN	1
bidi	NOUN	1
big	ADJ	1
biitel	NOUN	1
biitl	NOUN	1
bilet	NOUN	1
bileti.ootama	NOUN	1
billion	NUM	1
bilooogia	NOUN	1
bio_inseneeria	NOUN	1
bio_mass	NOUN	1
bioin_šenäär	NOUN	1
biolo_ogia_olümpiaadil	NOUN	1
bioloogia	ADJ	1
bioloogiline	ADJ	1
bioloogiliselt	ADV	1
bistroo	NOUN	1
blogeer	NOUN	1
bloger	NOUN	1
blokk	NOUN	1
blondiin	NOUN	1
blondiit	NOUN	1
bloog	PROPN	1
blooger	NOUN	1
blooger	VERB	1
blues	NOUN	1
boi	CCONJ	1
boiling	NOUN	1
boks.ma	PROPN	1
bolt	NOUN	1
bonus	NOUN	1
boou_leng	NOUN	1
borši_supp	NOUN	1
boršš	NOUN	1
bosi	NOUN	1
botaani_kaaia	NOUN	1
botaani_kaap	NOUN	1
botaani_kaat	NOUN	1
botaanika_aed	PROPN	1
botaaniku_aed	PROPN	1
botasne	NOUN	1
botis	NOUN	1
bottas	NOUN	1
bouing	NOUN	1
bouligus	NOUN	1
boulingi,räägima	NOUN	1
boulingis,14	NOUN	1
boulingis,sööme,laulama	VERB	1
boulingne	NOUN	1
boulingus	NOUN	1
boulingus,sööma	NOUN	1
boulingut.seal	NOUN	1
bowlingus.seal	NOUN	1
bowlingus.seej	NOUN	1
bowlingut,sööma	NOUN	1
boy	NOUN	1
brak	NOUN	1
brasiilia	NOUN	1
brekett	NOUN	1
broneeri=mine	NOUN	1
broneeri=tud	ADJ	1
broonerima	VERB	1
bruto	NOUN	1
brutto	NOUN	1
budem	VERB	1
bufe	NOUN	1
bufeet	NOUN	1
buksiir	NOUN	1
bulvar	NOUN	1
bumerang	NOUN	1
busi	NOUN	1
business	NOUN	1
businessi	NOUN	1
buss	VERB	1
buss_iekskursioon	NOUN	1
bussi-eksursioon	NOUN	1
bussi-terminaal	NOUN	1
bussi_aken	NOUN	1
bussi_jaam	PROPN	1
bussi_jama	NOUN	1
bussi_jamm	NOUN	1
bussi_juhataja	NOUN	1
bussi_jääm	NOUN	1
bussiga.alustama	VERB	1
bussiga.bust	NOUN	1
bussiga.eks_kursion	NOUN	1
bussiga.saam	NOUN	1
bussiga.see	NOUN	1
bussigaja	NOUN	1
bussima	VERB	1
bussis“	NOUN	1
buterbrood	NOUN	1
buum	NOUN	1
buus	NOUN	1
buuts	NOUN	1
buzo_va,ker	PROPN	1
bändi/art=ist	NOUN	1
bändi_kaaslane	NOUN	1
bändi_proov	NOUN	1
bändi_tegemine	NOUN	1
bõla	NOUN	1
büoloogia	NOUN	1
büro_töötaja	NOUN	1
c	NOUN	1
ca	ADV	1
cabinet	NOUN	1
cacaot	NOUN	1
cafe	NOUN	1
capuchino	NOUN	1
caputsino	NOUN	1
cathou_ses.kontsert	PROPN	1
cau	INTJ	1
center	NOUN	1
chau	INTJ	1
chill	NOUN	1
chillima	VERB	1
ciao	INTJ	1
city	ADJ	1
city	X	1
classroom	NOUN	1
cm	NOUN	1
coca	X	1
coff	NOUN	1
cola	X	1
cold	NOUN	1
comfortne	ADJ	1
corona_viru	NOUN	1
coronaviirus	NOUN	1
cybernetica	NOUN	1
d	NOUN	1
da	PROPN	1
da	X	1
da-infinitiiv	NOUN	1
dahtma	VERB	1
dance	NOUN	1
daniil	NOUN	1
davaj	VERB	1
davi_nsi,ja	NOUN	1
day	NOUN	1
de	PROPN	1
de	X	1
debatt	NOUN	1
debiilne	ADJ	1
defineeri=mine	NOUN	1
defineerima	VERB	1
defitsiit	NOUN	1
deformeeruma	VERB	1
degradeerima	VERB	1
degusteerimine	NOUN	1
dei	NOUN	1
dekaad	NOUN	1
dekaber	NOUN	1
dekatt	NOUN	1
dekokraatia	NOUN	1
dekoratiivne	ADJ	1
dekoreerim	NOUN	1
delegeeri=mine	NOUN	1
delegeerima	VERB	1
delfinaarium	NOUN	1
deote_ptlinatsioon	NOUN	1
deppressioon	NOUN	1
depresiivse=m	ADJ	1
depressiivne	ADJ	1
depressiivse=m	ADJ	1
depulaat	NOUN	1
derekter	NOUN	1
desainer	NOUN	1
deskuteerima	VERB	1
desserd	NOUN	1
destabiliseerumine	NOUN	1
detailse=malt	ADV	1
detall	NOUN	1
detekter	NOUN	1
detsembril.pidu	NOUN	1
detsembripi_medune	ADJ	1
detsi_meeter	NOUN	1
di	PROPN	1
diabeet	NOUN	1
diagnoosima	VERB	1
diagnosteeruma	VERB	1
dialekt	NOUN	1
diana.ivanova@mail.ru	SYM	1
dianakask@gmail.com	NOUN	1
dieet	NOUN	1
digi_ajastus	NOUN	1
digi_lukk	NOUN	1
digi_maa_ilm	NOUN	1
digia_jastu	NOUN	1
digiall_kiri	NOUN	1
digimaania	NOUN	1
digitaal	NOUN	1
digitaalse=lt	ADV	1
digitaliseeruma	VERB	1
digradatsioon	NOUN	1
digradeerima	VERB	1
diirektor	NOUN	1
diisain	NOUN	1
diisl	NOUN	1
diivanis.spordip	PROPN	1
dikoreerima	VERB	1
diktor	NOUN	1
diktotuurne	ADJ	1
dilemma	NOUN	1
dilfina-ariumine	NOUN	1
dilfinaarium	NOUN	1
dima	NOUN	1
dimensioon	NOUN	1
dimotiveerima	VERB	1
din	PROPN	1
dinasauriel	NOUN	1
diploma	NOUN	1
diplomaat	NOUN	1
diplomi.ma	NOUN	1
dipplom	NOUN	1
dipressiv	ADJ	1
direektor	NOUN	1
direktor@gmail.com	SYM	1
dirigend	NOUN	1
dirigent	NOUN	1
dis_funksioneerimine	NOUN	1
dis_kohitt	NOUN	1
dis_kolugu	PRON	1
dis_krimineerima	VERB	1
disaain	NOUN	1
disainer-revolutsioneer	NOUN	1
disajner	NOUN	1
disc	NOUN	1
disco.ootama	VERB	1
discolf	NOUN	1
diskgolf	NOUN	1
diskgolf,rahvastepall,jalgpall_,oda	NOUN	1
disko._kaasa	NOUN	1
disko_golf	NOUN	1
diskod	NOUN	1
diskogolf	NOUN	1
diskor	NOUN	1
diskoteka	NOUN	1
diskrimineeritama	VERB	1
diskusioon	NOUN	1
diskussia	NOUN	1
distanc	NOUN	1
distans	NOUN	1
distansioon	NOUN	1
distant	NOUN	1
distant_sõpe	PROPN	1
distanti.auhinna	NOUN	1
distantsioon	NOUN	1
distantsiooniline	ADJ	1
distantss	NOUN	1
distantsõ_ppimine	NOUN	1
distantsõppi=mine	NOUN	1
distatns	NOUN	1
distiplineeri=tud	ADJ	1
distiplineerima	VERB	1
distsiplineerima	VERB	1
ditsiplin	NOUN	1
divaan	NOUN	1
dizaini-kool	NOUN	1
djungel	NOUN	1
dna	NOUN	1
doesnt	X	1
dogi	NOUN	1
doktor	PROPN	1
dokument	PROPN	1
dokumental	ADJ	1
dokumental	NOUN	1
dokumentalne	ADJ	1
domineeriv	ADJ	1
dool	NOUN	1
draamat	NOUN	1
draamteater	NOUN	1
dragons	X	1
dram	NOUN	1
drama	ADJ	1
dramaatiline	ADJ	1
dramat	NOUN	1
dramma	ADJ	1
dramma	NOUN	1
dresscode	NOUN	1
dressidseljas	NOUN	1
dresskood	NOUN	1
dri-fit	NOUN	1
droon	NOUN	1
dubleerima	VERB	1
duett	NOUN	1
duurima	NOUN	1
duši	NOUN	1
dušši_ruum	NOUN	1
dzakuus	NOUN	1
dzins	NOUN	1
döö	NOUN	1
dünaamika	NOUN	1
düstoopia	NOUN	1
e	ADV	1
e	AUX	1
e	X	1
e-aadress	NOUN	1
e-adress	NOUN	1
e-aja_leht	NOUN	1
e-blogi	NOUN	1
e-kooli_leht	NOUN	1
e-kursus	NOUN	1
e-m	NOUN	1
e-m_ailile.min	NOUN	1
e-mail:erik.sepp@gmail.com	SYM	1
e-mail:mari@mail.ru	NOUN	1
e-mail:mart@gmail.com	SYM	1
e-mail:scool.mail.ru	NOUN	1
e-malli:odgjfjg@gmail.com	NOUN	1
e-pood	NOUN	1
e-poos	NOUN	1
e-poost	NOUN	1
e-poostis	NOUN	1
e-pos	NOUN	1
e-post:marimets@mail.ru	NOUN	1
e-r	NOUN	1
e-riig	NOUN	1
e-riiklus	NOUN	1
e-täht	NOUN	1
e-õ_ppe	NOUN	1
e-õ_ppimine	NOUN	1
e-õping	NOUN	1
e.k.s	ADV	1
e.mai	NOUN	1
eadma	VERB	1
ealudus	NOUN	1
eba_aktuaalne	ADJ	1
eba_akuraatne	ADJ	1
eba_atraktiivne	ADJ	1
eba_ausat	ADJ	1
eba_eduk	ADJ	1
eba_edukalt	ADV	1
eba_edune	ADJ	1
eba_efektiivne	ADJ	1
eba_elu	NOUN	1
eba_halvasti	ADV	1
eba_hea	NOUN	1
eba_huvitatud	ADJ	1
eba_igav	ADJ	1
eba_ige	ADJ	1
eba_ilu	ADJ	1
eba_iluselt	ADV	1
eba_ilusnin	NOUN	1
eba_kasukas	ADJ	1
eba_kasulikk	ADJ	1
eba_kindel	NOUN	1
eba_kindl	ADJ	1
eba_kindlane	ADJ	1
eba_konfliktne	ADJ	1
eba_korekne	ADJ	1
eba_korralik	ADJ	1
eba_korrektselt	ADV	1
eba_lemmik	NOUN	1
eba_loomulik	ADJ	1
eba_maine	ADJ	1
eba_maitse	ADJ	1
eba_mugavald	ADJ	1
eba_muugavald	ADJ	1
eba_mõistmine	NOUN	1
eba_mõistus	NOUN	1
eba_normaalselt	ADV	1
eba_nähtav	ADJ	1
eba_nõusi	ADJ	1
eba_olulisem	ADJ	1
eba_pisav	ADJ	1
eba_praktilisus	NOUN	1
eba_professionaalne	ADJ	1
eba_proffessionaalne	ADJ	1
eba_prognoseeriv	ADJ	1
eba_pädev	ADJ	1
eba_põnev	ADJ	1
eba_rahu	NOUN	1
eba_rahuldus	NOUN	1
eba_rahulik	ADJ	1
eba_rask	ADJ	1
eba_ratsionaalne	ADJ	1
eba_reaalselt	ADV	1
eba_rõõmus	ADJ	1
eba_rõõmus	NOUN	1
eba_selge	ADJ	1
eba_sobiv	ADJ	1
eba_soovilik	ADJ	1
eba_standartne	ADJ	1
eba_tahtlik	ADJ	1
eba_taoline	ADJ	1
eba_tavalis	ADJ	1
eba_terveslik	ADJ	1
eba_turvaline	ADJ	1
eba_turvalisus	NOUN	1
eba_tutav	ADJ	1
eba_tuttav	ADJ	1
eba_tähelepanelik	ADJ	1
eba_täps	ADJ	1
eba_täpsus	NOUN	1
eba_täth	NOUN	1
eba_tüüpiline	ADJ	1
eba_usk	NOUN	1
eba_vajalikk	ADJ	1
eba_vajalikut	ADJ	1
eba_valakik	ADJ	1
eba_valik	ADJ	1
eba_valmistatud	ADJ	1
eba_viisakaid	ADJ	1
eba_visakalt	ADV	1
eba_värske	ADJ	1
eba_võimalus	NOUN	1
eba_võrdne	ADJ	1
eba_õigesti	ADV	1
eba_õiguslik	ADJ	1
eba_õnne	ADJ	1
eba_õnneks	ADJ	1
eba_õnnestama	VERB	1
eba_õnnestu	NOUN	1
eba_õnnestu	VERB	1
eba_õnnestumis	NOUN	1
eba_õnnestus	ADJ	1
eba_õnnestuslik	ADJ	1
eba_õnnestuv	ADJ	1
eba_õnnetsus	NOUN	1
eba_õppenud	ADJ	1
ebaadekvaatne	ADJ	1
ebaaru_saamatus	NOUN	1
ebainimlik	ADJ	1
ebakonkurentsi_võimeline	ADJ	1
ebakonstruktiivne	ADJ	1
ebaloogiline	ADJ	1
ebameedlima	VERB	1
ebameeldima	VERB	1
ebamotiveeri=tud	ADJ	1
ebanormaalne	ADJ	1
ebapüsima	VERB	1
ebaratsionaalne	ADJ	1
ebase_kindel	ADJ	1
ebasotsiaalsem	ADJ	1
ebatsensuurne	ADJ	1
ebatutv	ADJ	1
ebaus	NOUN	1
ebausaldusväärne	ADJ	1
ebavi_isaka=m	ADJ	1
ebaõ_nneliku=m	ADJ	1
ebaõnnetuslik	ADJ	1
eburas=ke	ADJ	1
ebõnnestus	VERB	1
eda-siõppida	VERB	1
eda_pidine	ADJ	1
edasa	ADV	1
edasi.	PUNCT	1
edasi._muli	NOUN	1
edasi.pane	ADJ	1
edasi.panna	NOUN	1
edasi_arendamine	NOUN	1
edasi_arendus	NOUN	1
edasi_areng	NOUN	1
edasi_liikumine	NOUN	1
edasi_pürgivus	NOUN	1
edasi_püüdlik	ADJ	1
edasi_viiv	ADJ	1
edasigi	ADV	1
edasiliiku=mine	NOUN	1
edasit_õukaja	NOUN	1
edenda=v	ADJ	1
edev	ADJ	1
edm	NOUN	1
edu	VERB	1
edu=tud	ADJ	1
edu@gmail.com	NOUN	1
edu_lugu	NOUN	1
edu_pann	NOUN	1
edukan	ADJ	1
edukan	NOUN	1
edukas	NOUN	1
edukavam	ADJ	1
eduma	ADJ	1
edundama	VERB	1
edvistamine	NOUN	1
ee	AUX	1
ee-post	NOUN	1
ee.	NOUN	1
ee_märk	NOUN	1
eebeni_puu	NOUN	1
eeesti	ADV	1
eekrani_aeg	NOUN	1
eeksam	NOUN	1
eekskursion	NOUN	1
eekskursioon	NOUN	1
eel	ADV	1
eel_arve	NOUN	1
eel_kirjelda=tud	ADJ	1
eel_kool	NOUN	1
eel_kooliealisen	ADJ	1
eel_käe	NOUN	1
eel_käja	NOUN	1
eel_nimetatu	NOUN	1
eel_toodu	NOUN	1
eelesita=tud	ADJ	1
eelis_valik	ADJ	1
eelista=tud	ADJ	1
eelistamine	NOUN	1
eelistav	ADJ	1
eelmi	NOUN	1
eelmne	ADJ	1
eelnevane	ADJ	1
eelöel=dud	ADJ	1
eemal	ADP	1
eemal	NOUN	1
eemal_olek	NOUN	1
eemaldamine	NOUN	1
eemale_hoidev	ADJ	1
eemalt	ADV	1
eepost	NOUN	1
eerinev	ADJ	1
ees.kontsert	NOUN	1
ees_kujulikult	ADV	1
ees_mägi	NOUN	1
ees_mäng	NOUN	1
ees_plaan	NOUN	1
ees_tiper	NOUN	1
ees_tla-ne	NOUN	1
ees_tvedaja	NOUN	1
ees_ärk	NOUN	1
eesi	NOUN	1
eesik	NOUN	1
eesimene	ADJ	1
eeslmine	ADJ	1
eesltane	NOUN	1
eesm_aabi_koolitus	NOUN	1
eesma_abi	NOUN	1
eesmaabi_koolitus	NOUN	1
eesmalt	ADV	1
eesmane	ADJ	1
eesmaspäeval,teisi_päev	NOUN	1
eesmaspäevast-_reede	NOUN	1
eesmine	ADJ	1
eesmärgi_kindel	ADJ	1
eesmärgi_kinne	ADJ	1
eesmärgiliselt	ADV	1
eest,et	NOUN	1
eest,ootama	VERB	1
eest...	PUNCT	1
eest._selk	NOUN	1
eest.mina	NOUN	1
eest_last	NOUN	1
eest_vedaja	NOUN	1
eest_vedamine	NOUN	1
eestal	NOUN	1
eesti-meelne	ADJ	1
eesti-sarnane	ADJ	1
eesti-vene	ADJ	1
eesti_film	NOUN	1
eesti_keel	ADV	1
eesti_keelene	ADJ	1
eesti_maalane	NOUN	1
eesti_maine	PROPN	1
eesti_maise	ADJ	1
eesti_meelsus	NOUN	1
eesti_riik	PROPN	1
eesti_sisese=lt	ADV	1
eesti_sõna	NOUN	1
eestike_eleoskus	NOUN	1
eestikelne	ADJ	1
eestilane	NOUN	1
eestilaulja	NOUN	1
eestilikum	ADJ	1
eestiline	ADJ	1
eestistaadion	NOUN	1
eestiv_äikeseen	PROPN	1
eestlane	ADJ	1
eestlanna	NOUN	1
eestlas	NOUN	1
eestllane	NOUN	1
eestma	PROPN	1
eestu	ADJ	1
eeti	NOUN	1
eetika	NOUN	1
eetika_küsimus	NOUN	1
eetika_reegel	NOUN	1
eetiline	ADJ	1
eetiliselt	ADV	1
effects	NOUN	1
effektiivsemalt	ADV	1
effektiivsus	NOUN	1
effektivsus	NOUN	1
effektne	ADJ	1
effektsem	ADJ	1
egas	ADV	1
ego_tsentri=line	ADJ	1
egoistlikum	ADJ	1
ehima	VERB	1
ehistama	VERB	1
ehitaja-arhitektor	NOUN	1
ehitaksima	VERB	1
ehitus_töö	NOUN	1
ehkima	VERB	1
ehmatama	VERB	1
ehte	NOUN	1
ehtehg.ee	SYM	1
ehtk	ADV	1
ei	NOUN	1
ei	VERB	1
ei..	PUNCT	1
ei.ema	VERB	1
eikeeg	NOUN	1
eil	NOUN	1
eile,kõndis	ADV	1
eile.osa	NOUN	1
eile_õhtus	ADJ	1
eiles	ADV	1
ein	NOUN	1
einev	ADJ	1
eiole	ADV	1
eiole	AUX	1
eiole	NOUN	1
eirnev	ADJ	1
eisimene	ADJ	1
eismene	ADJ	1
eitamatult	ADV	1
eiteks	ADV	1
eiti	ADV	1
eituma	VERB	1
ej	CCONJ	1
ek-skursioon	NOUN	1
ek_skursioon,ekskursioon	NOUN	1
eki.ee	NOUN	1
ekkskursioon	NOUN	1
ekonomika	NOUN	1
ekonoomia	NOUN	1
ekonoomik	NOUN	1
ekraani_suurus	NOUN	1
ekraani_valgus	NOUN	1
ekraanitas	NOUN	1
eks	NOUN	1
eks-kursioonie.ekskursioon	NOUN	1
eks_kurseoon	NOUN	1
eks_kursioon.ta	NOUN	1
eks_kursioonil.soov	NOUN	1
eks_kursiooniletallinna	NOUN	1
eks_perement	NOUN	1
eksa_minerija	NOUN	1
eksai	NOUN	1
eksame	NOUN	1
eksami_material	NOUN	1
eksami_perio	NOUN	1
eksami_ruum	NOUN	1
eksami_teperiood	NOUN	1
eksamiettevalmista=mine	NOUN	1
eksamin	NOUN	1
eksaminant	NOUN	1
eksamine	NOUN	1
eksamineerija	NOUN	1
eksikult	ADV	1
eksime	VERB	1
eksimine	NOUN	1
eksisteeri=nud	ADJ	1
eksistents	NOUN	1
eksk_ursio_on.ekskursioon	NOUN	1
eksklusiivsus	NOUN	1
ekskrursioonil_e6.ma	NOUN	1
eksku_rsioonil.kell	NOUN	1
ekskuesiooni_le.m	NOUN	1
ekskukursioon	NOUN	1
ekskurion	NOUN	1
ekskurioon	NOUN	1
ekskurisoon	NOUN	1
ekskurs	NOUN	1
ekskursi_on.me	NOUN	1
ekskursiio	NOUN	1
ekskursiioon	NOUN	1
ekskursio	NOUN	1
ekskursio_on,me	NOUN	1
ekskursioe	NOUN	1
ekskursioinis.ekskursioon_toimub	NOUN	1
ekskursionil.ekskursioonel	NOUN	1
ekskursionile.ekskursion	NOUN	1
ekskursionille.kui	NOUN	1
ekskursioo_le,s	NOUN	1
ekskursioo_ni.me	NOUN	1
ekskursioo_niju	NOUN	1
ekskursioo_nilme	NOUN	1
ekskursiooh	NOUN	1
ekskursioon	ADJ	1
ekskursioon,_tahan	NOUN	1
ekskursioon.ekskursioon	NOUN	1
ekskursioon.ekskursioonon	NOUN	1
ekskursioon.kellkaheksa	NOUN	1
ekskursioon.see	ADJ	1
ekskursioon_ilekell	NOUN	1
ekskursioon_toimub	NOUN	1
ekskursiooni.see	NOUN	1
ekskursiooni_,seal	ADV	1
ekskursiooni_juhataja	NOUN	1
ekskursiooni_l.mt	NOUN	1
ekskursiooni_le.kell	NOUN	1
ekskursiooni_le.me	NOUN	1
ekskursiooni_le.reed	NOUN	1
ekskursiooni_le.t	NOUN	1
ekskursiooni_letart	NOUN	1
ekskursiooni_teil	NOUN	1
ekskursioonija_hataja	NOUN	1
ekskursioonil.see	ADJ	1
ekskursioonile,mistoikuma	NOUN	1
ekskursioonile.ekskusioon	NOUN	1
ekskursioonile.kohtume	NOUN	1
ekskursioonile.seeekskursia	NOUN	1
ekskursiooniletartusse.seal	NOUN	1
ekskursiooniljoonista_me,uju	NOUN	1
ekskursiooniset	VERB	1
ekskursioonist.ekskursioon	NOUN	1
ekskursioos	NOUN	1
ekskursuoon	NOUN	1
ekskurtsioon	NOUN	1
ekskusion	NOUN	1
ekskuursion	NOUN	1
ekskuursioon	NOUN	1
ekslikult	ADV	1
eksm	NOUN	1
ekspanaat	NOUN	1
ekspereminteerima	VERB	1
eksperimend	NOUN	1
eksploteerima	VERB	1
ekspona	NOUN	1
eksponaad	NOUN	1
eksponaat_e,pär	NOUN	1
eksponaatid._selk	NOUN	1
eksponaatid_,mängima	VERB	1
eksponeerimine	NOUN	1
ekspoona	NOUN	1
ekspositsionid.tev	ADJ	1
ekspositsioon	NOUN	1
ekspresiivne	ADJ	1
ekspress	NOUN	1
ekst	NOUN	1
ekstra	NOUN	1
ekstra_vert	NOUN	1
ekstravert	NOUN	1
ekstravertse=m	ADJ	1
ekstreemsus	NOUN	1
ekstremaalne	ADJ	1
ekstrimaalne	ADJ	1
eksukrioon	NOUN	1
eksursia	NOUN	1
eksursion	NOUN	1
ekursion	NOUN	1
ekvelikreerima	VERB	1
ela	NOUN	1
ela_misra_joon	NOUN	1
ela_tunduv	ADJ	1
ela_tusallikas	NOUN	1
elab,kui	NOUN	1
elada,jne	ADJ	1
elada.&quo	NOUN	1
eladaainult	ADV	1
elade	NOUN	1
elam	NOUN	1
elama	AUX	1
elamis_koha	NOUN	1
elamis_kõlbulik	ADJ	1
elamis_päev	NOUN	1
elamis_tuba	NOUN	1
elamis_viis	NOUN	1
elane	NOUN	1
elap	NOUN	1
elas,=ja	NOUN	1
elasine	ADJ	1
elasma	VERB	1
elastama	VERB	1
elatuma	VERB	1
elav	VERB	1
elavus	NOUN	1
eldama	VERB	1
eldžey,_feduk,ex	PROPN	1
ele_vanti.selg	NOUN	1
electronic	ADJ	1
elefant	NOUN	1
elegaantnerii_dei	NOUN	1
elegantne	ADJ	1
elekriline	ADJ	1
elekroniline	ADJ	1
elekt_romuusika	NOUN	1
elektri-muuseum	NOUN	1
elektri_ahju	NOUN	1
elektri_energia	NOUN	1
elektri_jõud	NOUN	1
elektri_katkestu	NOUN	1
elektri_katkestus	NOUN	1
elektri_pirn	NOUN	1
elektri_pliid	NOUN	1
elektri_pliit	NOUN	1
elektri_rong	NOUN	1
elektri_sõiduk	NOUN	1
elektri_tarbimine	NOUN	1
elektriin_sener	NOUN	1
elektrimootor_ratas	NOUN	1
elektro_energeetika	NOUN	1
elektron_kiri	NOUN	1
elektronika	NOUN	1
elektroniline	ADJ	1
elektronne	NOUN	1
elektroolinine	ADJ	1
elektroon	NOUN	1
elektroon_seade	NOUN	1
elektroon_seadm	NOUN	1
elektrooni_gaka	NOUN	1
elektroonika_areng	NOUN	1
elektroonika_seadm	NOUN	1
elektroonika_seadm_etet	NOUN	1
elektroonika_seae	NOUN	1
elektroonilne	ADJ	1
elema	ADJ	1
elevant	PROPN	1
elgal_juht	NOUN	1
elina.tamm@hot.ee	SYM	1
elistus	NOUN	1
elitaarne	ADJ	1
ell_ujäämisvõimalus	NOUN	1
elle	NOUN	1
ellmine	ADJ	1
ellu_jääd	NOUN	1
ellu_jääma	VERB	1
ellu_jäämis	NOUN	1
elluma	VERB	1
elluviia	VERB	1
elmine	PROPN	1
elu-probleem	NOUN	1
elu_,chill	NOUN	1
elu_aja_lood	NOUN	1
elu_aja_lugu	NOUN	1
elu_armastus	NOUN	1
elu_asi	NOUN	1
elu_ees	NOUN	1
elu_eesmärg	NOUN	1
elu_eliksiir	NOUN	1
elu_esimene	ADJ	1
elu_esimene	NOUN	1
elu_harjumus	NOUN	1
elu_hoia	NOUN	1
elu_hoiak	NOUN	1
elu_jõut	NOUN	1
elu_kaar	NOUN	1
elu_kaaskas	NOUN	1
elu_keemia	NOUN	1
elu_kestev	ADJ	1
elu_kogenum	ADJ	1
elu_kooslus	NOUN	1
elu_kse	NOUN	1
elu_kurs	NOUN	1
elu_kutese	NOUN	1
elu_kuts	NOUN	1
elu_kutsekool	NOUN	1
elu_kutseteist	NOUN	1
elu_kutsevalik	NOUN	1
elu_küünal	NOUN	1
elu_küünel	NOUN	1
elu_laad	NOUN	1
elu_listem	ADJ	1
elu_loot	NOUN	1
elu_lugus	NOUN	1
elu_lõp	NOUN	1
elu_lõpp	NOUN	1
elu_majj	NOUN	1
elu_moodi	ADV	1
elu_moodi	NOUN	1
elu_näide	NOUN	1
elu_näidis	NOUN	1
elu_olu_kord	NOUN	1
elu_olu_korr	NOUN	1
elu_pastja	NOUN	1
elu_periio	NOUN	1
elu_periood	NOUN	1
elu_pikkus	NOUN	1
elu_poliitika	NOUN	1
elu_päästv	ADJ	1
elu_rink	NOUN	1
elu_rõõmsa=m	ADJ	1
elu_rütm	NOUN	1
elu_sfäärikond	NOUN	1
elu_suund	NOUN	1
elu_sõpr	NOUN	1
elu_südamlik	ADJ	1
elu_sündmus	NOUN	1
elu_tegevus	NOUN	1
elu_temp	NOUN	1
elu_truu	ADJ	1
elu_tuba	NOUN	1
elu_tähtis	ADJ	1
elu_ukutse	NOUN	1
elu_unistus	NOUN	1
elu_uudis	NOUN	1
elu_vaate	NOUN	1
elu_vaatlus	NOUN	1
elu_võõrak	ADJ	1
elua_spekt	NOUN	1
elujao	NOUN	1
eluk	NOUN	1
eluk_keskond	NOUN	1
elukeste_võpe	NOUN	1
elukkums	NOUN	1
elukus	NOUN	1
elukuts_evali	NOUN	1
elukutse@.ee	NOUN	1
elukutseid,	NOUN	1
elul	ADP	1
eluloo_kirjeldus	NOUN	1
elurežiim	NOUN	1
elurõõmus	ADJ	1
elus_loodus	NOUN	1
elus_olend	NOUN	1
elus_organis	NOUN	1
elus_organism	NOUN	1
elustama	VERB	1
elustavalt	ADV	1
elustiil	NOUN	1
elutingimus	NOUN	1
elutsema	VERB	1
elutu	ADJ	1
ema	VERB	1
ema-isa	NOUN	1
ema.minu	NOUN	1
ema@bu.uma	VERB	1
ema_dekontsert	NOUN	1
ema_ili.minu	NOUN	1
ema_keelepäev	NOUN	1
ema_le,e	NOUN	1
ema_linn	NOUN	1
email555@.ee	NOUN	1
email@hot.ee	SYM	1
emake	NOUN	1
emale.on	NOUN	1
eme_ili	NOUN	1
emeil	NOUN	1
emma	NOUN	1
emo	NOUN	1
emootsion	NOUN	1
emotikon	NOUN	1
emotion	NOUN	1
emotseonaalne	ADJ	1
emotseoon	NOUN	1
emotsionaal_seisund	NOUN	1
emotsionaalsus	NOUN	1
emotsiooni=tum	ADJ	1
emotsioonide_rohke	ADJ	1
empaatiline	ADJ	1
emts	ADV	1
en	SCONJ	1
ena	NOUN	1
enam	VERB	1
enam_kuulatav	ADJ	1
enamikkus	NOUN	1
enamlevima	ADJ	1
enamlevima	VERB	1
end	NOUN	1
enda_vanus	ADJ	1
endaar	NOUN	1
endaloo=dud	ADJ	1
endamisi	ADV	1
endasse_tõmbunud	VERB	1
endast_mõistetav	ADJ	1
endeks	ADV	1
endk	PRON	1
endrof	NOUN	1
ene_seadmine	NOUN	1
ene_sehina	NOUN	1
ene_sehinne	NOUN	1
ene_sepilt	NOUN	1
ene_seväljendusviis	NOUN	1
ene_seväljendusvorm	NOUN	1
enem-vähem	ADV	1
enene	PRON	1
energ_iaressurss	NOUN	1
energia_laks	NOUN	1
energia_puhang	NOUN	1
energia_tootmine	NOUN	1
energiamu_sueum	NOUN	1
energja	NOUN	1
enes_etapmine	NOUN	1
enes_eväljendusvahend	NOUN	1
enese_arenda=mine	NOUN	1
enese_arendus	NOUN	1
enese_arengus	NOUN	1
enese_hindamine	NOUN	1
enese_hing	NOUN	1
enese_hinne	NOUN	1
enese_kaitsmine	NOUN	1
enese_kasv	NOUN	1
enese_kesksus	NOUN	1
enese_kindlalt	ADV	1
enese_kindlata	ADJ	1
enese_kindus	NOUN	1
enese_kontroll	NOUN	1
enese_kriitiline	ADJ	1
enese_leidmine	NOUN	1
enese_määratle=mine	NOUN	1
enese_otsing	NOUN	1
enese_reklaam	NOUN	1
enese_taju	NOUN	1
enese_tapp	NOUN	1
enese_tappav	VERB	1
enese_tappimine	NOUN	1
enese_tappmine	NOUN	1
enese_tund	NOUN	1
enese_tunde	NOUN	1
enese_tunnus	NOUN	1
enese_tutvustus	NOUN	1
enese_täendamine	NOUN	1
enese_väljendusvahend	NOUN	1
enesea_regn	NOUN	1
eneseleidmine	NOUN	1
eneseteostusvoima=lus	NOUN	1
eneseväljendus_vahend	NOUN	1
eninema	VERB	1
enkrüpteeri=tud	ADJ	1
enn_eeksam_iperiood	NOUN	1
enna	PRON	1
ennam	ADV	1
enne	PRON	1
enne_kuulmatult	ADV	1
ennene	ADJ	1
ennene	PRON	1
ennese_hinnang	NOUN	1
ennese_tundeline	ADJ	1
ennese_tunne	NOUN	1
ennese_usk	NOUN	1
ennestamine	NOUN	1
ennetamatult	ADV	1
ennetamine	NOUN	1
ennusta=tud	ADJ	1
ense_arenemine	NOUN	1
entusiasm	NOUN	1
entusiastliku=lt	ADV	1
eoro	NOUN	1
epataja	NOUN	1
era	NOUN	1
era_firma	NOUN	1
era_kool	PROPN	1
era_tunne	NOUN	1
eraa_lla	NOUN	1
eraaut_okool	NOUN	1
eragümnaasium	NOUN	1
eraklik	ADJ	1
erakoolintelekt@gmail.com	NOUN	1
eralda=tu	ADJ	1
eraldamatu	ADJ	1
eraldatud	ADJ	1
eraldatum	ADJ	1
eraldumine	NOUN	1
eraldus	NOUN	1
erandama	VERB	1
eranditult	ADV	1
erandj_uhtum	NOUN	1
ere_arvamus	NOUN	1
ereda=im	ADJ	1
ereline	ADJ	1
eren	NOUN	1
erenima	VERB	1
eri	NOUN	1
eri_aeg	NOUN	1
eri_ala	ADJ	1
eri_alas	NOUN	1
eri_ales	NOUN	1
eri_all	NOUN	1
eri_arvamu	NOUN	1
eri_arvamuss	NOUN	1
eri_arvasus	NOUN	1
eri_klutuur	NOUN	1
eri_külgne	ADJ	1
eri_lala	NOUN	1
eri_meelne	ADJ	1
eri_mudel	NOUN	1
eri_navne	ADJ	1
eri_nevadpildid	NOUN	1
eri_nevuus	ADJ	1
eri_oskus	NOUN	1
eri_pakkumine	NOUN	1
eri_palgeline	ADJ	1
eri_päras	NOUN	1
eri_päraselt	ADV	1
eri_pärasus	NOUN	1
eri_rahvus	NOUN	1
eri_sfäär	NOUN	1
eri_sugune	ADJ	1
eri_vajadus	NOUN	1
eri_võimalus	NOUN	1
eriall	NOUN	1
erialla	NOUN	1
eriarvamusedev	NOUN	1
erik.tamm@gmail.com	SYM	1
eriliikmeline	ADJ	1
erindama	VERB	1
erine_vaite	ADJ	1
erinemine	NOUN	1
erinet	ADJ	1
erineva	ADJ	1
erinevane	ADJ	1
erinevate_mäng	NOUN	1
erinevia	ADJ	1
erinrev	NOUN	1
eripedagoogika	NOUN	1
eristus	NOUN	1
erisus	NOUN	1
eritti	ADV	1
erive=v	ADJ	1
erivena=it	NOUN	1
eriõ_petaja	NOUN	1
ermitaaž	NOUN	1
err.ee	NOUN	1
erskursioon	NOUN	1
erudeerima	VERB	1
erudeeritud	ADJ	1
erutav	ADJ	1
es_märk	NOUN	1
ese	PRON	1
ese_tunne	NOUN	1
esemene	ADJ	1
esemene	ADV	1
esemine	ADJ	1
esendus	NOUN	1
esenima	VERB	1
esi	ADJ	1
esi	NOUN	1
esi_aeg	NOUN	1
esi_aluk	NOUN	1
esi_isa	ADJ	1
esi_jalgu	ADV	1
esi_kaamera	NOUN	1
esi_kordselt	ADV	1
esi_laulja	NOUN	1
esi_liige	NOUN	1
esi_roll	NOUN	1
esi_sõna	NOUN	1
esi_tähedus	NOUN	1
esik	NOUN	1
esim	ADJ	1
esimane	ADJ	1
esime	ADJ	1
esime_neap	NOUN	1
esimeks	ADJ	1
esimena	ADJ	1
esimene-kolmas	ADJ	1
esimese,teine	ADJ	1
esimesel,teisel,kolmandal	ADJ	1
esimeselmail	ADJ	1
esimeselt	ADV	1
esimesems	ADV	1
esimeti	ADV	1
esimi_ne.mull	NOUN	1
esimine	ADV	1
esimne	ADJ	1
esinaja	NOUN	1
esinav	ADJ	1
esindamine	NOUN	1
esindav	ADJ	1
esindema	VERB	1
esindumine	NOUN	1
esindus_riie	NOUN	1
esinea	NOUN	1
esinebev	VERB	1
esinedav	ADJ	1
esinelama	VERB	1
esinemis_võimalus	NOUN	1
esinemisgraafik	NOUN	1
esinene=v	ADJ	1
esinetaja	NOUN	1
esinev	VERB	1
esinma	VERB	1
esirea	NOUN	1
esitatav	ADJ	1
esitav	ADJ	1
esitest	ADV	1
esitlus_loend	NOUN	1
esitus_loend	NOUN	1
esituskoosseis	NOUN	1
eskas_paev	NOUN	1
eskimo	NOUN	1
eskskursiooni_l!mi	NOUN	1
eskurseoon	NOUN	1
eskursio_on.me	NOUN	1
eskursion	NOUN	1
esm_aabi_koolituste	NOUN	1
esma_abi_koolitse	NOUN	1
esma_kortselt	ADV	1
esma_päev	NOUN	1
esma_spev	NOUN	1
esmaab	NOUN	1
esmaabi_kooli=tud	ADJ	1
esmaabi_kootus	NOUN	1
esmaabikoolitus	NOUN	1
esmaabu_koolitus	NOUN	1
esmaks	ADV	1
esmal	ADV	1
esmapaevast-neljapaek	NOUN	1
esmapaevast-reet	NOUN	1
esmas_paev	PROPN	1
esmas_peäv	ADJ	1
esmas_päev	ADJ	1
esmas_päevaks-ree	NOUN	1
esmas_päeval-ree	NOUN	1
esmas_päevalt-reeden	NOUN	1
esmas_päevas-reeden	NOUN	1
esmas_pägi	NOUN	1
esmaselt	ADV	1
esmaspaeva-re	NOUN	1
esmaspäe_val,_kell	NOUN	1
esmaspäev,ma	NOUN	1
esmaspäeval,08.05.2017.	ADJ	1
esmaspäevast-nelja_päev	NOUN	1
esme	ADJ	1
esndaja	NOUN	1
esnema	VERB	1
espas_päev	NOUN	1
ess	ADJ	1
ess	ADP	1
ess	NOUN	1
esse	NOUN	1
est	SCONJ	1
est_afetit.meie	NOUN	1
estafeete.minu	NOUN	1
estafeeti_t,me	NOUN	1
estafet.mina	NOUN	1
estafeti,mängima	NOUN	1
estafetit.kuida	NOUN	1
esteetika	NOUN	1
esteetiline	ADJ	1
esti	NOUN	1
esti_keel	NOUN	1
esti_keelis	ADJ	1
esti_keelne	ADJ	1
estis_t.pilet	PROPN	1
esu	NOUN	1
et,_selg	NOUN	1
et,ma	PRON	1
eta	SCONJ	1
eta	X	1
etaap	NOUN	1
etendus_kunst	NOUN	1
etevalmista=mine	NOUN	1
etikeet	NOUN	1
etlane	NOUN	1
etme	AUX	1
etnegatiivne	ADJ	1
eto	X	1
etoleks	NOUN	1
ett	ADV	1
ett	DET	1
ett_etellima	VERB	1
ette_,aadress	NOUN	1
ette_ase	NOUN	1
ette_aste	PROPN	1
ette_kaan	NOUN	1
ette_kandjana	NOUN	1
ette_kandju	NOUN	1
ette_kandmine	NOUN	1
ette_kann	NOUN	1
ette_kanne	NOUN	1
ette_kujutama	VERB	1
ette_kujutamine	NOUN	1
ette_käik	NOUN	1
ette_näht	NOUN	1
ette_nähtud	VERB	1
ette_pand	NOUN	1
ette_pandud	VERB	1
ette_pane	NOUN	1
ette_pannek	NOUN	1
ette_poole	ADV	1
ette_tulla	ADJ	1
ette_täna	NOUN	1
ette_täna	PROPN	1
ette_tänu	NOUN	1
ette_vaatamatult	ADV	1
ette_vaatlus	NOUN	1
ette_vaatus_abi_nõu	NOUN	1
ette_valmist_uskurs	NOUN	1
ette_valmistamisk_ursust	NOUN	1
ette_valmistusekursus	NOUN	1
ette_valmistuskurse	NOUN	1
ette_vamistama	VERB	1
ette_võetud	ADJ	1
ette_võtlikum	ADJ	1
ette_võtlus	NOUN	1
ette_võtt	NOUN	1
etteas	NOUN	1
ettegi	ADP	1
ettenähtama	VERB	1
ettet_ulev	ADJ	1
ettetama	VERB	1
etteva_lmistumine	NOUN	1
ettevalmist_uskursus	NOUN	1
ettevalmistamisk_ursus	NOUN	1
ettevalmistuma	VERB	1
ettevalmistumine	NOUN	1
ettevalmistus_kurtus	NOUN	1
ettevalmistuseosakonna_juht	NOUN	1
ettevalmistuskursus	NOUN	1
ettevamist_uskursus	NOUN	1
etv	ADJ	1
etüüd	NOUN	1
eu_rot,kui	NOUN	1
eufooria_tund	NOUN	1
euo	NOUN	1
euri.otama	VERB	1
euro,kui	NOUN	1
euro.konserts	NOUN	1
euro.kontsert	NOUN	1
euro.ol	NOUN	1
euro.pa=lun	NOUN	1
euro.pane	NOUN	1
euro.t	NOUN	1
euro.tul	NOUN	1
euro.tulge	NOUN	1
euro_,võta	NOUN	1
euro_t,pensionärid-5	NOUN	1
euro_t.pilet	NOUN	1
euro_viidio	NOUN	1
euro_visioon	NOUN	1
euroga.tus	NOUN	1
euroopa	ADJ	1
euroopaline	PROPN	1
euroot	NOUN	1
euros.ma	NOUN	1
eurot,_pere_pilet	NOUN	1
eurot,ja	NOUN	1
eurot,koolilap_sed-	NOUN	1
eurot,lane	NOUN	1
eurot,s=ee	NOUN	1
eurot,vesi,kooli_pidulik	ADJ	1
eurot._tulk	NOUN	1
eurot.esinev	ADJ	1
eurot.ja	NOUN	1
eurot.kas	NOUN	1
eurot.kutsume	NOUN	1
eurot.mull	NOUN	1
eurot.seal	NOUN	1
eurot.see	NOUN	1
eurot.ses	ADJ	1
eurot.tul	NOUN	1
eurot.tulema	VERB	1
eurot_,ves_i,hea	NOUN	1
euroto	NOUN	1
eurovisioon	NOUN	1
eurut.ma	NOUN	1
eva.mets@kool.edu.ee	SYM	1
evakueerima	VERB	1
evulutsioon	NOUN	1
faabrik	NOUN	1
faabrikas	NOUN	1
faan_grupp	NOUN	1
faas	NOUN	1
fabrik	NOUN	1
facebook.ee	NOUN	1
fakde	NOUN	1
fanat	NOUN	1
fanatism	NOUN	1
fant	NOUN	1
fanta	NOUN	1
fanta	VERB	1
fanta,coca-cola	NOUN	1
fantaasia_film	NOUN	1
fantaasia_rikk	ADJ	1
fantasti=line	ADJ	1
fantastic	ADJ	1
fantastikaline	ADJ	1
fantastilisem	ADJ	1
farmaatsia	NOUN	1
farmaut_seut	NOUN	1
fast	NOUN	1
fastfood	NOUN	1
feilima	VERB	1
fentanüül	NOUN	1
festivaal	NOUN	1
festivaaline	NOUN	1
festivall	NOUN	1
figur	NOUN	1
figureerima	VERB	1
figuur	NOUN	1
fiilm	NOUN	1
fiilo_soofiline	ADJ	1
fiiloosof	NOUN	1
fikseeri=tud	ADJ	1
fiktiivne	ADJ	1
film,peama	AUX	1
film.ee	NOUN	1
film.ekskursioon	NOUN	1
film_ikunst	NOUN	1
filme_,eksponaat	NOUN	1
filme_,pärane	ADJ	1
filmed.see	NOUN	1
filmi.sa	NOUN	1
filmi=tud	ADJ	1
filmi_,mängim	NOUN	1
filmi_d,tansim	NOUN	1
filmi_festival	NOUN	1
filmi_kaamera	NOUN	1
filmi_kolledži	NOUN	1
filmi_maa_ilm	NOUN	1
filmi_montaaz	NOUN	1
filmi_muuseum	NOUN	1
filmi_nimetus	NOUN	1
filmi_nimi	NOUN	1
filmi_näitleja	NOUN	1
filmi_operaator	NOUN	1
filmi_plats	NOUN	1
filmi_režissöör	NOUN	1
filmi_riid	NOUN	1
filmi_rull	NOUN	1
filmi_tehnika	NOUN	1
filmi_tekkimine	NOUN	1
filmi_tööstus	NOUN	1
filmi_valdkond	NOUN	1
filmid,kuulama	NOUN	1
filmid,tansume,_laulame	NOUN	1
filmimi_snu	NOUN	1
filmimis	NOUN	1
filmimis_riist	NOUN	1
filmimontaažö_öri	NOUN	1
filmindus	NOUN	1
filmine	ADJ	1
filmio_peraator	NOUN	1
filmitama	VERB	1
filofoofia	NOUN	1
filosofeerima	VERB	1
filosoov	NOUN	1
filtre	NOUN	1
filtreeri=mine	NOUN	1
filtreerima	VERB	1
filtreerimine	NOUN	1
fim	NOUN	1
fin_ishe	NOUN	1
finaal	NOUN	1
finants	NOUN	1
finishi.ol	NOUN	1
finiš	NOUN	1
firm	NOUN	1
firma_riie	NOUN	1
firmas	NOUN	1
fitness	NOUN	1
flair	NOUN	1
flashmob	NOUN	1
flõõt	NOUN	1
folgi_festival	NOUN	1
folk-muusika	NOUN	1
folkl_oorfe_stival	NOUN	1
fond	NOUN	1
foneetika	NOUN	1
fonog_ramm	NOUN	1
fontan	NOUN	1
food	NOUN	1
fookus	NOUN	1
fookuseerima	VERB	1
fookusema	VERB	1
foormul	NOUN	1
foot_od.me	NOUN	1
footo	NOUN	1
footoma	VERB	1
for	ADP	1
formula	NOUN	1
formuleerima	ADJ	1
formuleerima	VERB	1
formuleeruma	VERB	1
formuli	NOUN	1
fortn	PROPN	1
fortnia	NOUN	1
fosforiidi_sõda	NOUN	1
fosforiidik_aevandus	NOUN	1
fosforiit	NOUN	1
fosiils_eidk_ütus	NOUN	1
foto_aparaad	NOUN	1
foto_aparat	NOUN	1
foto_apparaat	NOUN	1
foto_galerii	NOUN	1
foto_graafak	NOUN	1
foto_grafeeria	NOUN	1
foto_grafiska	NOUN	1
foto_kamera	NOUN	1
foto_kurs	NOUN	1
foto_näitus	NOUN	1
foto_report	NOUN	1
foto_tehnika	NOUN	1
foto_töötlus	NOUN	1
fotofi_iltr	NOUN	1
fotog_rafeeri=mine	NOUN	1
fotokas	NOUN	1
fotomontaaž	NOUN	1
fotomus	NOUN	1
fotorežiim	NOUN	1
fotos	NOUN	1
fotoshop-programm	NOUN	1
fotosüntees	NOUN	1
fotto	NOUN	1
free	NOUN	1
freh	NOUN	1
fri-kartul	NOUN	1
frii	ADJ	1
frii	VERB	1
friikartuli	NOUN	1
frikaltur	NOUN	1
frikartulp	NOUN	1
fruktid,krõp_sud,tort	NOUN	1
funk	NOUN	1
funktsioneeri=v	ADJ	1
futbol	NOUN	1
futboll	NOUN	1
future	NOUN	1
futuristlik	ADJ	1
fändma	VERB	1
fäni	NOUN	1
fülosoofia	NOUN	1
füsiliselt	ADV	1
füsioloogia	NOUN	1
füüsika_oskus	NOUN	1
füüsikaline	ADJ	1
g.erne-saks	PROPN	1
ga	ADV	1
gaasiteeri=tud	ADJ	1
gadzet	NOUN	1
gaid	NOUN	1
galler	NOUN	1
galleriis	NOUN	1
game	NOUN	1
ganteelidega.kahju	NOUN	1
garanteeri=tud	ADJ	1
garantia	NOUN	1
garantii	NOUN	1
garde_robi	NOUN	1
garderob	NOUN	1
gardiroob	NOUN	1
garmoonia	NOUN	1
garniir	NOUN	1
gas	ADV	1
gaseer	NOUN	1
gaseeritud	ADJ	1
gaseri=tud	ADJ	1
geegi	PRON	1
geeni_teadus	NOUN	1
geenium	NOUN	1
gender	NOUN	1
generatsioonide_vaheline	ADJ	1
genereeri=tu	ADJ	1
genereeri=tud	ADJ	1
genereerima	VERB	1
geo_graafi-a	NOUN	1
geoloogia	NOUN	1
gi	NOUN	1
giga_bitis	ADJ	1
gigieen	NOUN	1
giid	PROPN	1
giid_iga,siis	NOUN	1
giidija	NOUN	1
giidja	NOUN	1
giik	NOUN	1
giit	NOUN	1
gik	NOUN	1
gimnastika	NOUN	1
gimnstika	NOUN	1
gipsis	ADJ	1
git	NOUN	1
gitaar	NOUN	1
gitarri_mangija	NOUN	1
gittar	NOUN	1
glaasist.ma	VERB	1
glagool	NOUN	1
glamuurne	ADJ	1
globa_alprobleem	NOUN	1
globaalsemalt	ADV	1
globaliseereemisele.internet	NOUN	1
globaliseeri=tud	ADJ	1
globaliseeru=v	ADJ	1
globaliseeruma	VERB	1
globariseeri=tus	NOUN	1
gläm-rokk	NOUN	1
glöök	NOUN	1
gmail@e-mail.=com	PROPN	1
golfi.sell	NOUN	1
golt	NOUN	1
google	NOUN	1
graafika	NOUN	1
graafiline	ADJ	1
graafilise=m	ADJ	1
graafka	NOUN	1
graamatika	NOUN	1
grafik	NOUN	1
gramaatik	NOUN	1
gramaatika_vea	NOUN	1
gramaatiline	ADJ	1
gramatikune	NOUN	1
grammat	NOUN	1
grammatik	NOUN	1
grammatikaliselt	ADV	1
grammatiline	ADJ	1
granaad	NOUN	1
granaat	NOUN	1
grandioosne	ADJ	1
greeka	ADJ	1
grill_kartul	NOUN	1
grillfest	NOUN	1
grilli_da,k	NOUN	1
grilli_õht	NOUN	1
grilli_šašl	NOUN	1
grillmine	NOUN	1
grindimine	NOUN	1
grossi_jook	NOUN	1
grossi_jooks	NOUN	1
grupp.laps	NOUN	1
gruppikaaslane	NOUN	1
gruppima	NOUN	1
gruupima	NOUN	1
gudas	NOUN	1
guppid,näiteks	NOUN	1
gurppp	NOUN	1
guugeldama	VERB	1
gymo	NOUN	1
gänkster	NOUN	1
güm_nasiumiõpilane	NOUN	1
gümaasium	NOUN	1
gümn_aasiumiõpilane	NOUN	1
gümna_sist	PROPN	1
gümna_siumine	NOUN	1
gümnaa_siumine	NOUN	1
gümnaa_siumine	PROPN	1
gümnaa_siõpilane	NOUN	1
gümnaagium	NOUN	1
gümnaasia_õpilane	NOUN	1
gümnaasia_õppe	NOUN	1
gümnaasim	NOUN	1
gümnaasium@autosõit.ee	NOUN	1
gümnaasium_ise	NOUN	1
gümnaasium_iõp_ila	NOUN	1
gümnaasium_iõpelane	NOUN	1
gümnaasium_iõping	NOUN	1
gümnaasium_iõppilane	NOUN	1
gümnaasiumi_astme	NOUN	1
gümnaasiumi_lõpt	NOUN	1
gümnaasiumi_õpelas	NOUN	1
gümnaasiumi_õppilane	NOUN	1
gümnaasiumi_ülemus	NOUN	1
gümnaasiumise=d	NOUN	1
gümnassium	NOUN	1
gümsist	NOUN	1
günasium	NOUN	1
ha-ha	PROPN	1
haakima	VERB	1
haaksma	VERB	1
haava=tu	NOUN	1
haba	ADJ	1
had	NOUN	1
hadma	VERB	1
hagama	VERB	1
hai	ADJ	1
hai	INTJ	1
haid	ADJ	1
haig	NOUN	1
haiga	NOUN	1
haige	VERB	1
haige.mina	NOUN	1
haigenema	VERB	1
haigestama	VERB	1
haigestu=mine	NOUN	1
haigestumine	NOUN	1
haigestunud	ADJ	1
haigla	PROPN	1
haiglaru_umid	NOUN	1
haigu_stekitaja	NOUN	1
hais	NOUN	1
haiskama	VERB	1
haistmis_meel	NOUN	1
haisus	NOUN	1
hajuma	VERB	1
haka=nud	ADJ	1
hakas	NOUN	1
hakasima	VERB	1
hakatama	VERB	1
hakk_liha	NOUN	1
hakka	NOUN	1
hakka	VERB	1
hakkaja	ADJ	1
hakkaja_maks	ADJ	1
hakkam	NOUN	1
hakkama_saamine	NOUN	1
hakkima	VERB	1
hakkma	VERB	1
hal	ADJ	1
halb	VERB	1
halba	ADJ	1
halbam	ADJ	1
halbane	ADJ	1
halbu_joon	NOUN	1
haldama	VERB	1
halis	NOUN	1
halis.see	NOUN	1
haljastus	NOUN	1
hallama	VERB	1
hallitus	NOUN	1
halva	NOUN	1
halvamini	ADV	1
halvanema	VERB	1
halvanemine	NOUN	1
halvb	ADJ	1
halve_mark	NOUN	1
halvemeni	ADV	1
halvestama	VERB	1
halvesti	ADV	1
halvustav	ADJ	1
hamb	NOUN	1
hamba_hari	NOUN	1
hamba_ravi	NOUN	1
hamburer	NOUN	1
hamburg	NOUN	1
hambus	NOUN	1
hammak	NOUN	1
hammakist.ja	NOUN	1
hammu	ADV	1
hamst	NOUN	1
hangima	VERB	1
hanna-liina_,eest	PROPN	1
hansa_linn	NOUN	1
hansa_päev	NOUN	1
happe_vihmas	NOUN	1
hapu_kaps	NOUN	1
hapu_kapsa	NOUN	1
hapu_koor	NOUN	1
hapu_koore	NOUN	1
hapu_piim	NOUN	1
harakas	ADJ	1
haralik	ADJ	1
harastama	VERB	1
harb	ADJ	1
hardalt	ADV	1
hardcore	NOUN	1
hards_tyli	NOUN	1
hardstyle	NOUN	1
hardstylei	NOUN	1
haridus_aine	NOUN	1
haridus_aste	NOUN	1
haridus_asutus	NOUN	1
haridus_ministeeriumis	NOUN	1
haridus_mudel	NOUN	1
haridus_struktuur	NOUN	1
haridus_süsteemiss	NOUN	1
haridus_töötaja	NOUN	1
haridus_valdkond	NOUN	1
haridus_võimalus	NOUN	1
hariduslik	ADJ	1
harimatus	NOUN	1
harisuse_süsteem	NOUN	1
haritlane	NOUN	1
haritu	ADJ	1
haritu_si.me	NOUN	1
haritus_tase	NOUN	1
harivam	ADJ	1
harju=matum	ADJ	1
harjuma	ADV	1
harjumatu	ADJ	1
harjumine	NOUN	1
harjund	VERB	1
harjut	NOUN	1
harjutu	ADJ	1
harjutu	NOUN	1
harjutud.kolm	NOUN	1
harjutuma	VERB	1
harjutused.auhinna	NOUN	1
harjutused/_üless_anne	NOUN	1
harjutusi,jooksima	VERB	1
harjutusi.kui	NOUN	1
harmoniat	NOUN	1
haroomiline	ADJ	1
harrast	NOUN	1
harrasta=mine	NOUN	1
harrastamine	NOUN	1
harri=tud	ADJ	1
haruldaselt	ADV	1
haruldus	NOUN	1
harus	ADP	1
harutus	NOUN	1
harv	ADJ	1
harvas	ADJ	1
harvasti	ADV	1
harvem	ADV	1
harvester	NOUN	1
harvesteri_operaator	NOUN	1
hasti.spordip	ADJ	1
hataakne	VERB	1
hau_olu	NOUN	1
haua_kivi	NOUN	1
haud_vaikselt	ADV	1
haud_vaikus	NOUN	1
haug	NOUN	1
haugatus	NOUN	1
haugus	NOUN	1
haukuma	NOUN	1
have	VERB	1
hea,	ADJ	1
hea,_liisa	PROPN	1
hea,_sõbralik	ADJ	1
hea,ne	ADJ	1
hea,pane	ADJ	1
hea-hea	ADJ	1
hea.hea	ADJ	1
hea_,lõbus,tark	ADJ	1
hea_kvaliteetne	ADJ	1
hea_meelsalt	ADV	1
hea_olu_ühiskond	NOUN	1
hea_peremehelikult	ADV	1
hea_poolest	ADV	1
hea_sõber	INTJ	1
hea_sõber	NOUN	1
hea_südamlikkud	ADJ	1
hea_taega	NOUN	1
hea_tahtlikkus	NOUN	1
hea_tahtsus	NOUN	1
hea_vymetal	NOUN	1
heab	ADJ	1
head_päev	NOUN	1
head_päva	PROPN	1
headaeg	NOUN	1
headagea,lootma	VERB	1
headu	NOUN	1
heaks_panu	NOUN	1
healine	ADJ	1
heame_eldiv	ADJ	1
heamini	ADV	1
heat_asuline	ADJ	1
heataig	NOUN	1
heate_gevas_jook	NOUN	1
heatk	NOUN	1
heatlik	ADJ	1
heavy	ADJ	1
heavy-rock	NOUN	1
hebrea	ADJ	1
hebrea_keel	NOUN	1
hed	ADJ	1
hed	NOUN	1
heegeldama	VERB	1
heeli_looja	NOUN	1
hei,klassikaaslane	NOUN	1
hei,koolikaaslane	NOUN	1
hei-hei	INTJ	1
hei-hei-hei	INTJ	1
heide	NOUN	1
heidi	NOUN	1
heidik	ADJ	1
heidutama	VERB	1
heina_tegu	NOUN	1
heinam	NOUN	1
heisa=tud	ADJ	1
heitegaas	NOUN	1
heitunud	ADJ	1
hekistama	VERB	1
hel	NOUN	1
helde	ADJ	1
heldem	ADJ	1
hele-oranz	ADJ	1
hele-pruun	ADJ	1
hele-sinise	ADJ	1
hele_rohe=line	ADJ	1
hele_roheline	ADJ	1
hele_roosa	ADJ	1
heledalt	ADV	1
heleneg	VERB	1
helesta	ADJ	1
helestan	ADJ	1
heli_jupp	NOUN	1
heli_keel	NOUN	1
heli_kujundus	NOUN	1
heli_loojad.nas	NOUN	1
heli_nupp	NOUN	1
heli_ooja	NOUN	1
heli_plaat	NOUN	1
heli_seade	NOUN	1
heli_tehnika	NOUN	1
heli_teist	NOUN	1
helide_keel	NOUN	1
helide_mängus	NOUN	1
helide_vaheline	ADJ	1
helikunst	NOUN	1
helikunstimaa_ilm	NOUN	1
heline	ADJ	1
helis	NOUN	1
helise=v	ADJ	1
helisi	NOUN	1
helista.a	VERB	1
helista:tel.+372555555	ADJ	1
helistaja	NOUN	1
helistama.minu	ADJ	1
helistame	VERB	1
helistamind	NOUN	1
helistamis_võimalus	NOUN	1
helistane	NOUN	1
helistane	PROPN	1
helistas	NOUN	1
helistasima	VERB	1
hell	ADJ	1
hell	NOUN	1
hellalt	ADV	1
helmine	ADJ	1
helsitama	VERB	1
hendrik	NOUN	1
hern	NOUN	1
herne	NOUN	1
herne_tera	NOUN	1
hernes	NOUN	1
hertsog	NOUN	1
hes	ADJ	1
hesburg	NOUN	1
hesburger	NOUN	1
hetke_olek	NOUN	1
hetke_olu_kord	NOUN	1
hetke_seis	NOUN	1
hetke_seisund	NOUN	1
hetkeline	ADJ	1
heä	ADJ	1
hhaa-kesku	NOUN	1
hi	INTJ	1
hi-tech	NOUN	1
higi	NOUN	1
higisema	VERB	1
hiid_laine	NOUN	1
hiidlane	NOUN	1
hiie	NOUN	1
hiie_mägi	NOUN	1
hiie_paik	NOUN	1
hiilgama	VERB	1
hiilgav	ADJ	1
hiilge_aeg	NOUN	1
hiire	NOUN	1
hiirmus	NOUN	1
hil_juti.selne	NOUN	1
hilenema	VERB	1
hilgama	ADJ	1
hili_sõht	NOUN	1
hilijuti	ADV	1
hilinema	ADJ	1
hilineskima	VERB	1
hilistama	VERB	1
hiljam	ADV	1
hiljas	ADV	1
hiljati	ADV	1
hilje	ADV	1
hilje_m,me	NOUN	1
hilje_mail	ADJ	1
hiljenud	ADJ	1
hiljeti	ADV	1
hiljiti	ADV	1
hilju	ADV	1
hiljuhti	ADV	1
hiljutu	ADJ	1
hilp	NOUN	1
him	NOUN	1
hin	NOUN	1
hinang	NOUN	1
hinda	NOUN	1
hindaja	NOUN	1
hindami_skriteerium	NOUN	1
hindang	VERB	1
hindu	NOUN	1
hinel	NOUN	1
hinema	VERB	1
hingamis_tee	NOUN	1
hingas	NOUN	1
hingatama	VERB	1
hingatav	ADJ	1
hinge_laul	NOUN	1
hinge_põhi	NOUN	1
hinge_ruum	NOUN	1
hinge_tervis	NOUN	1
hinge_värin	NOUN	1
hingeline	ADJ	1
hingelä_hedane	ADJ	1
hingetu	ADJ	1
hinna_pakkumine	NOUN	1
hinna_vaatlus	NOUN	1
hinnalisem	ADJ	1
hinnama	VERB	1
hinnangu=line	ADJ	1
hinndamis	NOUN	1
hint	NOUN	1
hip-hopp	NOUN	1
hiphopp	NOUN	1
hipodroom	NOUN	1
hipp	NOUN	1
hippodroom	NOUN	1
hippy	NOUN	1
hipsteri_kultuur	NOUN	1
hirmsalt	ADV	1
hirmu_äratav	ADJ	1
hirmunud	ADJ	1
hirmunult	ADV	1
hirmuta=mine	NOUN	1
hirmutamine	NOUN	1
hirmuä_ratav	ADJ	1
hirrmutama	VERB	1
hirvepargis._sell	NOUN	1
hispaania	NOUN	1
hispania	ADJ	1
histoor	NOUN	1
hitt_laul	NOUN	1
hivi_ring	NOUN	1
hjata_iga	NOUN	1
hliljuti	ADV	1
hminema	VERB	1
hobbit	NOUN	1
hobby	NOUN	1
hobeaikas	ADJ	1
hobin	NOUN	1
hobina	NOUN	1
hobine	NOUN	1
hobu_vanker	NOUN	1
hobu_vankr	NOUN	1
hobuse_poeg	NOUN	1
hobuse_vankr	NOUN	1
hobuste_vankr	NOUN	1
hodell	NOUN	1
hoema	VERB	1
hoh	INTJ	1
hohvik	NOUN	1
hoi=tud	VERB	1
hoidis	NOUN	1
hoidlik	ADJ	1
hoidumine	NOUN	1
hoidvus	NOUN	1
hoitma	VERB	1
hoiu_paig	NOUN	1
hoj	INTJ	1
hoju_paigas	NOUN	1
hoju_paik	NOUN	1
hoke	NOUN	1
hoki.kos	NOUN	1
hoki.pea	NOUN	1
hokkei	NOUN	1
hokki,jalgpall,tennis	NOUN	1
hokki_mäng	NOUN	1
hokkis	NOUN	1
hole	NOUN	1
holimatu	ADJ	1
holistiliselt	ADV	1
holitsema	VERB	1
holivuut	NOUN	1
holl_ivuudif	PROPN	1
holo_gramm	NOUN	1
hom_ofoop	NOUN	1
home	ADV	1
home	NOUN	1
homee	NOUN	1
homik	NOUN	1
homikuti	ADV	1
homme,05.05	ADV	1
homme,5.05	ADV	1
homme,_kell	ADV	1
homme,m	NOUN	1
homme.ekskursioon_algab	NOUN	1
homme_,alk	NOUN	1
hommel	ADV	1
hommema	VERB	1
hommetoimuma	VERB	1
hommi_kuhelves	NOUN	1
hommik	PROPN	1
hommiku	NOUN	1
hommiku=line	ADJ	1
hommiku_helb	NOUN	1
hommiku_l,me	NOUN	1
hommiku_võimlemine	NOUN	1
hommikul.kav	NOUN	1
hommikul.kell	NOUN	1
hommikul.muuseum	NOUN	1
hommikul_läheme	ADJ	1
hommikus_muuti	NOUN	1
hommikust“	NOUN	1
hommne	ADV	1
hommuk	NOUN	1
homo_foob	NOUN	1
homo_sapiens	NOUN	1
homo_seksualine	NOUN	1
homofoobne	ADJ	1
homoseksualism	NOUN	1
hoo_jada	NOUN	1
hoob	NOUN	1
hoobilt	ADV	1
hoogsam	ADJ	1
hoogsamalt	ADV	1
hoolakas	ADJ	1
hoolas	ADJ	1
hooldamine	NOUN	1
hooldus	NOUN	1
hooldus_tasu	NOUN	1
hoole_vodi	NOUN	1
hoolema	VERB	1
hooletu	ADJ	1
hoolikult	ADV	1
hoolime	VERB	1
hoolimine	NOUN	1
hoolitse	ADJ	1
hoolitseja	NOUN	1
hoolivam	ADJ	1
hoolsus	NOUN	1
hoomikul.spordip	NOUN	1
hoon	NOUN	1
hoopima	VERB	1
hoopisks	ADV	1
hoorid._pilet	NOUN	1
hoovis._sell	NOUN	1
hopp	NOUN	1
hoppima	VERB	1
hoppis	ADV	1
hormon	NOUN	1
hos	NOUN	1
hospital	NOUN	1
hot	ADJ	1
hotdog	NOUN	1
hoteel	NOUN	1
hoteelires_toran	NOUN	1
hotelli_ruum	NOUN	1
hotll	NOUN	1
hottel	NOUN	1
hoverboard	NOUN	1
hr	INTJ	1
https	NOUN	1
huid	ADJ	1
hujuti	ADJ	1
hukas	ADJ	1
hukkunu	NOUN	1
hul_lu,mull	NOUN	1
huldama	ADJ	1
hulgas	ADV	1
huljuti	ADV	1
hulkuma	VERB	1
hullamine	NOUN	1
hullu_meelne	ADJ	1
hullus	ADJ	1
humaani_taraine	NOUN	1
humani_taarea	NOUN	1
humg.edu.ee	NOUN	1
humga.edu.ee	NOUN	1
humga@edu.ee	NOUN	1
humoori_meelne	ADJ	1
humoorikalt	ADV	1
humori_meel	NOUN	1
hunitav	ADJ	1
hunne	NOUN	1
hunt“	NOUN	1
hupama	VERB	1
hupema	VERB	1
huppa=mine	NOUN	1
hurt	NOUN	1
huu_viring	NOUN	1
huumori_meelne	ADJ	1
huuv	NOUN	1
huuvita=tud	ADJ	1
huuvita=vam	ADJ	1
huuvitama	NOUN	1
huuvitama	VERB	1
huuvitsema	VERB	1
huv_irng	NOUN	1
huvaitav	ADJ	1
huvatv	ADJ	1
huve_ring	NOUN	1
huvi	VERB	1
huvi=nud	ADJ	1
huvi=v	ADJ	1
huvi_aine	NOUN	1
huvi_alane	NOUN	1
huvi_desfäär	NOUN	1
huvi_juhi	NOUN	1
huvi_parki	NOUN	1
huvi_rihgi,ne	NOUN	1
huvi_ring,e	NOUN	1
huvi_ring,ne	ADJ	1
huvi_ringi,ne	NOUN	1
huvi_ringis	NOUN	1
huvi_ringis,ma	NOUN	1
huvi_rings	NOUN	1
huvi_taim	ADJ	1
huvi_väärsus	NOUN	1
huvi_väärtsus	NOUN	1
huvi_väärtustus	NOUN	1
huvia=tud	VERB	1
huviav	ADJ	1
huvidav	ADJ	1
huvide_kool	PROPN	1
huvil	ADJ	1
huvirin_gijuhataja	NOUN	1
huviring.jalgpall	NOUN	1
huviring.ma	NOUN	1
huviringis.huviring	NOUN	1
huviringist,chau	NOUN	1
huviringist.ma	NOUN	1
huviringist.mina	NOUN	1
huviringist.see	NOUN	1
huviringiõpetaja	NOUN	1
huvit	NOUN	1
huvita=tad	ADJ	1
huvita_b,siis	VERB	1
huvita_juht	NOUN	1
huvita_v,me	ADJ	1
huvita_v.trenn	NOUN	1
huvita_vame	ADJ	1
huvita_vat.kaa	NOUN	1
huvitane	ADJ	1
huvitatu	ADJ	1
huvitatud	ADJ	1
huvitav,_mull	ADJ	1
huvitav..	ADJ	1
huvitav.minu	ADJ	1
huvitav_aidm_ängu	NOUN	1
huvitavad.mulle	ADJ	1
huvitavaim	ADJ	1
huvitavat.meil	ADJ	1
huvitavem	ADJ	1
huvitegevus_ala	NOUN	1
huvitutama	VERB	1
huvring	NOUN	1
huvringis.ma	NOUN	1
huvuring	NOUN	1
hvg@hvg.ee	NOUN	1
häbe	ADJ	1
häbe	NOUN	1
häbi	ADJ	1
häbi_tunne	NOUN	1
häbi_vabalt	ADV	1
häbi_vajalik	ADJ	1
häbi_väärne	ADJ	1
häda_ohu	NOUN	1
häda_solija	NOUN	1
hägi	VERB	1
hägune	ADJ	1
hägustuma	VERB	1
häib	ADJ	1
häide	NOUN	1
häire_keskus	NOUN	1
häirimine	NOUN	1
häis	ADJ	1
häkima	VERB	1
häkkimine	NOUN	1
häkkimis_kindla	NOUN	1
hämmastuma	VERB	1
hämminguline	ADJ	1
häpdma	VERB	1
hära	NOUN	1
häri	ADJ	1
häri	NOUN	1
härr	NOUN	1
härri	NOUN	1
häs	NOUN	1
häsi	ADJ	1
häsm	NOUN	1
häst	ADJ	1
häst	ADV	1
hästi,e	NOUN	1
hästi,minu	ADJ	1
hästi-trennitud	ADJ	1
hästi_kirjutatud	ADJ	1
hästi_lõhnav	ADJ	1
hästia_renen	ADJ	1
hästiorganiseerima	VERB	1
hästit	ADV	1
hästitasu=v	ADJ	1
hävimine	NOUN	1
hävinema	VERB	1
hävita=tud	ADJ	1
hävitaja	NOUN	1
hävitav	ADJ	1
hävitus	NOUN	1
hävitus_lennuk	NOUN	1
hävitusliku=lt	ADV	1
hää	ADJ	1
hääbuv	ADJ	1
hääl_käsklus	NOUN	1
hääldamis_vea	NOUN	1
hääle_murre	NOUN	1
hääle_pael	NOUN	1
häälestumine	NOUN	1
hääletamine	NOUN	1
hääletus	ADJ	1
häälitsema	VERB	1
häärama	ADJ	1
häästi	ADV	1
hõbe	ADJ	1
hõbe	NOUN	1
hõbe_medal	NOUN	1
hõiskama	VERB	1
hõiva=tud	ADJ	1
hõivama	ADJ	1
hõljuk_auto	NOUN	1
hõlm	NOUN	1
hõlps	ADJ	1
hõlpsustama	VERB	1
hõrenema	VERB	1
hõrenemine	NOUN	1
hõrgutis	NOUN	1
hõõglamp	NOUN	1
hõõruma	VERB	1
höbe	ADJ	1
höteli	NOUN	1
hülgamine	NOUN	1
hümm	NOUN	1
hüpa	NOUN	1
hüpa_tta,jons	NOUN	1
hüpama,jooksema	ADJ	1
hüpame	VERB	1
hüpas	ADJ	1
hüpasime,jooksima	VERB	1
hüpasime,tõukasime,jooksima	VERB	1
hüpasma	VERB	1
hüpatamine,joostamine,estafet,mängi_mine(	NOUN	1
hüpe_kaugus	NOUN	1
hüpetama	VERB	1
hüple=mine	NOUN	1
hüplemine	NOUN	1
hüpo	NOUN	1
hüpp	NOUN	1
hüpp,jalgpall,korvpall	NOUN	1
hüpp_asie=m	VERB	1
hüppa	ADV	1
hüppa_,mängi,_sõõma	NOUN	1
hüppa_me,joom	VERB	1
hüppa_me,sööm	NOUN	1
hüppa_mine,jooks=mine	NOUN	1
hüppa_nöör	NOUN	1
hüppa_sinme	VERB	1
hüppama	PROPN	1
hüppame,jooksama	VERB	1
hüppame,jooksima	VERB	1
hüppame,mängima	VERB	1
hüppamine,jookse=mine	NOUN	1
hüppamis	VERB	1
hüppap	NOUN	1
hüpparoor	NOUN	1
hüppas	NOUN	1
hüppasima	VERB	1
hüppasime,jooksima	VERB	1
hüppasime,mängima	VERB	1
hüppata=mine	NOUN	1
hüppatama	VERB	1
hüppe,40.meeter	NOUN	1
hüppe_kaugus	NOUN	1
hüppe_liiges	NOUN	1
hüppe_t,sprint	NOUN	1
hüppejooksuvõistlus	NOUN	1
hüppeliselt	ADV	1
hüppemine	NOUN	1
hüppits	NOUN	1
hüvasti	ADV	1
hüvitamine	NOUN	1
hüü_märk	NOUN	1
hüü_ppama	VERB	1
hüüju_märk	NOUN	1
hüüppa=mine	NOUN	1
i	CCONJ	1
i	PRON	1
i-pad	NOUN	1
iPhone	PROPN	1
iagal	ADV	1
id-kaart	NOUN	1
ida	NOUN	1
ida_blokk	NOUN	1
ida_maa	NOUN	1
idaal	NOUN	1
ideaas	ADJ	1
ideal	ADJ	1
idealne	ADJ	1
idealselt	ADV	1
idee_kaaslane	NOUN	1
idei	NOUN	1
identieet	NOUN	1
identifitseerima	VERB	1
identiteedi_vargus	NOUN	1
idialne	ADJ	1
idialselt	ADV	1
idiool	NOUN	1
idol	NOUN	1
idoliseerima	VERB	1
idtma	VERB	1
idüll	NOUN	1
ie	PRON	1
ig_orkask@mail.ru	NOUN	1
iga	ADP	1
iga-päevaselt	ADV	1
iga_kordselt	ADV	1
iga_kuise=lt	ADV	1
iga_külgselt	ADV	1
iga_nädalane	ADJ	1
iga_nädalaselt	ADV	1
iga_pool	ADV	1
iga_poolt	ADV	1
iga_päeva_problee	NOUN	1
iga_päeva_tegu	NOUN	1
iga_päevaelu	NOUN	1
iga_päevaline	ADJ	1
iga_päevasns	ADJ	1
iga_päevasus	NOUN	1
iga_päevatö	NOUN	1
iga_päeviti	ADV	1
iga_päevne	ADJ	1
iga_tipidi	ADV	1
iga_vahetund	NOUN	1
iga_vene	ADJ	1
iga_õks	PRON	1
iga_ühal	ADV	1
iga_üht	PRON	1
igaaastane	ADJ	1
igade_päev	NOUN	1
igak	DET	1
igakell	PRON	1
igakuu	ADV	1
igal_juht	NOUN	1
igalt_poolt	ADV	1
igane	ADJ	1
igane=nud	ADJ	1
iganes	DET	1
igapäeva_toimetus	NOUN	1
igapäevaelu_toimetus	NOUN	1
igapäevasee_lus	NOUN	1
igas_tähes	ADV	1
igatsema	ADJ	1
igatsema	NOUN	1
igatsus_tunne	NOUN	1
igav	DET	1
igav,ne	ADJ	1
igava_võitu	ADJ	1
igavaim	ADJ	1
igave	DET	1
igavlema	VERB	1
igavus_tunne	NOUN	1
igaü_ksi	PRON	1
igi	DET	1
igi_haljas	ADJ	1
igiv	ADJ	1
ignoreeruma	VERB	1
ignoreidma	VERB	1
ignorerima	VERB	1
ihaldatud	ADJ	1
ihaldus_väärtus	NOUN	1
ihkav	ADJ	1
ihu-karv	NOUN	1
iidol	ADJ	1
iilus	ADJ	1
ijuun	NOUN	1
ika	ADV	1
ikali	ADV	1
ike	PRON	1
ikkagine	ADJ	1
iksi	ADV	1
iksponat	NOUN	1
ikus	ADJ	1
ilga	ADJ	1
ili	CCONJ	1
illegaalne	ADJ	1
illus	ADJ	1
illusioon	NOUN	1
illustratsioon	NOUN	1
ilm,_selle	NOUN	1
ilm.kirjuta	NOUN	1
ilm_selg	ADJ	1
ilma_asjata	ADV	1
ilma_ennustus	NOUN	1
ilma_jaam	NOUN	1
ilma_jääm	NOUN	1
ilma_olu	NOUN	1
ilma_saade	NOUN	1
ilma_teadetk	NOUN	1
ilma_valgus	NOUN	1
ilmastiku_olu	NOUN	1
ilmastu	NOUN	1
ilmatu	ADJ	1
ilmekalt	ADV	1
ilmekamalt	ADV	1
ilmestama	VERB	1
ilmnu=nud	ADJ	1
ilmsasti	ADV	1
ilmu=nud	ADJ	1
ilmunema	VERB	1
ilmutama	VERB	1
ilmuv	VERB	1
ilsu	ADJ	1
ilu	ADJ	1
ilu_lõhn	NOUN	1
ilu_salong	NOUN	1
ilu_tulesik	NOUN	1
ilu_tulestik	ADJ	1
ilu_uisutam	NOUN	1
ilu_vigu	NOUN	1
ilu_võimlemistrenn	NOUN	1
ilunn	NOUN	1
ilus,_kiri	VERB	1
ilus,_rõõmus	ADJ	1
ilus,noor	ADJ	1
ilus.me	ADJ	1
ilus_.sa	ADJ	1
ilus_treerja	NOUN	1
ilusa=v	ADJ	1
ilusadspordi_riie	NOUN	1
ilusalong	NOUN	1
ilusedkar=tin	NOUN	1
ilusem	ADJ	1
ilustama	VERB	1
ilustreri=tut	ADJ	1
iluuv	ADJ	1
iluvõ_imlemine	NOUN	1
iluvõimlemism_uusikast	NOUN	1
ilve	NOUN	1
imai	NOUN	1
imbes	ADV	1
ime_armna	ADJ	1
ime_hea	ADJ	1
ime_huvitav	ADJ	1
ime_hästi	ADV	1
ime_kauni	ADJ	1
ime_kaunid	ADJ	1
ime_kaunine	ADJ	1
ime_kaunis	ADJ	1
ime_kiirelt	ADV	1
ime_lahke	ADJ	1
ime_loom	NOUN	1
ime_maitsv	ADJ	1
ime_rohi	NOUN	1
ime_tore	ADJ	1
ime_väikne	ADJ	1
ime_väsitav	ADJ	1
imeisik	NOUN	1
imeked	NOUN	1
imelikkus	NOUN	1
imene	ADJ	1
imetleja	NOUN	1
imetlemine	NOUN	1
imetlusv_äärsem	ADJ	1
imetugev	ADJ	1
imigrant	NOUN	1
imikueas	NOUN	1
iminene	ADJ	1
imiteerima	VERB	1
immeline	ADJ	1
immene	NOUN	1
immigrant	NOUN	1
immigreeruma	VERB	1
imposantne	ADJ	1
in	ADV	1
in	NOUN	1
in	VERB	1
in	X	1
ind	NOUN	1
indiaanlane	NOUN	1
indie	ADJ	1
individua_als	NOUN	1
individuaal	ADJ	1
individuaal	NOUN	1
individuaalse=m	ADJ	1
individualne	ADJ	1
individualselt	ADV	1
indne	NOUN	1
indrek.mägi@gmail.com	SYM	1
indu	NOUN	1
ine	ADJ	1
inemesi	NOUN	1
inemine	NOUN	1
inf_ormaatiline	ADJ	1
infereeri=tud	ADJ	1
infinitivi	NOUN	1
info	VERB	1
info-paev	NOUN	1
info-tehnoloogia	NOUN	1
info.päev@mail.ee	NOUN	1
info666@gmail.com	SYM	1
info:helistama	VERB	1
info:üritus@gmai.com	NOUN	1
info;37255555555	NOUN	1
info@gmail.com	NOUN	1
info_aalikas	NOUN	1
info_allikas	ADJ	1
info_allikat	NOUN	1
info_allikates	NOUN	1
info_büroo	NOUN	1
info_kanal	NOUN	1
info_lehe	NOUN	1
info_levik	NOUN	1
info_person	NOUN	1
info_portaal	NOUN	1
info_päva	NOUN	1
info_rmaatika	NOUN	1
info_tehnolog	NOUN	1
info_tehnologia	NOUN	1
info_tehnoloogia	PROPN	1
info_telefon	NOUN	1
info_tulv	NOUN	1
info_tunt	NOUN	1
info_vahetus	NOUN	1
info_vargus	NOUN	1
info_vidin	NOUN	1
infoaja_leht	NOUN	1
infoloov@.ee	SYM	1
infoo	NOUN	1
infopaev@gmail.com	NOUN	1
infopaev@gmail.com	SYM	1
infopäev	PROPN	1
infopäev.ee	NOUN	1
infopäev@gmail.com	NOUN	1
infopäev@kool.ee	NOUN	1
infopäevad/koolis.ee	SYM	1
informaatika_valdkond	NOUN	1
informaatika_õpetaja	NOUN	1
informaation	NOUN	1
information	NOUN	1
informatioon	NOUN	1
informatism	NOUN	1
informativne	ADJ	1
informatsifoon	NOUN	1
informatsiooni_hulk	NOUN	1
informatsiooni_kuhi	NOUN	1
informatsoon	NOUN	1
informeeri=tud	ADJ	1
informeeri=v	ADJ	1
infostent	NOUN	1
infotehn_oloogija	NOUN	1
infotehnoloogi=ja	NOUN	1
infoühiskond	NOUN	1
infra_struktuur	NOUN	1
infromatsioon	NOUN	1
infzeerm	NOUN	1
ingiline	ADJ	1
inginetiv	NOUN	1
ingise_keel	NOUN	1
ingl	NOUN	1
ingles	NOUN	1
ingline	ADJ	1
inglis_maa	PROPN	1
inglise_keel	PROPN	1
inglisee	ADJ	1
ingliseke_eleos_kuse	NOUN	1
inglisekee_lelaager	NOUN	1
inglisi	ADJ	1
ingliskeele_laager	NOUN	1
inglisse	ADJ	1
ini_melu	NOUN	1
ini_melus	NOUN	1
ini_mkaotus	NOUN	1
inide	NOUN	1
iniene	NOUN	1
inikond	NOUN	1
inim	NOUN	1
inim-ene	NOUN	1
inim_eksistents	NOUN	1
inim_elene	NOUN	1
inim_esed,ja	NOUN	1
inim_esi,ja	NOUN	1
inim_hääl	NOUN	1
inim_kaotus	NOUN	1
inim_kaubandus	NOUN	1
inim_keel	NOUN	1
inim_kuju	NOUN	1
inim_käitumine	NOUN	1
inim_mass	NOUN	1
inim_mõõte	NOUN	1
inim_mõõtme=line	ADJ	1
inim_mõõtmeline	ADJ	1
inim_olend	NOUN	1
inim_olu	NOUN	1
inim_organ	NOUN	1
inim_põlv	NOUN	1
inim_rass	NOUN	1
inim_rasv	NOUN	1
inim_rohkus	NOUN	1
inim_suhtumine	NOUN	1
inim_töö_jõu	NOUN	1
inim_õigus	NOUN	1
inime_sike	NOUN	1
inime_volutsioon	NOUN	1
inimel	NOUN	1
inimele	NOUN	1
inimen	NOUN	1
inimene	ADJ	1
inimene-ämblik	ADJ	1
inimene@.ru	NOUN	1
inimes+te_vaheline	ADJ	1
inimes_ed,ke	NOUN	1
inimes_teadus	NOUN	1
inimesd	NOUN	1
inimesed.pilet	NOUN	1
inimesele.see	NOUN	1
inimeses_õpralik	ADJ	1
inimesi!_mill	NOUN	1
inimesi,kõik	NOUN	1
inimesi.osalema	NOUN	1
inimest.ja	NOUN	1
inimest.spordip	NOUN	1
inimeste_lpol	NOUN	1
inimestest.au_hind	NOUN	1
inimevolutsioonimuuseum	NOUN	1
iniml_oendus	NOUN	1
inimlane	NOUN	1
inimtöö_jõud	NOUN	1
inimtöö_jõug	NOUN	1
inine	NOUN	1
ininemene	NOUN	1
inines	NOUN	1
ininmene	NOUN	1
inis	NOUN	1
inistama	VERB	1
initsiatiiv	NOUN	1
initsiatiivne	ADJ	1
inkvisitsioon	NOUN	1
inme	NOUN	1
inmene	NOUN	1
inna	ADV	1
innetuma	VERB	1
innistuma	VERB	1
innovaatilise=m	ADJ	1
innovaatne	ADJ	1
innovatiiv=sus	NOUN	1
innovatsioniline	ADJ	1
innove	NOUN	1
innukalt	ADV	1
innukus	NOUN	1
innusta=nud	ADJ	1
innustus	NOUN	1
inovaativne	ADJ	1
ins_tagrem	NOUN	1
inse_neenrus	NOUN	1
inseneri_töö	NOUN	1
insenäar	NOUN	1
insineer	NOUN	1
insp_iratsioon	NOUN	1
inspiratsiooni_allikas	NOUN	1
inspireeri=tud	ADJ	1
inspireeri=vaim	ADJ	1
insta_graam	NOUN	1
insteneerima	VERB	1
instruktiivne	ADJ	1
instruktorima	VERB	1
instrumentaal	ADJ	1
instrumentaal_muusikas	NOUN	1
instrumentaalos	NOUN	1
instrumentaalse=lt	ADV	1
instruuktor	NOUN	1
instutsioon	NOUN	1
integreeri=tud	ADJ	1
intelektuaalne	ADJ	1
inteligentne	ADJ	1
intellegentne	ADJ	1
intellekt	NOUN	1
intelligents	NOUN	1
intelliktuaalne	ADJ	1
intensiive	ADJ	1
intensiivistuma	VERB	1
intensiivse=m	ADJ	1
intensiivse=malt	ADV	1
intensiivsus	NOUN	1
inter_aktiivne	ADJ	1
interaktiivse=m	ADJ	1
interesne	ADJ	1
interjor	NOUN	1
interjueerima	VERB	1
interne_tallik	NOUN	1
interneet	NOUN	1
interner	NOUN	1
internet-portaal	NOUN	1
internet_iajastu	NOUN	1
internet_ikeskond	NOUN	1
internet_itehnoloogia	NOUN	1
interneti_aadress	NOUN	1
interneti_ajast	NOUN	1
interneti_allik	NOUN	1
interneti_kiirus	NOUN	1
interneti_lehe_külg	NOUN	1
interneti_maa_ilm	NOUN	1
interneti_maa_ilm	PROPN	1
interneti_pank	NOUN	1
interneti_periood	NOUN	1
interneti_poe	NOUN	1
interneti_pood	NOUN	1
interneti_portaal	NOUN	1
interneti_sõbr	NOUN	1
interneti_uhendus	NOUN	1
interneti_võimalus	NOUN	1
internetia_varus	NOUN	1
internetikuri_tegu	NOUN	1
internetikurjategi=ja	NOUN	1
internetima_ailm	NOUN	1
internetip_ortaal	NOUN	1
internetipo_rtaal	NOUN	1
internetis_õltuvus	NOUN	1
interval	NOUN	1
interveerima	VERB	1
interviüü	NOUN	1
intervjuus	NOUN	1
intress	NOUN	1
intrigeerima	VERB	1
intrigeeriv	ADJ	1
introveer	ADJ	1
intsident	NOUN	1
intusiastlik	ADJ	1
inumene	NOUN	1
inventuur	NOUN	1
investeering	NOUN	1
investor	NOUN	1
inzener	NOUN	1
inšeneer	NOUN	1
inženeer	NOUN	1
inženeeria	NOUN	1
inženäär	NOUN	1
inžineer	NOUN	1
ippima	VERB	1
irl	NOUN	1
iroonia	NOUN	1
irooniline	ADJ	1
is9	ADJ	1
isa	PROPN	1
isa-ema	NOUN	1
isa_egi	NOUN	1
isa_keel	NOUN	1
isa_maaa_rmastus	NOUN	1
isa_poolne	ADJ	1
isa_päev	NOUN	1
isad	NOUN	1
isamaalisus	NOUN	1
ise-enda	PRON	1
ise_arendamine	NOUN	1
ise_arenemine	NOUN	1
ise_arenev	ADJ	1
ise_arenguu	NOUN	1
ise_asi	ADV	1
ise_asi	NOUN	1
ise_enede	PRON	1
ise_enele	PRON	1
ise_eneselt	ADV	1
ise_enesest_mõistetavalt	ADV	1
ise_juhtiv	ADJ	1
ise_kindelid	ADJ	1
ise_kirjutatud	ADJ	1
ise_koostnud	VERB	1
ise_liikuv	ADJ	1
ise_loome	NOUN	1
ise_loomuj_oone	NOUN	1
ise_loomujo_onei	NOUN	1
ise_loomulikult	ADV	1
ise_loomune	NOUN	1
ise_loomustav	ADJ	1
ise_pärasus	NOUN	1
ise_seis	NOUN	1
ise_seisv	ADJ	1
ise_seisva_töö	NOUN	1
ise_seisvlik	ADJ	1
ise_seisvu=nud	ADJ	1
ise_seisvuma	VERB	1
ise_seitsvus	NOUN	1
ise_tehtud	ADJ	1
ise_tehtud	VERB	1
ise_töö	NOUN	1
ise_ärasus	NOUN	1
isee_ndege	PRON	1
iseendane	ADJ	1
iseenesemõistetav	ADJ	1
isega	ADV	1
isegi	PRON	1
isele	ADV	1
isele	PRON	1
iseli	ADV	1
iseloomujoon	NOUN	1
iseloomuom_adus	NOUN	1
isend	NOUN	1
isend	PRON	1
ises_õitev	ADJ	1
isese=isvam	ADJ	1
isese_istvalt	ADV	1
iseseisev	ADJ	1
iseteenindus_kassasid	NOUN	1
isetu	ADJ	1
isi	NOUN	1
isi_algu	ADV	1
isi_kuvalik	ADJ	1
isik	ADJ	1
isikas	NOUN	1
isike	NOUN	1
isiklikum	ADJ	1
isiklkult	ADV	1
isiklsus	NOUN	1
isiku_andmed	NOUN	1
isiku_küsimus	NOUN	1
isiku_omadus	NOUN	1
isiku_pärane	ADJ	1
isiku_tunnistus	NOUN	1
isima	NOUN	1
isimene	NOUN	1
isolatsioon	NOUN	1
isotaltioon	NOUN	1
ist_afett	NOUN	1
istafet	NOUN	1
istandus	NOUN	1
iste_koht	NOUN	1
istma	VERB	1
isto_fett	NOUN	1
isto_fettis,a	NOUN	1
istofet	NOUN	1
istrument	NOUN	1
istu	VERB	1
istuda.palun	VERB	1
istuma	NOUN	1
istumis_asend	NOUN	1
istumis_koht	NOUN	1
istuta=tud	ADJ	1
istuv	VERB	1
istu“	NOUN	1
isuma	VERB	1
it-_sfäär	NOUN	1
it-_tehnoloogia	NOUN	1
it-aine	NOUN	1
it-diploom	NOUN	1
it-inimene	NOUN	1
it-juht	NOUN	1
it-s_petsialist	NOUN	1
it-te_hnoloogia	NOUN	1
it-üli_kool	NOUN	1
itaja	NOUN	1
itsitama	VERB	1
iusamine	NOUN	1
iva	NOUN	1
ivanov,dima	PROPN	1
ivanov.2001@gmail.com	SYM	1
j.n.d	ADV	1
ja/või	CCONJ	1
jaa=nud	ADJ	1
jaa_nlind	NOUN	1
jaagama	VERB	1
jaaganema	VERB	1
jaahall	NOUN	1
jaak.ivanov@kool.edu.ee	SYM	1
jaan.kask.ee@gmail.com	SYM	1
jaan.tamm.2004@gmail.com	SYM	1
jaani_tuli	NOUN	1
jaanitu	NOUN	1
jaaniu_ssike	NOUN	1
jaantamm@gmail.com	NOUN	1
jaanuari_l,min	NOUN	1
jaapanlanna	NOUN	1
jaares	ADP	1
jaat	VERB	1
jaatav	ADJ	1
jaatavalt	ADV	1
jaatine	ADJ	1
jaatma	VERB	1
jaav	VERB	1
jabur	NOUN	1
jaburam	ADJ	1
jaei	NOUN	1
jagamune	NOUN	1
jagatma	VERB	1
jagi_mees	NOUN	1
jah-jah	ADV	1
jahama	VERB	1
jahe	NOUN	1
jahi_pukk	NOUN	1
jahti	ADV	1
jahtima	VERB	1
jai	ADV	1
jaim	NOUN	1
jajalutama	VERB	1
jajoom	NOUN	1
jajoonistama	VERB	1
jakinngas	NOUN	1
jal_gall	NOUN	1
jal_gpall.ne	NOUN	1
jal_gpalli.ol	NOUN	1
jala_jälg	NOUN	1
jala_katk	NOUN	1
jala_luu	NOUN	1
jala_luud	NOUN	1
jala_noud,puks	NOUN	1
jala_pomm	NOUN	1
jala_riie	NOUN	1
jala_samm	NOUN	1
jala_trauma	NOUN	1
jalad/_jalk	NOUN	1
jalal	ADV	1
jalane	NOUN	1
jalatsid.spordip	NOUN	1
jalatus_käik	NOUN	1
jald	NOUN	1
jald_pall	NOUN	1
jale	ADV	1
jaletama	VERB	1
jalg	ADJ	1
jalg	VERB	1
jalg-,pesa	NOUN	1
jalg..	NOUN	1
jalg_pald	NOUN	1
jalg_pall	PROPN	1
jalg_pall,ne	NOUN	1
jalg_paller	NOUN	1
jalg_palli,	NOUN	1
jalg_palli,a	NOUN	1
jalg_palli,ja	NOUN	1
jalg_palli,kjrv_pall	NOUN	1
jalg_palli,korvpalli,võrkpalli,_jne.	NOUN	1
jalg_palli,võrkpalli,sulg_pall	NOUN	1
jalg_palli._kaas	NOUN	1
jalg_palli.au_hinn	NOUN	1
jalg_palli.ja	NOUN	1
jalg_palli.me	NOUN	1
jalg_palli_.min	NOUN	1
jalg_palli_koond	NOUN	1
jalg_palli_mang	NOUN	1
jalg_pallifän	NOUN	1
jalg_palliga.	NOUN	1
jalg_pallima	NOUN	1
jalg_pallip_lats	NOUN	1
jalg_pallitreen	NOUN	1
jalg_ratas	ADV	1
jalga,_kampsun	NOUN	1
jalga,nii	ADV	1
jalga,spordi_püks	NOUN	1
jalga.kas	NOUN	1
jalga.ma	NOUN	1
jalga_pall	NOUN	1
jalga_pllim_ängimine	NOUN	1
jalga_võistlus	NOUN	1
jalgadtek_sase	NOUN	1
jalgatossud.ma	NOUN	1
jalgp_al,ko_rvpali	NOUN	1
jalgp_all,_võrk	PROPN	1
jalgp_all,k_orvpall,käsipall	NOUN	1
jalgp_all,r_ahvatus	NOUN	1
jalgp_all,v_õrgpall	NOUN	1
jalgp_all,v_õrkpall,korvpall	NOUN	1
jalgp_allit_rennis	NOUN	1
jalgpa_lliturniir	NOUN	1
jalgpaa	NOUN	1
jalgpali,jookseme,hüppame	NOUN	1
jalgpall,jookse=mine	NOUN	1
jalgpall,jooksmine,korv_pall	NOUN	1
jalgpall,korvpall,_hokk	NOUN	1
jalgpall,korvpall,_võrkpall	NOUN	1
jalgpall,korvpall,võrkpall,rahvaste_pall	NOUN	1
jalgpall,korvpalli,võrkpall,teate_jooks	NOUN	1
jalgpall,teate_jood	NOUN	1
jalgpall,võrkpall,rahvaste_pall	NOUN	1
jalgpall_i,sööm	NOUN	1
jalgpall_i,teem	NOUN	1
jalgpall_imängima	NOUN	1
jalgpall_itrenn	NOUN	1
jalgpall_ivõistlus	NOUN	1
jalgpalli,hüppama	NOUN	1
jalgpalli,jalutama	VERB	1
jalgpalli,kerge_jõustik	NOUN	1
jalgpalli,korvpalli,vörg_pall	NOUN	1
jalgpalli,käsi_pall	NOUN	1
jalgpalli,kõrvpalli,võrk_pall	NOUN	1
jalgpalli,mängima	VERB	1
jalgpalli,rahvaste_pall	NOUN	1
jalgpalli,võrk_pall	NOUN	1
jalgpalli,võrkpalli,rahvuspall,teate_jook	NOUN	1
jalgpalli.g	NOUN	1
jalgpalli.ma	NOUN	1
jalgpalli.mul	NOUN	1
jalgpalliga,mängima	VERB	1
jalgpallimängi=ja	NOUN	1
jalgpallimängima	NOUN	1
jalgpallimängima	VERB	1
jalgpallis.jubama	NOUN	1
jalgpallis.ma	NOUN	1
jalgpallis.sa	NOUN	1
jalgpallitrenn	NOUN	1
jalgpalliturniir	NOUN	1
jalgpallivõistlus	NOUN	1
jalgr_attas	ADV	1
jalgrataga,joonistama	VERB	1
jalgrattama	VERB	1
jalgrattasõit-	NOUN	1
jalgsim	NOUN	1
jalgüalli,ko_rvpall	NOUN	1
jalj_pall	NOUN	1
jalk	NOUN	1
jalk_pali	NOUN	1
jalka	NOUN	1
jalkas	NOUN	1
jallegi	ADV	1
jallgpalli,jooksime,mängima	NOUN	1
jallgpalli,korvpalli,võrk_pall	NOUN	1
jalp_allimä_nguu	NOUN	1
jalu_tama,jalg_pall	NOUN	1
jalu_teme	VERB	1
jalust	ADV	1
jalustama	VERB	1
jaluta_me,eda	ADV	1
jaluta_me,sööm	VERB	1
jalutada,rääkima	VERB	1
jalutada.peol	NOUN	1
jalutadaloomaa=ia	NOUN	1
jalutama	NOUN	1
jalutama_linn	NOUN	1
jalutame,koristama	VERB	1
jalutame,vaatama	VERB	1
jalutame.paluma	VERB	1
jalutasime,jooksima	VERB	1
jalutav	ADJ	1
jalutma	VERB	1
jalä_heme	VERB	1
jam	NOUN	1
jama	ADJ	1
jamaa	NOUN	1
jaminu	NOUN	1
jamüts	NOUN	1
jana@_mail.	NOUN	1
janatamm@gmail.com	SYM	1
janatukene	NOUN	1
janes	NOUN	1
janu	NOUN	1
januaar	NOUN	1
jaok	ADP	1
jaoks	ADV	1
jaolt	ADV	1
jarahvaste_pall	NOUN	1
jare	NOUN	1
jaregmine	ADJ	1
jargnev	ADJ	1
jarje_kord	NOUN	1
jarvele	ADV	1
jasell	NOUN	1
jasu_htlem	VERB	1
jasuur	ADJ	1
jasuv	NOUN	1
jat_aeg	NOUN	1
jata_iga	NOUN	1
jataige	NOUN	1
jatama	VERB	1
jateksane	NOUN	1
jati	NOUN	1
jatt	NOUN	1
jaultama	VERB	1
jautama	VERB	1
javaat	ADJ	1
javaatama	NOUN	1
javaatama	VERB	1
javõ_istlemine	NOUN	1
jazz_muusika	NOUN	1
jazzmu_usik	NOUN	1
jaög_pall	NOUN	1
jažž	NOUN	1
ja“	ADV	1
jegor	PROPN	1
jell	ADV	1
jermi_taaž	NOUN	1
jiu-jits	NOUN	1
jkui	SCONJ	1
jlema	ADJ	1
jli	NOUN	1
jnd.mina	NOUN	1
jne-jne	ADV	1
jne.au_hind	NOUN	1
jne.au_hinne	NOUN	1
jne.ma	ADV	1
jnt.spor=dip	NOUN	1
jo	ADV	1
joad	NOUN	1
jogi	NOUN	1
johannes.jõgi@gmail.com	SYM	1
joima	VERB	1
joker	NOUN	1
jokse,hüpe,jautama	NOUN	1
jokseme,mängima	VERB	1
joksemine	NOUN	1
joksi_me.mull	NOUN	1
joksmine	NOUN	1
jome	ADV	1
jonn	NOUN	1
jonnestama	VERB	1
jonnima	VERB	1
jonnimine	NOUN	1
jonnistama	VERB	1
jonnistus	NOUN	1
joo	INTJ	1
joo	VERB	1
joo_k,söök,s_pord	NOUN	1
joo_kais	NOUN	1
joo_ksime.ne	VERB	1
joo_ksimine,15.20	NOUN	1
joobuma	VERB	1
jooe	NOUN	1
joogama	VERB	1
joogat.au_hind	NOUN	1
joogi	NOUN	1
joogi._peale	NOUN	1
joogi_pauss	NOUN	1
joogurt	NOUN	1
jooistama	VERB	1
jook,_söök	NOUN	1
jook._kui	NOUN	1
jook._veel	NOUN	1
jook.kas	NOUN	1
jook_s.mull	NOUN	1
jook_seme,hüpa=me	VERB	1
jook_smist,pall	NOUN	1
jook_sutempo	NOUN	1
jookema	VERB	1
jooki,_pall	NOUN	1
jookima	VERB	1
jookis	NOUN	1
jookma	VERB	1
jooks	ADJ	1
jooks,280	ADJ	1
jooks,_hüpp	NOUN	1
jooks,_hüppamine	NOUN	1
jooks,_jalgpall	NOUN	1
jooks,_pendel	NOUN	1
jooks,h_üppang	NOUN	1
jooks,kaugushüppe,jalgpal(	NOUN	1
jooks,kaugushüppe,kõrgushüppe,estafeet	NOUN	1
jooks,korvpall	NOUN	1
jooks,kõrgushüpep	NOUN	1
jooks,teatejooks,_jalgpall	NOUN	1
jooks,teatejooks,kaugushüppe,võrkpall,_korvpall	NOUN	1
jooks._palun	NOUN	1
jooks.au_hind	NOUN	1
jooks=tud	ADJ	1
jooks_,jal	NOUN	1
jooks_,jalg_pall	NOUN	1
jooks_,jalg_palli	NOUN	1
jooks_,kes	NOUN	1
jooks_jajd	NOUN	1
jooks_ma,h_üppama	VERB	1
jooks_mine,kott	NOUN	1
jooksa	ADV	1
jooksama	ADJ	1
jooksamine	NOUN	1
jooksane	ADJ	1
jookse_d,mäng	NOUN	1
jookse_võistlus	NOUN	1
jooksem	VERB	1
jookseme,hüppa_me,ja	ADV	1
jookseme,hüppama	VERB	1
jooksemine,erinev	ADJ	1
jooksemine,hüppa=mine	NOUN	1
jooksemine,hüppemine,mängimine	NOUN	1
jooksemine,teatejooks,_hüpamine	NOUN	1
jooksen	NOUN	1
jooksetama	VERB	1
jooksi_meja	NOUN	1
jooksi_võistlus	NOUN	1
jooksi_võitslus	NOUN	1
jooksida,palju	NOUN	1
jooksija	NOUN	1
jooksim	VERB	1
jooksime	NOUN	1
jooksime,hüppasime,mängima	VERB	1
jooksime,hüppasime,viskama	VERB	1
jooksime,hüppatama	VERB	1
jooksime,jalutasime,hüppatama	VERB	1
jooksime,mängi_me,süüam	VERB	1
jooksime,tema	VERB	1
jooksime;hüpama	VERB	1
jooksime_,mängimine	NOUN	1
jooksimes,_kõige	NOUN	1
jooksimima	VERB	1
jooksine	ADJ	1
jooksis,mängima	VERB	1
jooksis_imei	NOUN	1
jooksisima	VERB	1
jooksisime,hüpama	VERB	1
jooksisime,hüppama	NOUN	1
jooksisime,hüppama	VERB	1
jooksisime,hüppasime,mängima	VERB	1
jooksisime,hüüpama	VERB	1
jooksisime,mängisime,tegema	VERB	1
jooksisma	VERB	1
jooksitama	VERB	1
jookskmine	NOUN	1
jooksm_a.ss	NOUN	1
jooksma	ADV	1
jooksma	PROPN	1
jooksma,hüpama,viskama	VERB	1
jooksma,kük=kitama	VERB	1
jooksma.ka=asa	NOUN	1
jooksma;sellepärast	ADV	1
jooksme.kaasama	NOUN	1
jooksmema	VERB	1
jooksmi_ne,me	NOUN	1
jooksmine,hüppamine,ialgpall,korvpall,võrkpall,_tenn	NOUN	1
jooksmine,jalg_pall	NOUN	1
jooksmine,jalgpall,_korv	NOUN	1
jooksmis	NOUN	1
jooksmise_s,a	NOUN	1
jooksrma	VERB	1
jooksta	VERB	1
jooksta,ja	ADV	1
jooksu_harjutus	NOUN	1
jooksu_king	NOUN	1
jooksu_mäng	NOUN	1
jooksu_rada	NOUN	1
jooksu_ring	NOUN	1
jooksul	ADV	1
jooksule	ADP	1
jooksum	NOUN	1
jooksus	NOUN	1
jooku	NOUN	1
jooma	AUX	1
jooma._siin	NOUN	1
joome	VERB	1
joome.kui	NOUN	1
joome.muuseumis_meil	NOUN	1
joome_,pära	ADV	1
joome_,sööm	VERB	1
joomine	NOUN	1
joon_istame,maalim	VERB	1
jooneline	ADJ	1
joonesta=mine	NOUN	1
jooni_stusringi.mul	NOUN	1
joonista(	ADJ	1
joonista=tud	ADJ	1
joonista_.huviring	NOUN	1
joonista_da.tunn	NOUN	1
joonista_me,räägim	VERB	1
joonista_me.mu	NOUN	1
joonista_muuseum	NOUN	1
joonistada,jalutada,mängida,kuulama	VERB	1
joonistada.ma	VERB	1
joonistada.see	ADJ	1
joonistam	NOUN	1
joonistama_.pane	ADJ	1
joonistame.paluma	VERB	1
joonistame.pane	VERB	1
joonistamine	PROPN	1
joonistamis	NOUN	1
joonistamise_ring	NOUN	1
joonistamiso_skus	NOUN	1
joonistansema	VERB	1
joonistas	NOUN	1
joonistas._selk	NOUN	1
joonistaüritus	NOUN	1
joonistus.ring@gmail.com	NOUN	1
joonistus_võistlus	NOUN	1
joonistuse_ring	NOUN	1
joonsitama	VERB	1
joooma	VERB	1
jooonistama	VERB	1
jooonistuma	VERB	1
joop	VERB	1
joos_ta,e	NOUN	1
joos_ta,ne	NOUN	1
joos_ta10	NOUN	1
joosks	NOUN	1
joosmine	NOUN	1
joosta._selne	NOUN	1
joosta.see	NOUN	1
joostamine	NOUN	1
joostima	VERB	1
joostsime,hüppama	VERB	1
joostus	NOUN	1
jootma	VERB	1
joovastav	ADJ	1
joovastunult	ADV	1
jope	ADJ	1
jope	VERB	1
jope,ne	ADJ	1
jope,teksa	NOUN	1
jope.ekskursioon	NOUN	1
jope.ja	NOUN	1
jope_,kleit	NOUN	1
jope_,uue	ADJ	1
jopp,puk_sid,müts	NOUN	1
jopp_ed,ne	NOUN	1
joppe	NOUN	1
joppe,e	ADJ	1
joppedjas	NOUN	1
jou	INTJ	1
jou	NOUN	1
jou_saal	NOUN	1
joulu_püha	NOUN	1
journal=ist	NOUN	1
js	ADV	1
jsest	NOUN	1
jslg_pall	NOUN	1
juakam	ADJ	1
juama	NOUN	1
juama	VERB	1
jubama	VERB	1
jubedalt	ADV	1
jubka	NOUN	1
judin	NOUN	1
judma	VERB	1
judo_treener	NOUN	1
judone	ADJ	1
juh_ilod	NOUN	1
juhaja	NOUN	1
juhan.spordi=p	PROPN	1
juhandaja	NOUN	1
juhataia	NOUN	1
juhatus	NOUN	1
juhend	NOUN	1
juhetaja	NOUN	1
juhi=tav	ADJ	1
juhi_juht	NOUN	1
juhi_koht	NOUN	1
juhil	NOUN	1
juhimine	NOUN	1
juhis	NOUN	1
juhkama	NOUN	1
juhkama	VERB	1
juht_nöör	NOUN	1
juhtie	NOUN	1
juhtimis_luba	NOUN	1
juhtimis_ruum	NOUN	1
juhtis	NOUN	1
juhtu	NOUN	1
juhtu_b,vo	NOUN	1
juhtumatu	NOUN	1
juhtumisi	ADV	1
juhtunu	NOUN	1
juhu_loaden	NOUN	1
juhutuslik	ADJ	1
juk	NOUN	1
juksuri_salong	NOUN	1
juldse	ADV	1
julg	ADJ	1
julg	NOUN	1
julge=nud	ADJ	1
juliakuusk@gmail.com	NOUN	1
julm	ADJ	1
julmem	ADJ	1
julutama	VERB	1
jumbes	ADV	1
jume	NOUN	1
jumekas	ADJ	1
jumestaja	NOUN	1
jupp	NOUN	1
jura	NOUN	1
jurde	NOUN	1
jures._minu	NOUN	1
juri.kask@gmail.com	NOUN	1
jurustama	VERB	1
jus_tupirukas	NOUN	1
juss	ADV	1
justni=melt	NOUN	1
jut	NOUN	1
juttav	ADJ	1
juttus	NOUN	1
jutu_ajamine	NOUN	1
jutu_kaaslane	NOUN	1
jutu_paunik	NOUN	1
jutu_saade	NOUN	1
jutukas	NOUN	1
jutuke	NOUN	1
jutusta	NOUN	1
jutustama	NOUN	1
jutustav	ADJ	1
jutustu	NOUN	1
jutustuma	VERB	1
juu_a,kümm	NOUN	1
juu_ksurina	NOUN	1
juu_res.spordi_paev	NOUN	1
juu_rvili	NOUN	1
juua,süüa	NOUN	1
juua.paluma	VERB	1
juud	NOUN	1
juude	NOUN	1
juudi	ADJ	1
juudi	NOUN	1
juudi_kool	NOUN	1
juudlema	VERB	1
juuk_smesiter	NOUN	1
juuks_esoeng	NOUN	1
juukse	NOUN	1
juuksed.mulle	NOUN	1
juukser	NOUN	1
juuksu_rimäng	NOUN	1
juuksuri	NOUN	1
juul	NOUN	1
juuli,skypark	NOUN	1
juuli_kuu	NOUN	1
juulil,kuulsaal	NOUN	1
juuni.alguma	VERB	1
juuni_kuine	ADJ	1
juuni_kuu	NOUN	1
juuni_s,kool	NOUN	1
juunil,_kell	NOUN	1
juunil,_kohvik	NOUN	1
juunil,teisi_päev	NOUN	1
juunil-juul	NOUN	1
juunil.kell	NOUN	1
juunil.konsert	NOUN	1
juunil.min	NOUN	1
juunil.spordip	NOUN	1
juunil.veekeskusema	NOUN	1
juunil_,aul	NOUN	1
juunis.me	NOUN	1
juunistma	NOUN	1
juunu	NOUN	1
juuoma	VERB	1
juur	ADJ	1
juur_de,räägi=me	NOUN	1
juur_vili	ADJ	1
juur_vilj	NOUN	1
juur_vilju,	NOUN	1
juur_vilju,a	NOUN	1
juurd	ADV	1
juurde.kell	NOUN	1
juurde.seal	ADV	1
juurde_kell	NOUN	1
juurde_minek	NOUN	1
juure	ADP	1
juure	NOUN	1
juurele	ADP	1
juures	NOUN	1
juures,ja	NOUN	1
juures,kontsert	NOUN	1
juures,spordipäev	NOUN	1
juures,sööme,ostama	VERB	1
juures._sell	NOUN	1
juures._sina	NOUN	1
juures._võit	NOUN	1
juures.spordip	NOUN	1
juures_.osa	NOUN	1
juuri	NOUN	1
juurima	VERB	1
juurs	NOUN	1
juurutama	VERB	1
juurutamine	NOUN	1
juustu_koog	NOUN	1
juustu_mark	NOUN	1
juustusaia	NOUN	1
juut	NOUN	1
juutusta_vadme	NOUN	1
juutustus	NOUN	1
juuues	ADV	1
juva	ADV	1
jäama	VERB	1
jäe=tud	VERB	1
jäganema	VERB	1
jägmine	ADJ	1
jäh	ADV	1
jähdal	NOUN	1
jähe	ADJ	1
jäine	ADJ	1
jäl_ginud,n	VERB	1
jäl_pall	NOUN	1
jälas	ADV	1
jälg_palli_mäng	NOUN	1
jälgi=tav	ADJ	1
jälgija	NOUN	1
jälgima	ADJ	1
jälgitav	ADJ	1
jälgitavus	NOUN	1
jälgpalli,rahvaspalli,teem	NOUN	1
jälile	ADV	1
jäljendamine	NOUN	1
jälkma	VERB	1
jälle,sest	ADV	1
jämmima	VERB	1
jänes	PROPN	1
jäni	NOUN	1
jänku	NOUN	1
jänunema	VERB	1
jär-gmine	ADJ	1
järe	NOUN	1
järe_ltulevane	ADJ	1
järedus	NOUN	1
järel_maigu	NOUN	1
järele_panek	NOUN	1
järelejääkuö_hud	NOUN	1
järeltule=v	ADJ	1
järg	NOUN	1
järg-järgult	ADV	1
järg_arvsõn	NOUN	1
järgim	NOUN	1
järgimisi	ADV	1
järgine	ADJ	1
järgkine	ADJ	1
järgm	ADJ	1
järgmine_kord	NOUN	1
järgmiselt	ADV	1
järgn	ADJ	1
järgnevus	NOUN	1
järgus	NOUN	1
järje_kindlalt	ADV	1
järje_kordselt	ADV	1
järje_pidavus	NOUN	1
järje_pidev	ADJ	1
järjestikune	ADJ	1
järjmine	ADJ	1
järk_järgult	ADV	1
järkama	VERB	1
järki	ADP	1
järki	ADV	1
järkmine	ADJ	1
järsult	ADV	1
järve_kallas	NOUN	1
järve_silm	NOUN	1
järvel	ADV	1
järvele	ADV	1
jätajg	NOUN	1
jätaktma	VERB	1
jätk.ma	VERB	1
jätkas	VERB	1
jätku_suutlik	ADJ	1
jätkumine	NOUN	1
jätte	NOUN	1
jätäma	VERB	1
jää_auk	NOUN	1
jää_haal	NOUN	1
jää_kaine	NOUN	1
jää_keskus	NOUN	1
jää_muuseum	NOUN	1
jää_ruum	NOUN	1
jääaia_keskus	NOUN	1
jäädav	ADJ	1
jäädvustatu	NOUN	1
jäägama	VERB	1
jäägitult	ADV	1
jäähal	NOUN	1
jäähokimängija	NOUN	1
jääk	NOUN	1
jääkama	VERB	1
jääm	NOUN	1
jääma	ADJ	1
jäänema	VERB	1
jäänuma	VERB	1
jäänus	NOUN	1
jäära_päine	ADJ	1
jäära_päisem	ADJ	1
jäät	NOUN	1
jäätis	VERB	1
jäätis,_sõida	VERB	1
jäätise_kiosk	NOUN	1
jäätise_kohvik	NOUN	1
jäätise_pidu	NOUN	1
jäätise_pood	NOUN	1
jäätisek_okteil	NOUN	1
jäätkema	VERB	1
jäätme_probleem	NOUN	1
jõdu	NOUN	1
jõe	NOUN	1
jõgev	ADJ	1
jõgev	PROPN	1
jõhvikas	NOUN	1
jõhvima	VERB	1
jõhvimu_useumine	NOUN	1
jõidma	VERB	1
jõik	NOUN	1
jõlkuma	VERB	1
jõu	NOUN	1
jõu-saalis	NOUN	1
jõu_lulau_päev	NOUN	1
jõua	NOUN	1
jõuakdms	VERB	1
jõud=nud	ADJ	1
jõudma	NOUN	1
jõudnma	VERB	1
jõudsamalt	ADV	1
jõudsima	VERB	1
jõuetu	ADJ	1
jõuetus	NOUN	1
jõugi	NOUN	1
jõukas	ADJ	1
jõule_film	NOUN	1
jõulimine	NOUN	1
jõulisem	ADJ	1
jõulu_ehe	NOUN	1
jõulu_kuusk	NOUN	1
jõulu_pidu	NOUN	1
jõulu_tunne	NOUN	1
jõulu_vahe_aeg	NOUN	1
jõulu_vana	NOUN	1
jõulu_vanak	NOUN	1
jõus	NOUN	1
jõusaal	NOUN	1
jõusad	NOUN	1
jõut	NOUN	1
jöu	NOUN	1
jööksmine	NOUN	1
jööksuma	VERB	1
jöösta	VERB	1
jööstma	VERB	1
jüüres	ADP	1
jüüres	ADV	1
k**	ADV	1
ka,os	NOUN	1
ka.arvan	NOUN	1
ka.pilema	PROPN	1
ka.s	NOUN	1
ka.see	NOUN	1
ka.tervitama	VERB	1
ka_nuu	NOUN	1
kaa,	NOUN	1
kaabel	NOUN	1
kaal	ADJ	1
kaala_püüdmine	NOUN	1
kaalu=tud	ADJ	1
kaaluka=im	ADJ	1
kaaluka=m	ADJ	1
kaalukas	ADJ	1
kaalus	ADJ	1
kaama	VERB	1
kaamere	NOUN	1
kaane_pilt	NOUN	1
kaarantiin	NOUN	1
kaaraok	NOUN	1
kaardi_maks	NOUN	1
kaardi_mäng	NOUN	1
kaarte,süüa	NOUN	1
kaarti.spordip	NOUN	1
kaas_a;rätik,spordipüksid,_jook	NOUN	1
kaas_aeglane	NOUN	1
kaas_aegne	NOUN	1
kaas_agsns	ADJ	1
kaas_askantav	ADJ	1
kaas_kaaslane	NOUN	1
kaas_nähtus	NOUN	1
kaas_olev	ADJ	1
kaas_taegne	ADJ	1
kaas_teeline	NOUN	1
kaasa	NOUN	1
kaasa.ma	VERB	1
kaasa:spordi_riie	NOUN	1
kaasa_ege	ADJ	1
kaasa_haaravus	NOUN	1
kaasa_kamps	NOUN	1
kaasa_kisk	VERB	1
kaasa_laul	NOUN	1
kaasa_läinud	VERB	1
kaasa_mõtleja	NOUN	1
kaasa_toonud	ADJ	1
kaasa_tundmine	NOUN	1
kaasaaidama	VERB	1
kaasaegsas	ADJ	1
kaasaitama	VERB	1
kaasas	ADP	1
kaase_estlane	NOUN	1
kaaseestlane	NOUN	1
kaaslane.ja	NOUN	1
kaaslastega.spordip	NOUN	1
kaasli_ikleja	NOUN	1
kaasnevalt	ADV	1
kaaso_saleja	NOUN	1
kaass	NOUN	1
kaassa	ADV	1
kaavas	NOUN	1
kab	ADV	1
kab	NOUN	1
kab.42	NUM	1
kabel	NOUN	1
kabenet	NOUN	1
kabiin	NOUN	1
kabine	NOUN	1
kabined	NOUN	1
kadedus	NOUN	1
kadedus_väärne	ADJ	1
kader	NOUN	1
kadestaja	NOUN	1
kadr_iork	NOUN	1
kadri.kuusk@gmail.com	NOUN	1
kadri.sepp@gmai.com	NOUN	1
kadri_oru_park	NOUN	1
kadrior	NOUN	1
kadriorgis._pida	PROPN	1
kadriorus.seal	NOUN	1
kadru	NOUN	1
kadu	NOUN	1
kadu	VERB	1
kadu=nu	NOUN	1
kaduma	NOUN	1
kaduv	ADJ	1
kaebabama	VERB	1
kaebamine	NOUN	1
kaebap	NOUN	1
kaebus	VERB	1
kael_kirjak	NOUN	1
kaela	NOUN	1
kaela_kargam	NOUN	1
kaela_karkamis	NOUN	1
kaela_ragistamine	NOUN	1
kaela_valu	NOUN	1
kaelag..(	NOUN	1
kaelagargama	VERB	1
kaelam_urdv	ADJ	1
kaer	NOUN	1
kaest	ADP	1
kaevanda=mine	NOUN	1
kaevandus_koht	NOUN	1
kaevuma	VERB	1
kahaline	ADJ	1
kahe	NUM	1
kahe-ksa	NUM	1
kahe=kümneviiendani	ADJ	1
kahe_aastane	ADJ	1
kahe_euro	NOUN	1
kahe_keelne	ADJ	1
kahe_kordne	ADJ	1
kahe_külgne	ADJ	1
kahe_kümes	ADJ	1
kahe_kümne=vine	NUM	1
kahe_kümnendalmail	ADJ	1
kahe_kümneteist	NUM	1
kahe_kümnev	ADJ	1
kahe_näoline	ADJ	1
kahe_poolne	ADJ	1
kahe_poolselt	ADV	1
kahe_ruut_meetrine	ADJ	1
kahe_sugune	ADJ	1
kahe_teise	NUM	1
kahe_teiskümnes	ADJ	1
kahe_teiste	NUM	1
kahe_täheline	ADJ	1
kahea	ADJ	1
kahek_sahommik	NOUN	1
kahekesti	ADV	1
kaheks_a.kontsert	NOUN	1
kaheksa._peol	NUM	1
kaheksa.spord	NUM	1
kaheksa_saada	NUM	1
kaheksa_sada	NUM	1
kaheksaas	NUM	1
kaheksand	NUM	1
kaheksandik	NOUN	1
kaheksas	NUM	1
kaheksast-kuun	NUM	1
kaheksast-nelja	NUM	1
kaheksast-viin	NUM	1
kaheksateine	ADJ	1
kaheksateiskümne_aastane	ADJ	1
kaheksateistkümnes	ADJ	1
kahekümneesimene	ADJ	1
kahekümnekuues	ADJ	1
kahekümneviies	ADJ	1
kahemu_useum	NOUN	1
kaheots	NOUN	1
kahesateistkümne	NUM	1
kahest-nelj	NUM	1
kahesti	ADV	1
kaheteist-kolmeteistaastaselt	ADV	1
kaheteist_kümmnes	ADJ	1
kaheteist_kümnes	ADJ	1
kaheteistkummnend=a	ADJ	1
kaheteistkümna_ndaklass	NOUN	1
kaheteistkümnande	ADJ	1
kaheteistkümne-nd=a	ADJ	1
kaheteistkümneni	ADJ	1
kahetesikümmnes	ADJ	1
kahetlema	ADV	1
kahetsemine	NOUN	1
kahj_uhks	ADV	1
kahju,e	NOUN	1
kahjuk	NOUN	1
kahjuks,sa	NOUN	1
kahjuks,sind	NOUN	1
kahjuks_mina	NOUN	1
kahjum	NOUN	1
kahjuma	VERB	1
kahjus	ADJ	1
kahjustamine	NOUN	1
kahjustata=mine	NOUN	1
kahjustav	ADJ	1
kahjutu	ADJ	1
kahksas	ADJ	1
kahkuks	ADV	1
kahoot	NOUN	1
kahootis	NOUN	1
kahteistkümnenda	ADJ	1
kahteistkümnes	ADJ	1
kahtene	NUM	1
kahtlematult	ADV	1
kahtlustamatult	ADV	1
kahur	NOUN	1
kahvatu	ADJ	1
kahvel	ADP	1
kahvel	NOUN	1
kaia	NOUN	1
kaigas	NOUN	1
kaim	NOUN	1
kaim	NUM	1
kaim	VERB	1
kainik	NOUN	1
kaisima	VERB	1
kaisine	VERB	1
kaitse_ala	NOUN	1
kaitse_kilbik	NOUN	1
kaitse_mehaniism	NOUN	1
kaitse_viis	NOUN	1
kaitse_vägi	NOUN	1
kaitsema	VERB	1
kaitsetu=m	ADJ	1
kaitsja	NOUN	1
kajakas	NOUN	1
kajama	VERB	1
kajastamine	NOUN	1
kajastatav	ADJ	1
kajastus	NOUN	1
kak	NOUN	1
kakaot	NOUN	1
kakeldus	NOUN	1
kakelema	VERB	1
kaks	NOUN	1
kaks,_kui	SCONJ	1
kaks._pilet	NOUN	1
kaks.on	NOUN	1
kaks.seal	NOUN	1
kaks.seal	NUM	1
kaks.see	ADJ	1
kaks.toimuma	VERB	1
kaks_kummend	NUM	1
kaks_küment	NUM	1
kaks_kümmnevien	NUM	1
kaks_kümnemend	NUM	1
kaks_kümnmsnd	NUM	1
kaks_teist.v=otke	NUM	1
kaksama	NUM	1
kaksama	VERB	1
kakskend-üks	ADJ	1
kakskümel	ADJ	1
kaksma	NOUN	1
kaksma	VERB	1
kaksteist.seal	NUM	1
kaktus	NOUN	1
kala.ma	NOUN	1
kala_maja	NOUN	1
kala_püüdma	VERB	1
kala_püüdmine	NOUN	1
kalad,lima	NOUN	1
kalal_käik	NOUN	1
kalastama	VERB	1
kald	NOUN	1
kaldama	VERB	1
kalender	NOUN	1
kalev	ADJ	1
kali=kene	ADJ	1
kaliis	ADJ	1
kalikas	NOUN	1
kalils	NOUN	1
kaline	NOUN	1
kaljuma	VERB	1
kalk	ADJ	1
kalk	NOUN	1
kall	ADJ	1
kallak	NOUN	1
kallale	ADP	1
kalleim	ADJ	1
kallessõber	NOUN	1
kalli,sinu	NOUN	1
kalli=kene	NOUN	1
kallid,_sõber	NOUN	1
kallid,klassikaaslane	NOUN	1
kallid,koolikaaslane	NOUN	1
kalliis	ADJ	1
kallim	NOUN	1
kallima	VERB	1
kallimalt	ADV	1
kallis	VERB	1
kallis,klassikaaslane	NOUN	1
kallis,klassikaaslastene	NOUN	1
kallis_kivi	NOUN	1
kallisama	VERB	1
kalliskoolikaaslane	NOUN	1
kallistamine	NOUN	1
kallistus	NOUN	1
kallits	ADJ	1
kalma_päev	NOUN	1
kalur	NOUN	1
kalv	NOUN	1
kamatahvel.muidugi	ADV	1
kamber	NOUN	1
kamer	NOUN	1
kamera	NOUN	1
kamin	NOUN	1
kamm	NOUN	1
kammi=tud	ADJ	1
kampama	VERB	1
kampsu_ni,sin	ADJ	1
kampsun,ne	ADJ	1
kampsun,sall,p_üksk	NOUN	1
kampsune	NOUN	1
kamraad	NOUN	1
kamsu_ni,jop	NOUN	1
kamsuma	VERB	1
kamsun	NOUN	1
kamsun,s_hort	NOUN	1
kana_naha	NOUN	1
kanali.m	NOUN	1
kanašn_itsel	NOUN	1
kand	NOUN	1
kandeerima	VERB	1
kandid	NOUN	1
kandidaad	NOUN	1
kandidat	NOUN	1
kandideri=mine	NOUN	1
kandik	NOUN	1
kaneeli_rull	NOUN	1
kang	NOUN	1
kangas	NOUN	1
kange	ADJ	1
kangesti	ADV	1
kanma	VERB	1
kanna_pöör	NOUN	1
kannama	VERB	1
kannataja	NOUN	1
kannatlikult	ADV	1
kannatlus	NOUN	1
kannel	NOUN	1
kannul	ADP	1
kantav	ADJ	1
kantri_muusika	NOUN	1
kantseldama	VERB	1
kanuu	NOUN	1
kanuu_matk	NOUN	1
kaodma	VERB	1
kaordinaalselt	ADV	1
kaostama	VERB	1
kaota=nud	ADJ	1
kaotama	NOUN	1
kaotatud	ADJ	1
kaotsi	ADV	1
kapisektsioon	NOUN	1
kapitaal	NOUN	1
kapitaan-ameerika	NOUN	1
kapitalism	NOUN	1
kapitalistlik	ADJ	1
kappuma	VERB	1
kaps	NOUN	1
kapsa	NOUN	1
kapsa_peak	NOUN	1
kapsa_piruk	NOUN	1
kapsa_sala	NOUN	1
kaptani_dela	NOUN	1
kapuchino	NOUN	1
kapuuts	NOUN	1
kar	ADJ	1
karanteerima	VERB	1
karantiini_aeg	NOUN	1
karaokes,pärast	ADV	1
karask	NOUN	1
karastama	VERB	1
karate	NOUN	1
kardetav	ADJ	1
kardi_mäng	NOUN	1
kardin	NOUN	1
kardinator	NOUN	1
karding	NOUN	1
kardior	NOUN	1
kardmatult	ADV	1
kare	ADJ	1
karea_mell	NOUN	1
kargav	ADJ	1
karglema	VERB	1
karismaatiline	ADJ	1
karismatiline	ADJ	1
karj_ääri_võimalus	NOUN	1
karjaari_võimalus	NOUN	1
karjula	NOUN	1
karjuma	ADJ	1
karjustama	VERB	1
karjutamine	NOUN	1
karjuv	ADJ	1
karjär	NOUN	1
karjääri_tee	NOUN	1
karjääri_õpetus	NOUN	1
karjääriperspektiiv	NOUN	1
karjääris_petsial	NOUN	1
karkama	VERB	1
karl17@mail.com	NOUN	1
karl@gmail.com	PROPN	1
karm	NOUN	1
karnev	ADJ	1
karook	NOUN	1
karrastus_jook	NOUN	1
karsklane	ADJ	1
kartiga,sööma	VERB	1
kartlik	ADJ	1
kartma	ADJ	1
kartmine	NOUN	1
kartrinn	NOUN	1
kartu_lpüree	NOUN	1
kartul	ADJ	1
kartuli_saak	NOUN	1
kartuli_sala	NOUN	1
kartuli_võtt	NOUN	1
karu	ADV	1
karu@gmail.com	NOUN	1
karu_mask	NOUN	1
karul	ADV	1
karussel	NOUN	1
karut	NOUN	1
karuteen	NOUN	1
karvane	ADJ	1
karvane_koer	NOUN	1
kas	PRON	1
kasa	VERB	1
kasaegne	ADJ	1
kasalik	ADJ	1
kasdriorg	NOUN	1
kase	NOUN	1
kase_leht	NOUN	1
kasepuu7003@gmail.com	NOUN	1
kasetti_mängija	NOUN	1
kasi	NOUN	1
kasi_kaaslane	NOUN	1
kasima	VERB	1
kasitama	VERB	1
kask	NUM	1
kask_@gmail.com	NOUN	1
kasks	NUM	1
kaslama	NOUN	1
kasnema	VERB	1
kass	VERB	1
kass/_kass	NOUN	1
kass_@gmail.com	ADJ	1
kass_aegne	ADJ	1
kassa_töötaja	NOUN	1
kassaa_paraat	NOUN	1
kassama	VERB	1
kasseti	NOUN	1
kasseti_mängija	NOUN	1
kassett	NOUN	1
kassi-maa	NOUN	1
kassi_poek	NOUN	1
kassigalooma_aed	NOUN	1
kassvatus	NOUN	1
kastama	VERB	1
kastani_leht	NOUN	1
kasti=ke	NOUN	1
kasti_auto	NOUN	1
kastma	NOUN	1
kasu=tud	ADJ	1
kasuk	NOUN	1
kasulikkum	ADJ	1
kasulikkus	ADJ	1
kasuliku=m	ADJ	1
kasulikud.pakkuv	ADJ	1
kasum=lik	ADJ	1
kasuta=nud	ADJ	1
kasutadama	VERB	1
kasutamis_juhend	NOUN	1
kasutamis_võimalus	NOUN	1
kasutatama	VERB	1
kasutav	ADJ	1
kasutavmd	VERB	1
kasutus_mugavus	NOUN	1
kasutus_rõõm	NOUN	1
kasutus_viis	NOUN	1
kasutus_võimalus	NOUN	1
kasutuse_levõtmine	NOUN	1
kasutusele_võtmine	NOUN	1
kasv-atus	NOUN	1
kasva_lamatus	NOUN	1
kasva_tatamatus	NOUN	1
kasva_tingimus	NOUN	1
kasvadus	NOUN	1
kasvalune	NOUN	1
kasvamatus	NOUN	1
kasvandik	NOUN	1
kasvatav	ADJ	1
kasvatu	NOUN	1
kasvatue	NOUN	1
kasvatus.see	NOUN	1
kasvu_faas	NOUN	1
kasvu_hoone_gaas	NOUN	1
kasvu_periood	NOUN	1
kasvu_tee	NOUN	1
kasääsetõrjuva_hend	NOUN	1
kat_akom	NOUN	1
kata_komp	NOUN	1
katakomb-iss	NOUN	1
katastrof	NOUN	1
katastroofiline	ADJ	1
kate	ADV	1
kate	NOUN	1
kategoria	NOUN	1
kategoriseerima	VERB	1
katekooriliselt	ADV	1
katja~	NOUN	1
katkematu	ADJ	1
katkena	VERB	1
katkesatama	VERB	1
katkestu=mine	NOUN	1
katkestus	VERB	1
katkima	VERB	1
katrin@tamsaare.ee	NOUN	1
katrinn	NOUN	1
katse_jänene	NOUN	1
katsumatu	ADJ	1
katsutav	ADJ	1
kattama	VERB	1
katte_saamine	NOUN	1
kattuma	VERB	1
kattus	NOUN	1
katulema	VERB	1
katuse_alune	NOUN	1
kaua	PROPN	1
kaua-kaua	ADV	1
kaua.aga	ADV	1
kaua.seal	ADV	1
kaua_oodatud	ADJ	1
kauad	ADJ	1
kauad	ADV	1
kauale_.kontsert	NOUN	1
kaubaj_amas	NOUN	1
kaubama_jaka	NOUN	1
kaubamajja.ma	NOUN	1
kaudsi	ADV	1
kauemini	ADV	1
kaug_suhtlemine	NOUN	1
kaug_suhtlus	NOUN	1
kaug_ushüppe,_kuul	ADJ	1
kauge_le,e	NOUN	1
kaugeim	ADJ	1
kaugel	ADP	1
kaugele	ADJ	1
kaugele-kaugele	ADV	1
kaugele_jääv	ADJ	1
kaugelegi	ADV	1
kaugemal	ADJ	1
kaugemalegi	ADV	1
kaugenev	ADJ	1
kauges_hüpp	NOUN	1
kaugile	NOUN	1
kaugis_hüpe	NOUN	1
kaugmaalaskera_kett	NOUN	1
kaugu_hüpe	NOUN	1
kaugu_hüpp	NOUN	1
kaugus_hupe	NOUN	1
kaugus_hüpa	NOUN	1
kaugus_hüppema	NOUN	1
kaugus_hüppemine	NOUN	1
kaugus_hüppetma	NOUN	1
kaugus_hüüe	NOUN	1
kaugus_hüüp	NOUN	1
kaugusel	NOUN	1
kauguselt,mängima	VERB	1
kaugushüpe,mängima	NOUN	1
kaugushüpet,jooksima	VERB	1
kaugushüpped,jooksmist,võistlust,-pall	NOUN	1
kaugushüpped,mängima	VERB	1
kaugust,hüppama	VERB	1
kaugust,jooksima	NOUN	1
kaugust,viskasime	NOUN	1
kaugust.kui	SCONJ	1
kaugust.siis	NOUN	1
kaugustel	NOUN	1
kaugut,_siis	NOUN	1
kaukele	ADV	1
kaukus	NOUN	1
kauma	VERB	1
kaunid,nas	ADJ	1
kaunilt	ADV	1
kaunis	ADP	1
kaunis_hüüp	NOUN	1
kauniss	ADJ	1
kaunistamine	NOUN	1
kaunistus.ja	NOUN	1
kauns	ADJ	1
kaupa	ADV	1
kaupa	NOUN	1
kaupluse_kett	NOUN	1
kaupluse_kettis	NOUN	1
kauplustkett	NOUN	1
kava	ADJ	1
kava	PROPN	1
kava,see	NOUN	1
kava.hommik	NOUN	1
kava.me	NOUN	1
kava_.algus	NOUN	1
kavadkontsert	NOUN	1
kaval	NOUN	1
kavalam	ADJ	1
kavandama	VERB	1
kavandamine	NOUN	1
kavas.teisema	NOUN	1
kavas:võistlus,turniirid,mängud,jook=sud	PROPN	1
kavatamatus	NOUN	1
kaved_kontsert.pile	NOUN	1
kaver	NOUN	1
kaõik	NOUN	1
ke_llaajal.spordip	NOUN	1
kea	ADJ	1
keava_dkontsert	NOUN	1
kedal	PRON	1
kedeil	PRON	1
kedeit	PRON	1
kee_lelagr	NOUN	1
kee_les.ka	NOUN	1
keedu_kartul	NOUN	1
keegi	NOUN	1
keek	NOUN	1
keeks	NOUN	1
keeksma	VERB	1
keel	PROPN	1
keel._huvi_ring	NOUN	1
keel_eaager	NOUN	1
keel_telütseumine	PROPN	1
keelama	ADJ	1
keelatama	VERB	1
keelatu	ADJ	1
keelatus	NOUN	1
keeld	NOUN	1
keeldima	VERB	1
keeldu	NOUN	1
keele_barier	NOUN	1
keele_kasutus	NOUN	1
keele_kümblus	NOUN	1
keele_laagre=id	NOUN	1
keele_laagrene	NOUN	1
keele_laareg	NOUN	1
keele_oksus	NOUN	1
keele_paabel	NOUN	1
keele_praaktik	NOUN	1
keele_praaktika	NOUN	1
keele_praktika	PROPN	1
keele_pädevus	NOUN	1
keele_rääkimine	NOUN	1
keele_soskus	NOUN	1
keele_struktur	NOUN	1
keele_struktur	PROPN	1
keele_struktuur	PROPN	1
keele_tase	NOUN	1
keele_teadmine	NOUN	1
keele_tund	ADJ	1
keele_tund	NOUN	1
keele_tunne	NOUN	1
keelebarjäär	NOUN	1
keelel_aagrei	NOUN	1
keelelaa_gri	NOUN	1
keelenas	NOUN	1
keelestuk_tuur	NOUN	1
keellama	VERB	1
keelte_lütseum	PROPN	1
keeltekool	NOUN	1
keema	VERB	1
keemia_hoone	PROPN	1
keemia_labor	NOUN	1
keemia_ravi	NOUN	1
keemia_rünnak	NOUN	1
keemia_tund	NOUN	1
keemia_õpetaja	NOUN	1
keemija	NOUN	1
keemik	NOUN	1
keemikas	NOUN	1
keep	VERB	1
keeramine	NOUN	1
keerd_käik	NOUN	1
keerge	ADJ	1
keerlema	VERB	1
keersus	NOUN	1
keeruliselt	ADV	1
keerus	ADJ	1
keestma	VERB	1
keestmine	NOUN	1
keetmine	NOUN	1
keev	NOUN	1
keevin	NOUN	1
keevitama	VERB	1
keffir	NOUN	1
keha_kasvatus	NOUN	1
keha_linek_asvataja	NOUN	1
keha_osa	NOUN	1
keha_rakk	NOUN	1
kehailne	ADJ	1
kehal	ADJ	1
kehaline-kasvatus	NOUN	1
kehalise-kasvatus	NOUN	1
kehane	NOUN	1
keheline	ADJ	1
kehnikum	NOUN	1
kehra.edu.ee	NOUN	1
kehrama	VERB	1
kehtav	VERB	1
kehtesta=tud	ADJ	1
kehtetu	ADJ	1
kehtma	VERB	1
kehtsestama	VERB	1
keik	DET	1
keila_s,kontsert	PROPN	1
keis_riik	NOUN	1
keisse	PRON	1
keki	NOUN	1
keks	NOUN	1
keksimi_ne,ne	ADJ	1
keksma	VERB	1
keksu	NOUN	1
kekuvaatama	VERB	1
kelass	NOUN	1
keldris,k	NOUN	1
kelei	NOUN	1
kelell	ADV	1
kelelle	NOUN	1
kelg	NOUN	1
kelguta=mine	NOUN	1
kelgutama	VERB	1
kell	PRON	1
kell 08	NUM	1
kell-10-00	NUM	1
kell-12.00	NUM	1
kell.12.00	NUM	1
kell.see	ADJ	1
kell1	NOUN	1
kell10:00	NUM	1
kell11:00-13	NUM	1
kell12	NOUN	1
kell12:	NUM	1
kell13	NUM	1
kell13.00	NUM	1
kell14	NOUN	1
kell15.00	NUM	1
kell16,30	NUM	1
kell16.00	NUM	1
kell16.30-19.00	NUM	1
kell18:00	NUM	1
kell20.00	NUM	1
kell_aeg	NOUN	1
kella16.00.me	NOUN	1
kella_sepp	NOUN	1
kellaja	NOUN	1
kellama	NOUN	1
kellast-kellann	NOUN	1
kelle_asepp	NOUN	1
kellkas	ADJ	1
kellkas	NOUN	1
kellneli	NUM	1
keln	NOUN	1
kelner	ADJ	1
kelu	PRON	1
kemia	NOUN	1
kemps	NOUN	1
kena	NOUN	1
kenam	ADJ	1
kenu	NOUN	1
kenv	ADJ	1
keor	NOUN	1
kepe	NOUN	1
keraamiline	ADJ	1
keraja	NOUN	1
keramika	NOUN	1
kereildama	VERB	1
kerg_ejõustik,mängid,_jalgpall	NOUN	1
kerg_liiklus	NOUN	1
kerge_meelne	ADJ	1
kergeb	ADJ	1
kergejõ_ustiklast	NOUN	1
kergejõust_ikturnir	NOUN	1
kergejõustik,korvpall	NOUN	1
kergejõustiku_võistlus	NOUN	1
kergel	ADJ	1
kergendatult	ADV	1
kergenduma	VERB	1
kergliiklus_tee	NOUN	1
kerl	NOUN	1
kes_klina	NOUN	1
kes_klinnas.pidu	PROPN	1
kes_kuses.konsert	NOUN	1
kes_kusesse.ootan	NOUN	1
kesau_hind	NOUN	1
kesine	ADJ	1
kesk	ADP	1
kesk=konnasäästlikum	ADJ	1
kesk_ealine	ADJ	1
kesk_kona	NOUN	1
kesk_konnasaastatus	NOUN	1
kesk_kooli_haridus	NOUN	1
kesk_lina	NOUN	1
kesk_paik	NOUN	1
kesk_poole	NOUN	1
kesk_põhjus	PROPN	1
kesk_väljak	PROPN	1
keskeevpositiiv=sus	NOUN	1
keskendumis	NOUN	1
keskendunud	ADJ	1
keski	PRON	1
keskkonn	NOUN	1
keskkonn_aproblee	NOUN	1
keskkonna_saastus	NOUN	1
keskkonna_sõbralik	ADJ	1
keskkonnas_õbralik	ADJ	1
keskkonnasaastatud	NOUN	1
keskkoolilõpetaja	NOUN	1
kesklinnas.seal	NOUN	1
keskne	ADJ	1
keskondma	VERB	1
kesks_taadion	NOUN	1
keskta_semt	NOUN	1
keskus._pida	PROPN	1
keskus.seal	NOUN	1
keskus_sess	NOUN	1
keskuse_see	NOUN	1
keskusene	NOUN	1
keskuses,_kell	NOUN	1
keskuses._pida	PROPN	1
keskuses_.ahi	NOUN	1
keskuses_se.seal	NOUN	1
keskusesse.me	NOUN	1
keskust,24.05.2019	NOUN	1
keslähtema	VERB	1
kesnema	VERB	1
kess	NOUN	1
kest=nud	ADJ	1
kestavus	NOUN	1
kestel	ADP	1
kestma	NOUN	1
kestmine	NOUN	1
ketsima	VERB	1
ketta_heide	NOUN	1
ketta_heit	NOUN	1
kettavine	NOUN	1
kev_adkonsert	NOUN	1
kev_adkontsert	PROPN	1
keva_deko_nsert.konsert	NOUN	1
keva_dekontserd	NOUN	1
keva_dekontsert.ta	NOUN	1
keva_dekotsert	NOUN	1
keva_dkontnserd	NOUN	1
keva_dkontsedile.konsert	NOUN	1
keva_dkontsert	PROPN	1
keva_dkontsert,mis	NOUN	1
keva_dkontsert,see	NOUN	1
keva_dkontsertile.see	NOUN	1
keva_dpeolt	NOUN	1
keva_dpidus	NOUN	1
keva_dpit	NOUN	1
keva_gkontsert	NOUN	1
kevad_konsert,mis	NOUN	1
kevad_kontsert.keva_kontser	NOUN	1
kevad_kontsert.konsert	NOUN	1
kevad_luuletus	NOUN	1
kevad_peod	NOUN	1
kevad_peog	NOUN	1
kevad_vahea=ja	NOUN	1
kevade_peo	NOUN	1
kevade_peol	NOUN	1
kevade_peos	NOUN	1
kevade_poe	NOUN	1
kevadekonsert.see	NOUN	1
kevadekonsertile.ootama	VERB	1
kevadekonsertile.see	NOUN	1
kevadekontserd	NOUN	1
kevadekontsert.kevadekontsert	NOUN	1
kevadekontsert.kontsert	NOUN	1
kevadekontserti.kontsert	NOUN	1
kevadelaat	NOUN	1
kevadevahe_aeg	NOUN	1
kevaditi	VERB	1
kevadkondsert.see	ADJ	1
kevadkonsert.ta	NOUN	1
kevadkonserti.konsert	NOUN	1
kevadkonstert.konstert	NOUN	1
kevadkonstert.see	ADJ	1
kevadkont_sert.ma	NOUN	1
kevadkontne	ADJ	1
kevadkontsedr	NOUN	1
kevadkontser_talk	NOUN	1
kevadkontserdil.kontsert	NOUN	1
kevadkontsert.saame	NOUN	1
kevadkontsert@_mail.ru	NOUN	1
kevadkontserts	NOUN	1
kevadp_eog	NOUN	1
kevad“	NOUN	1
kevad“	PROPN	1
kevakontserd@gmail.com	NOUN	1
kg	ADV	1
ki	SCONJ	1
kibedam	ADJ	1
kiber_kiusamine	NOUN	1
kibersportsmeen	NOUN	1
kickboxing	NOUN	1
kida	NOUN	1
kida_keelsem	ADJ	1
kigudele.seal	ADV	1
kihelus	NOUN	1
kihistamine	NOUN	1
kihla	ADV	1
kihnus	NOUN	1
kiht	NOUN	1
kihulane	NOUN	1
kihutav	ADJ	1
kiida=taim	ADJ	1
kiide	NOUN	1
kiidma	VERB	1
kiidu_väärt	ADV	1
kiik	NOUN	1
kiiks	NOUN	1
kiindu=nud	ADJ	1
kiir_eminigi	ADV	1
kiir_jooks	NOUN	1
kiir_kussus	NOUN	1
kiir_rong	NOUN	1
kiir_toid	NOUN	1
kiira_reng	NOUN	1
kiire_jooks	NOUN	1
kiire_järguline	ADJ	1
kiire_loomuline	ADJ	1
kiire_maksja	NOUN	1
kiired.mulle	ADJ	1
kiirelu	ADJ	1
kiirem.palju	ADJ	1
kiiremimi	ADV	1
kiiremin_i,võitis	NOUN	1
kiiremine	ADJ	1
kiiremine	NOUN	1
kiirendus	NOUN	1
kiirenemine	NOUN	1
kiirenev	ADJ	1
kiires	ADJ	1
kiireseti	ADV	1
kiiresi	ADV	1
kiirestama	VERB	1
kiirg	NOUN	1
kiirgama	VERB	1
kiirgav	ADJ	1
kiiri_abi	NOUN	1
kiirinternet	NOUN	1
kiiritama	VERB	1
kiiritus	NOUN	1
kiirkustus	NOUN	1
kiirse=im	ADJ	1
kiirt	ADJ	1
kiirtoit	NOUN	1
kiirue_le,es_tafe	NOUN	1
kiiruse_jooks	NOUN	1
kiirustuma	VERB	1
kiirustus	NOUN	1
kiit	ADJ	1
kiit	NOUN	1
kiitama	VERB	1
kiitamine	NOUN	1
kiitari_mängi=ja	NOUN	1
kiitus_kiri	NOUN	1
kiituskiri	NOUN	1
kiivalt	ADV	1
kiiver.au_hind	NOUN	1
kijrutama	VERB	1
kik	NOUN	1
kika_seen	NOUN	1
kikik	NOUN	1
kild	NOUN	1
kile	NOUN	1
kile_kott	NOUN	1
kiler	NOUN	1
kilke	NOUN	1
kill	X	1
killo_meeter	NOUN	1
killo_meter	NOUN	1
killo_metr	NOUN	1
killu=ke	NOUN	1
killuke	ADJ	1
kilm	NOUN	1
kilo_grame	NOUN	1
kilo_meet	NOUN	1
kilo_meetritel	NOUN	1
kilomeeter,mängima	VERB	1
kilomeetrit.au_hind	NOUN	1
kilometri.ma	NOUN	1
kilpkonn	NOUN	1
kimbutama	VERB	1
kimono	NOUN	1
kimp	NOUN	1
kina	NOUN	1
kina	PROPN	1
kinalalt	ADV	1
kinda=m	ADJ	1
kindalt	ADV	1
kinde_lsu	NOUN	1
kindelt	ADV	1
kindima	VERB	1
kindl_ameelsus	NOUN	1
kindlustamine	NOUN	1
kindo“	PROPN	1
king	PROPN	1
king_sepp	NOUN	1
kinga_pael	NOUN	1
kingema	VERB	1
kingetus	NOUN	1
kingi=tud	ADJ	1
kingi_kaar	NOUN	1
kingi_pakk	NOUN	1
kingitusest.kui	NOUN	1
kingitusi.kinkima	VERB	1
kingitusi.pidu	NOUN	1
kinine	ADJ	1
kinke_kaaart	NOUN	1
kinke_kaard	NOUN	1
kinke_kaart.mulne	NOUN	1
kinkekar	NOUN	1
kinki	NOUN	1
kinkimine	NOUN	1
kinkita=tud	ADJ	1
kinlas	ADJ	1
kinlustama	VERB	1
kinni_kasvamis	NOUN	1
kinni_pan=tud	ADJ	1
kinni_pidama	VERB	1
kinni_pidamine	NOUN	1
kinni_side	NOUN	1
kinnis_idee	NOUN	1
kinnise=m	ADJ	1
kinnita=tud	ADJ	1
kinnitamine	NOUN	1
kinnituma	VERB	1
kinni“	NOUN	1
kinnke	ADJ	1
kinno,mängima	VERB	1
kinno_,kohvik	NOUN	1
kinno_s,da	NOUN	1
kinno_teatrine	NOUN	1
kinnos_,järve	NOUN	1
kino,_film	NOUN	1
kino-maa_ilm	NOUN	1
kino_kaart	NOUN	1
kino_maja	NOUN	1
kino_sfäär	NOUN	1
kinos,jalutama	VERB	1
kinos.tahan	NOUN	1
kinos_,uju	NOUN	1
kinoteater	NOUN	1
kinrdel	NOUN	1
kiosk	NOUN	1
kipitav	ADJ	1
kirelgas	NOUN	1
kirellma	VERB	1
kirem	ADJ	1
kirest	ADV	1
kireta	ADJ	1
kirglikult	ADV	1
kirglikumalt	ADV	1
kirgutama	VERB	1
kiri	VERB	1
kiriku_kell	NOUN	1
kiriku_koja	NOUN	1
kiriku_laul	NOUN	1
kiriku_torn	NOUN	1
kirildama	VERB	1
kirima	VERB	1
kirja,_taha	NOUN	1
kirja.hea	NOUN	1
kirja.tana	NOUN	1
kirja_keel	NOUN	1
kirja_oskamatu	NOUN	1
kirja_pilt	NOUN	1
kirja_sõpr	NOUN	1
kirja_tüüp	NOUN	1
kirja_vea	NOUN	1
kirjake	NOUN	1
kirjale.ootama	NOUN	1
kirjan	NOUN	1
kirjandus_kultuur	NOUN	1
kirjandus_teos	NOUN	1
kirjandus_teose	NOUN	1
kirjanikas	NOUN	1
kirjeldamatult	ADV	1
kirjetama	VERB	1
kirjtuma	VERB	1
kirjulama	VERB	1
kirjuta,mima	VERB	1
kirjuta=mata	ADJ	1
kirjuta=nud	ADJ	1
kirjutaama	VERB	1
kirjutada.head	NOUN	1
kirjutadam	VERB	1
kirjutama	ADJ	1
kirjutame	VERB	1
kirjutame.mina	NOUN	1
kirjutamis_meetod	NOUN	1
kirjutamisü_les_ande	NOUN	1
kirjutanuma	VERB	1
kirjutasin	NOUN	1
kirjutlama	VERB	1
kirjutus_struktuur	NOUN	1
kirsi	NOUN	1
kirsike	NOUN	1
kirst	NOUN	1
kirtutama	VERB	1
kirurgiliselt	ADV	1
kirus	ADJ	1
kirus	NOUN	1
kirutama	VERB	1
kisa	NOUN	1
kisamis	NOUN	1
kisendav	ADJ	1
kiskama	VERB	1
kiski	PRON	1
kistma	VERB	1
kitarr_iõping	NOUN	1
kitarri,l_aulm	NOUN	1
kitarri_mees	NOUN	1
kitarri_ring	NOUN	1
kitjutama	VERB	1
kits	ADJ	1
kitsa_saine	NOUN	1
kitsam	ADJ	1
kitsas	NOUN	1
kitsaselt	ADV	1
kitsendama	VERB	1
kittakas	ADJ	1
kittar	NOUN	1
kittukas	ADJ	1
kitu_kassaab	NOUN	1
kiudama	VERB	1
kivi_kuju	NOUN	1
kivi_paljand	NOUN	1
kivi_põhjus	NOUN	1
kivi_sütt	NOUN	1
kivi_tükk	NOUN	1
kivi_visk	NOUN	1
kivi_õli	PROPN	1
kivi_õlis	NOUN	1
kivim	NOUN	1
kivine	ADJ	1
kivis	NOUN	1
kiši	NOUN	1
kkui	NOUN	1
kla-ss	NOUN	1
klaarima	VERB	1
klaasi_kaaslas	NOUN	1
klaasi_õde	NOUN	1
klaasi_õpetaja	NOUN	1
klaasikaaslased.pilet	NOUN	1
klaasikaline	ADJ	1
klaaveri_ga,loem	NOUN	1
klahv_pill	NOUN	1
klahvi_vajutus	NOUN	1
klall	NOUN	1
klamp	NOUN	1
klapi_telefon	NOUN	1
klappimine	NOUN	1
klarnet	NOUN	1
klas_sikaasane	NOUN	1
klas_sikaastane	NOUN	1
klasdma	NOUN	1
klasi_juhataja	NOUN	1
klasi_kaaslane	NOUN	1
klasi_kaastlane	NOUN	1
klasij_uhata	NOUN	1
klasika_astlane	NOUN	1
klasika_slane	NOUN	1
klasis	NOUN	1
klass	PROPN	1
klass,7a,7d	NOUN	1
klass,_jalg	NOUN	1
klass,_teine	NOUN	1
klass,a	NOUN	1
klass,m	NOUN	1
klass,ne	NOUN	1
klass,ta	NOUN	1
klass._tõvl	NOUN	1
klass.kui	NOUN	1
klass.meie	NOUN	1
klass.meil	NOUN	1
klass.mina	NOUN	1
klass.mull	NOUN	1
klass.ne=m	NOUN	1
klass.panna	NOUN	1
klass.seal	NOUN	1
klass.tegima	NOUN	1
klass_i,me	NOUN	1
klass_ikaastlane	NOUN	1
klass_iõe	NOUN	1
klass_iõpelane	NOUN	1
klass_iõpilane	NOUN	1
klass_läht	VERB	1
klass_sõit	VERB	1
klass_võitnud	ADJ	1
klassi.korv_pall	NOUN	1
klassi.ne	NOUN	1
klassi.sea	NOUN	1
klassi_d.mi	NOUN	1
klassi_fond	NOUN	1
klassi_ga.s	NOUN	1
klassi_juhatal	NOUN	1
klassi_juhetaja	NOUN	1
klassi_kaasla	NOUN	1
klassi_kaaslane	PROPN	1
klassi_kaaslastega.see	ADJ	1
klassi_karaadio	NOUN	1
klassi_karaadio	PROPN	1
klassi_kaslased.ma	NOUN	1
klassi_kokkutulevik	NOUN	1
klassi_naaber	NOUN	1
klassi_pilt	NOUN	1
klassi_poiss	NOUN	1
klassi_segi	NOUN	1
klassi_sist	NOUN	1
klassi_sõpr	NOUN	1
klassi_vahedeline	ADJ	1
klassi_vahelus	NOUN	1
klassi_venad	NOUN	1
klassi_õle	NOUN	1
klassi_ülem	NOUN	1
klassi_üritus	NOUN	1
klassid,7d,3a	NOUN	1
klassid._auhinn	NOUN	1
klassid.ja	NOUN	1
klassid.ma	NOUN	1
klassid.meil	NOUN	1
klassid_,õpetaja	NOUN	1
klasside_ga.k	NOUN	1
klassiek_skurioon	NOUN	1
klassieks_kursiooni	NOUN	1
klassig_ailm	NOUN	1
klassiga,a	NOUN	1
klassiga_eksursioon	NOUN	1
klassigaekskursioon	NOUN	1
klassigaekskursiooni_le.m	NOUN	1
klassijuhataja.ootan	NOUN	1
klassijuhataja.riieta=tud	ADJ	1
klassik_aaskane	NOUN	1
klassik_aslas	NOUN	1
klassika_asla	NOUN	1
klassika_muusika	NOUN	1
klassika_täht	NOUN	1
klassikaa-sla	NOUN	1
klassikaa_sle	NOUN	1
klassikaal	ADJ	1
klassikaas	NOUN	1
klassikaas_laeg	NOUN	1
klassikaasla	NOUN	1
klassikaasla_sed,nema	NOUN	1
klassikaaslaased.tahan	NOUN	1
klassikaaslane,maria	NOUN	1
klassikaaslanemas	NOUN	1
klassikaaslas_deg	NOUN	1
klassikaaslas_eed	NOUN	1
klassikaaslased,õpetaja	NOUN	1
klassikaaslased.see	NOUN	1
klassikaaslased_.spord	NOUN	1
klassikaaslaslane	NOUN	1
klassikaaslasteg_a.sell	NOUN	1
klassikaline	NOUN	1
klassikalise=m	ADJ	1
klassikalisem	ADJ	1
klassikalist_muusika	NOUN	1
klassikas	NOUN	1
klassikas_laas	NOUN	1
klassikas_lastel	NOUN	1
klassikaslaaset	NOUN	1
klassikaslne	ADJ	1
klassikasslan_e.mull	NOUN	1
klassikastla	NOUN	1
klassil_käime	NOUN	1
klassilon	NOUN	1
klassima	NOUN	1
klassinaaber	NOUN	1
klassiruumi-suurune	ADJ	1
klassis	NOUN	1
klassis,_keel	NOUN	1
klassis,mängima	NOUN	1
klassis.ma	NOUN	1
klassis_,siis	NOUN	1
klassis_.mui	NOUN	1
klassist,ja	NOUN	1
klassist.tema	NOUN	1
klassist_,auhinn	NOUN	1
klassistulema	VERB	1
klassitsism	NOUN	1
klassiõ_petaja	NOUN	1
klassiõpetajakorraldama	VERB	1
klassiõpilane	NOUN	1
klassja	NOUN	1
klasslahema	VERB	1
klasslähebekskursioon	NOUN	1
klasss	NOUN	1
klassud.me	NOUN	1
klave_rimangija	NOUN	1
klave_rimängija	NOUN	1
klaver_iõping	NOUN	1
klaveri_lugu	NOUN	1
klaveri_mängija	NOUN	1
klaveri_pirin	NOUN	1
klaveri_tunn	NOUN	1
klaveri_õping	NOUN	1
klavitetp	NOUN	1
kleidi,_jalk	NOUN	1
kleit.kohtuma	NOUN	1
klepima	VERB	1
kleps	NOUN	1
klepsutama	VERB	1
kliendite_enindus	NOUN	1
klienditeeninda=mine	NOUN	1
klienl	NOUN	1
klienti_teenindaja	NOUN	1
kliim	NOUN	1
klijenditee_nindaja	NOUN	1
klimberdama	VERB	1
kllas	NOUN	1
kllass	NOUN	1
kloni	NOUN	1
klooster	NOUN	1
klsss	NOUN	1
klub	NOUN	1
klubi_kaaslane	NOUN	1
klubi_rütm	NOUN	1
klubis.pit	NOUN	1
kluubi,sea	NOUN	1
klõbistama	VERB	1
klõpsima	VERB	1
klõun	NOUN	1
km10	NOUN	1
kmets@gmail.com	NOUN	1
knkurs	NOUN	1
koba	NOUN	1
kobakas	ADJ	1
kod	NOUN	1
kod_upiirkond	NOUN	1
koda	NOUN	1
kodanikku8	NOUN	1
kodanikua_lgatus	NOUN	1
kodanikuaktiiv=sus	NOUN	1
kodar	NOUN	1
kodeeri=tud	ADJ	1
kodeerima	VERB	1
kodemus	NOUN	1
kodu_abiline	NOUN	1
kodu_aiad	NOUN	1
kodu_hoov	NOUN	1
kodu_juu	NOUN	1
kodu_kant	NOUN	1
kodu_kasvatus	NOUN	1
kodu_kino	NOUN	1
kodu_koha	NOUN	1
kodu_kohane	NOUN	1
kodu_kohus	NOUN	1
kodu_koka	NOUN	1
kodu_leht	PROPN	1
kodu_lähe	NOUN	1
kodu_maaline	ADJ	1
kodu_restoraan	NOUN	1
kodu_sisustus	NOUN	1
kodu_tänav	NOUN	1
kodu_töö	PROPN	1
kodu_töö_,min	NOUN	1
kodu_tütar	NOUN	1
kodu_tütreks	NOUN	1
koduh	NOUN	1
kodukant	NOUN	1
kodukas	NOUN	1
koduma_aarmastus	NOUN	1
kodune_tunne	NOUN	1
kodura_joon	NOUN	1
kodus	NOUN	1
kodus,_kell	NOUN	1
kodus,adress	NOUN	1
kodus,mängima	VERB	1
kodus.kell	NOUN	1
kodus_olev	ADJ	1
koduse_töö	NOUN	1
koduseid_töö	NOUN	1
koduseidülessanded	NOUN	1
kodusemalt	ADV	1
kodutu	NOUN	1
kodutöö_kontroll	NOUN	1
koduü_lesand	NOUN	1
koe_vedu	NOUN	1
koera_ga,uju	NOUN	1
kofee	NOUN	1
koffik	NOUN	1
kofhvik	NOUN	1
koge=tud	ADJ	1
kogen	VERB	1
kogenema	VERB	1
kogenu	ADJ	1
kogenum	NOUN	1
kogetav	ADJ	1
koggu	DET	1
kogu	ADJ	1
kogu_aed	NOUN	1
kogu_aegne	ADJ	1
kogu_leht	NOUN	1
kogua_eeg	NOUN	1
kogumik_album	NOUN	1
kogumik_plaad	NOUN	1
kogumine	NOUN	1
kogumis_kast	NOUN	1
kogune=mine	NOUN	1
kogune=nud	ADJ	1
koguneima	VERB	1
kogunemine	NOUN	1
kogunima	VERB	1
koh	NOUN	1
koh_vikusse.kohvik	NOUN	1
koha	NOUN	1
koha.=ja	NOUN	1
koha.kui	NOUN	1
koha.minu	NOUN	1
koha.s_pordip	NOUN	1
koha.us	NOUN	1
koha=tud	ADJ	1
kohakene	NOUN	1
kohal,_esimene	ADJ	1
kohal_olu	NOUN	1
kohaldatud	ADJ	1
kohaletoimeta=mine	NOUN	1
kohaleviibimine	NOUN	1
kohaneja	NOUN	1
kohas	ADP	1
kohas.sea	NOUN	1
kohastu=nud	VERB	1
kohastuslik	ADJ	1
kohat	NOUN	1
kohe	NOUN	1
kohemus	NOUN	1
kohene	ADJ	1
kohha	NOUN	1
kohisev	ADJ	1
kohnuma	VERB	1
kohstuslik	ADJ	1
koht	ADP	1
koht	VERB	1
koht,_praeg	NOUN	1
koht.ma	NOUN	1
koht.s_poordip	NOUN	1
kohta._auhinn	NOUN	1
kohta_olek	NOUN	1
kohtaea	NOUN	1
kohtagi	ADP	1
kohtanik	NOUN	1
kohtas	NOUN	1
kohti	NOUN	1
kohtsert	NOUN	1
kohtu	NOUN	1
kohtu=nu	VERB	1
kohtuma	NOUN	1
kohtumene	PROPN	1
kohtumine,jal_gpall	NOUN	1
kohtumisel/kohting	NOUN	1
kohtumisene	NOUN	1
kohtune	NOUN	1
kohtuv	ADJ	1
kohu_koht	NOUN	1
kohuke	ADV	1
kohuma	VERB	1
kohupiima_pall	NOUN	1
kohus_etundlik	ADJ	1
kohuse_tundik	NOUN	1
kohuse_tundlikkus	NOUN	1
kohuse_tunne	NOUN	1
kohuse_tuntlik	ADJ	1
kohusetu_ndlik	ADJ	1
kohusetundlike=m	ADJ	1
kohustlikult	ADV	1
kohustus_tundlik	ADJ	1
kohustusema	VERB	1
kohustusli_kkue	NOUN	1
kohustuslikkud	ADJ	1
kohv	ADJ	1
kohvi_apparaat	NOUN	1
kohvi_joog	NOUN	1
kohvi_kuda	VERB	1
kohvi_kull	NOUN	1
kohvi_kusse.palun	NOUN	1
kohvi_pauss	PROPN	1
kohvi_valik	NOUN	1
kohvik	VERB	1
kohvika	NOUN	1
kohviku_s.ta	NOUN	1
kohviku_se.v	ADJ	1
kohvikuk	NOUN	1
kohvikune	ADJ	1
kohvikus,mängima	NOUN	1
kohvikus.kohvikk	NOUN	1
kohvikus.ma	NOUN	1
kohvikus_käia	NOUN	1
kohvikuse.pang	NOUN	1
kohvikusm	NOUN	1
kohvikusse,vesi,kooli_riie	NOUN	1
kohvikusse.kohvik	NOUN	1
kohvivik	NOUN	1
kohvri_suurune	ADJ	1
kohvv	NOUN	1
kohy	NOUN	1
koig	DET	1
koige	NOUN	1
koige	PRON	1
koige_pealt	ADV	1
koik	NOUN	1
koike	ADV	1
koike	PRON	1
koikjal	ADV	1
kojama	VERB	1
koju.kui	NOUN	1
koju.mina	NOUN	1
koju.pidama	NOUN	1
koju_jõu	NOUN	1
koju_mees	NOUN	1
koju_vegu	NOUN	1
kojujõudmisrõ=õm	NOUN	1
kok-kuhoidvas	ADJ	1
kok_kamiserialavaldkond	NOUN	1
kok_kuvi	NOUN	1
koka-koola.veel	NOUN	1
koka_raamat	NOUN	1
kokan	NOUN	1
kokha	NOUN	1
kokile	ADV	1
kokitama	VERB	1
kokk_usaamine	NOUN	1
kokk_uvõtus	NOUN	1
kokka	ADP	1
kokka_koolitus	NOUN	1
kokka_kunst	NOUN	1
kokka_vari	NOUN	1
kokkal	NOUN	1
kokki	NOUN	1
kokku_hoid	NOUN	1
kokku_hoidlik	ADJ	1
kokku_hoidlikum	ADJ	1
kokku_hoidva=m	ADJ	1
kokku_hoius	NOUN	1
kokku_kõla	NOUN	1
kokku_lepitud	ADJ	1
kokku_lepp	NOUN	1
kokku_lept	NOUN	1
kokku_panemine	NOUN	1
kokku_puue	NOUN	1
kokku_saa	NOUN	1
kokku_sattumus	NOUN	1
kokku_tulek	NOUN	1
kokku_vete	NOUN	1
kokku_võetud	ADJ	1
kokku_võks	NOUN	1
kokku_võtav	ADJ	1
kokku_võtk	PROPN	1
kokku_võtl	NOUN	1
kokku_võts	NOUN	1
kokku_võtte	NOUN	1
kokku_võttev	ADJ	1
kokkuhoidvustunne	NOUN	1
kokkuk_võte	NOUN	1
kokkulepisema	VERB	1
kokkulepitama	VERB	1
kokkus	ADV	1
kokkutama	VERB	1
koktelli,pärast	ADV	1
koku_kell	NOUN	1
kokurss	NOUN	1
kol	NOUN	1
kol_kümmend	NUM	1
kolama	VERB	1
kolane	NOUN	1
kold	ADJ	1
koledam	ADJ	1
koledasti	ADV	1
kolekti_vide	NOUN	1
kolektiivne	ADJ	1
kolentin	NOUN	1
koletis	NOUN	1
koletus	NOUN	1
koli=nud	ADJ	1
koli_asundus	NOUN	1
koli_kaaslane	NOUN	1
koli_pidu	NOUN	1
koli_vahe_aeg	NOUN	1
koli_vähene	NOUN	1
kolima	NOUN	1
kolisema	VERB	1
koliss	NOUN	1
kolitama	VERB	1
kolkja.lasteas	NOUN	1
koll	DET	1
kollaline	ADJ	1
kollane	NOUN	1
kollatav	ADJ	1
kolledž	PROPN	1
kollektiivne	ADJ	1
kollektsioneerima	VERB	1
kolli_kott	NOUN	1
kolli_õpilane	NOUN	1
kollima	VERB	1
kolm	NOUN	1
kolm,me	NUM	1
kolm,nelja_päev	NOUN	1
kolm-viis	NUM	1
kolm.	NUM	1
kolm._koos	NOUN	1
kolm._spordip	NOUN	1
kolm.kontsert	NOUN	1
kolm.osa	NUM	1
kolm.seal	ADJ	1
kolm.seal	ADV	1
kolm_,kooli_saal	NOUN	1
kolm_apäevalmei=lon	ADJ	1
kolm_kass	PROPN	1
kolm_kentüks	NUM	1
kolm_küment	NUM	1
kolm_nurk	NOUN	1
kolm_päev	NOUN	1
kolma_paev	PROPN	1
kolma_päev	ADV	1
kolma_päeva_lekskursioo	NOUN	1
kolmanal	ADJ	1
kolmanda=l	ADJ	1
kolmandad,neljandad,vis	ADJ	1
kolmands	ADJ	1
kolme-kahekümne	NUM	1
kolme-kordne	ADJ	1
kolme_kordselt	ADV	1
kolme_korruseline	ADJ	1
kolme_kuune	ADJ	1
kolme_kümn	NUM	1
kolme_päev	NOUN	1
kolme_päevaline	ADJ	1
kolme_toa=line	ADJ	1
kolme_ümnmtnd	NUM	1
kolmele-neli	ADJ	1
kolmetein	NUM	1
kolmeteistkümnes	ADJ	1
kolmetoaline	ADJ	1
kolmik	ADJ	1
kolmnes	ADJ	1
kolmtund	NOUN	1
kolmveerand	NUM	1
kolonisaator	NOUN	1
kolossaalne	ADJ	1
kols_eteist	NUM	1
kolumbi_alane	PROPN	1
koluniseen	NOUN	1
kom_mentäär	NOUN	1
koma_päev	NOUN	1
kombes	ADV	1
komenreerima	VERB	1
komenteerima	VERB	1
komentäär	NOUN	1
komfortizon	NOUN	1
komi.kui	NOUN	1
komissioon	NOUN	1
komistama	VERB	1
komleks	NOUN	1
komlma_päev	NOUN	1
komm	ADJ	1
komm	ADV	1
komm	PROPN	1
komme,ja	NOUN	1
komme,me	NOUN	1
kommentaar	PROPN	1
kommentaarid..	NOUN	1
kommentäär	NOUN	1
kommi,_kõik	NOUN	1
kommi.ka	NOUN	1
kommi.mull	NOUN	1
kommi.sport	NOUN	1
kommi_d.spord	NOUN	1
kommi_d.spord	PROPN	1
kommi_karp	NOUN	1
kommi_paber	NOUN	1
kommid,_särk	NOUN	1
kommid-_mess	NOUN	1
kommid.minu	NOUN	1
kommid.need	NOUN	1
kommide_pakk	NOUN	1
kommik	NOUN	1
kommima	VERB	1
kommis	NOUN	1
kommisjon	NOUN	1
kommunikaalne	ADJ	1
kommunikatsiooni_tehnika	NOUN	1
kommunikatsiooniv_õimalus	NOUN	1
kommunikeerima	VERB	1
kommunism	NOUN	1
kommuun	NOUN	1
komp_juteri_mäng	NOUN	1
kompaan	NOUN	1
kompaktsem	ADJ	1
kompaktsus	NOUN	1
kompanija	NOUN	1
kompenseerimine	NOUN	1
kompeteentne	ADJ	1
kompeteetne	ADJ	1
kompetents	NOUN	1
kompimine	NOUN	1
kompinseerima	VERB	1
kompiteentne	ADJ	1
kompleks	ADJ	1
kompleksne	ADJ	1
komplekt	NOUN	1
komplektsem	ADJ	1
komplimenteerima	VERB	1
komposeerima	VERB	1
kompott	NOUN	1
kompromiis	NOUN	1
kompromis_lahendus	NOUN	1
komputeerimis_kiirus	NOUN	1
komputer	NOUN	1
komtaar	NOUN	1
komunitseerima	VERB	1
komöödia_näitus	NOUN	1
kona	NOUN	1
kondakt	NOUN	1
kondiiteer	NOUN	1
kondiitri_toode	NOUN	1
konditer	NOUN	1
konditioneer	NOUN	1
konert	NOUN	1
konfe_reentsium	NOUN	1
konfeet	NOUN	1
konferents	NOUN	1
konferentsaal	NOUN	1
konflik	NOUN	1
konflikteerima	VERB	1
konfliktud	NOUN	1
konh	NOUN	1
konkors	NOUN	1
konkreetsem	ADJ	1
konkreetsemalt	ADV	1
konkur_sid,m	NOUN	1
konkureeruma	VERB	1
konkurents_võime	NOUN	1
konkurentsioon	NOUN	1
konkurentsivõimeline	ADJ	1
konkuret	NOUN	1
konkurrss	NOUN	1
konkursi.	NOUN	1
konkursid,magustoit,5	NOUN	1
konkursid.ja	NOUN	1
konkursis.t	NOUN	1
konkursse,hüppama	NOUN	1
konkurst	NOUN	1
kono	NOUN	1
konrraldama	VERB	1
konser	NOUN	1
konser_dil,hea	NOUN	1
konserdi_ie,ne	NOUN	1
konserdile.kontsert	NOUN	1
konserdile.see	NOUN	1
konserdimajas.konsert	NOUN	1
konserdis.see	NOUN	1
konseridile.konsert	NOUN	1
konsert.konsert	NOUN	1
konsert.kontsert	NOUN	1
konserti,sööm	NOUN	1
konsertikoo_lis,kell	NOUN	1
konsertima_jas,_kell	NOUN	1
konserv	NOUN	1
konservatiivse=m	ADJ	1
konservatism	NOUN	1
konservativne	ADJ	1
konservatoorium	NOUN	1
konsetrt	NOUN	1
konsirvatiivne	ADJ	1
konsool	NOUN	1
konsooli_pult	NOUN	1
konspekteerima	VERB	1
konsterdil	NOUN	1
konstrt	NOUN	1
konstruerimine	NOUN	1
konstruktiivse=lt	ADV	1
konstsert	NOUN	1
konstuktiivne	ADJ	1
konstuktiivselt	ADV	1
konsultant	NOUN	1
konsultatsinoon	NOUN	1
konsurtreri=tud	ADJ	1
kont	NOUN	1
kontaaktand_med-	NOUN	1
kontak	NOUN	1
kontaks_andmed	PROPN	1
kontakt:5544332211	NOUN	1
kontakti_andmed	NOUN	1
kontaktinfo	NOUN	1
kontaktne	ADJ	1
kontaktselt	ADV	1
kontekt	NOUN	1
konteser	NOUN	1
konto_jääk	NOUN	1
kontodevõrgustik	NOUN	1
kontori_töö	NOUN	1
kontos	NOUN	1
kontra_bass	NOUN	1
kontrasertiu	NOUN	1
kontrastne	ADJ	1
kontrol	NOUN	1
kontroli=mine	NOUN	1
kontrolli=matu	ADJ	1
kontrolli=tud	ADJ	1
kontrollimatus	NOUN	1
kontrolliv	ADJ	1
kontroltöö	NOUN	1
kontrooli_töö	NOUN	1
kontröltöö	NOUN	1
kontse_rt,ne	NOUN	1
kontsent	NOUN	1
kontsentreerimine	NOUN	1
kontsentrerima	VERB	1
kontser_t,see	NOUN	1
kontserd_il.ma	NOUN	1
kontserdi-korraldaja	NOUN	1
kontserdi.ma	NOUN	1
kontserdi_holl	NOUN	1
kontserdi_külastus	NOUN	1
kontserdi_la,ne	NOUN	1
kontserdi_le,m	NOUN	1
kontserdij_maja	NOUN	1
kontserdil	NOUN	1
kontserdil.see	ADJ	1
kontserdile,sea	NOUN	1
kontserdile.kasa	NOUN	1
kontserdile.kui	NOUN	1
kontserdile.minu	NOUN	1
kontserdile.ootama	VERB	1
kontserdile.sea	NOUN	1
kontserdile_,ärg	NOUN	1
kontserdis	NOUN	1
kontserdis.lapset	NOUN	1
kontseri_maja	NOUN	1
kontserit	NOUN	1
kontsert,teine	ADJ	1
kontsert.konsert	NOUN	1
kontsert.see	NOUN	1
kontsert.ta	NOUN	1
kontserti.ma	NOUN	1
kontserti.te	NOUN	1
kontsertides,sünnipäevades,kohvik	NOUN	1
kontsertim_aeg	NOUN	1
kontsertima	VERB	1
kontserts	NOUN	1
kontsertt	NOUN	1
kontserttuur	NOUN	1
kontservatiivne	ADJ	1
kontsett	PROPN	1
kontsret	NOUN	1
kontuma	VERB	1
konverents_ruum	NOUN	1
koo-rdinaator	NOUN	1
koodi	NOUN	1
koodu	NOUN	1
koogi_retsept	NOUN	1
koohtuma	VERB	1
koohvi_masiin	NOUN	1
kooi	NOUN	1
koois	NOUN	1
kook,krõpsud,_mahl	NOUN	1
kook.kui	NOUN	1
kooka	NOUN	1
kookama	VERB	1
kookema	VERB	1
kooki_,uju	NOUN	1
kooki_võistlus	NOUN	1
kookis	NOUN	1
kooks	ADV	1
kooksima	VERB	1
kooku	ADV	1
kool,	NOUN	1
kool,1-2	NOUN	1
kool,spordi_päev	NOUN	1
kool.14.com	NOUN	1
kool.22@gmail.com	NOUN	1
kool._selne	NOUN	1
kool.ee	NOUN	1
kool.mulle	NOUN	1
kool.spordip	NOUN	1
kool@_mail.ru	NOUN	1
kool_iekmamine	NOUN	1
kool_iekskursioon	NOUN	1
kool_ileht@ma_il.ru	NOUN	1
kool_ilõ_pureisil	NOUN	1
kool_ilõuna_söök	NOUN	1
kool_iraamat_ukog	NOUN	1
kool_iva_heala	NOUN	1
kool_ivaheaja	NOUN	1
kool_ivaheajaalgus	NOUN	1
kool_melaste=line	ADJ	1
koolamet@hot.ee	NOUN	1
koolane	ADJ	1
kooli,siis	NOUN	1
kooli-aja_lugu	NOUN	1
kooli-disko	NOUN	1
kooli-maja	NOUN	1
kooli.ajaleht@gmail.com	ADJ	1
kooli.ajaleht@gmail.com	NOUN	1
kooli.ajaleht@mail.ee	ADJ	1
kooli.ajalehte@mail.ee	NOUN	1
kooli.m	NOUN	1
kooli.see	NOUN	1
kooli_aadress	NOUN	1
kooli_aasta	PROPN	1
kooli_abi	NOUN	1
kooli_aja_lugu	NOUN	1
kooli_ajaleht@com	NOUN	1
kooli_ars	NOUN	1
kooli_arvuti	NOUN	1
kooli_aste	NOUN	1
kooli_buss	NOUN	1
kooli_d,na	NOUN	1
kooli_eel_arve	NOUN	1
kooli_ele	NOUN	1
kooli_elune	NOUN	1
kooli_esindus	NOUN	1
kooli_festival	NOUN	1
kooli_gümnaasium	NOUN	1
kooli_hinne	NOUN	1
kooli_info	NOUN	1
kooli_jaok	NOUN	1
kooli_juhataja	NOUN	1
kooli_juhtkond	NOUN	1
kooli_kaaslnt	NOUN	1
kooli_kaslane	NOUN	1
kooli_kava	NOUN	1
kooli_kirjanik	NOUN	1
kooli_kiusamine	NOUN	1
kooli_komitee	NOUN	1
kooli_lehe	NOUN	1
kooli_lehe_külg	NOUN	1
kooli_lehi	NOUN	1
kooli_lõpetaja	NOUN	1
kooli_lõpetamine	NOUN	1
kooli_majj	NOUN	1
kooli_muusika	NOUN	1
kooli_müts	NOUN	1
kooli_naaber	NOUN	1
kooli_noor	NOUN	1
kooli_periood	NOUN	1
kooli_pilt	NOUN	1
kooli_ping	NOUN	1
kooli_plats	NOUN	1
kooli_poolne	ADJ	1
kooli_proekt	NOUN	1
kooli_raadio	NOUN	1
kooli_raamatu_kogu	NOUN	1
kooli_ring	NOUN	1
kooli_rühm	NOUN	1
kooli_s,atrium	NOUN	1
kooli_s,kas	NOUN	1
kooli_s,me	NOUN	1
kooli_s,ree	NOUN	1
kooli_s.kool	NOUN	1
kooli_s.p	NOUN	1
kooli_s.p	PROPN	1
kooli_sein	NOUN	1
kooli_sisene	ADJ	1
kooli_sisese=lt	ADV	1
kooli_sõber	NOUN	1
kooli_süüs	NOUN	1
kooli_tantsu	NOUN	1
kooli_teadmine	NOUN	1
kooli_teater	NOUN	1
kooli_tootaja	NOUN	1
kooli_tunnistus	NOUN	1
kooli_tüdruk	NOUN	1
kooli_vae_aeg	NOUN	1
kooli_vahe	NOUN	1
kooli_vaheaia	NOUN	1
kooli_vahevaja	NOUN	1
kooli_vägivalla	NOUN	1
kooli_väliselt	ADV	1
kooli_võti	NOUN	1
kooli_õhtu	NOUN	1
kooli_õpelane	NOUN	1
kooli_õping	NOUN	1
kooli_õppilane	NOUN	1
kooli_ülemus	NOUN	1
kooli_üllatus	NOUN	1
koolia_paratuur	NOUN	1
koolia_sja	NOUN	1
kooliaatrium	NOUN	1
kooliadm_inistratsioon	NOUN	1
kooliai	NOUN	1
kooliajalehs	NOUN	1
kooliajaleht555@gmail.com	NOUN	1
kooliajaleht@.com	NOUN	1
kooliajaleht@pahklimae.edu.ee	NOUN	1
kooliaktiiv	NOUN	1
kooliamet@.com	NOUN	1
kooliansambel.as	NOUN	1
kooliansamblid.pilet	NOUN	1
kooliasta	NOUN	1
koolieelikud.pilet	NOUN	1
koolielu@tln.ee	NOUN	1
kooliga.mina	NOUN	1
koolihuviting@mail.com	NOUN	1
kooliinfopäevad@gmail.com	NOUN	1
koolija	NOUN	1
koolika	NOUN	1
koolikaaslas_las	NOUN	1
koolikas	NOUN	1
koolil@gmail.com	NOUN	1
koolilehelt	NOUN	1
koolileht@gmail.com	SYM	1
koolileht@kool_.ee	NOUN	1
koolilekt	NOUN	1
koolio_mav_alitsus	NOUN	1
kooliomavalistuma	NOUN	1
koolipargisspordi_päev	NOUN	1
koolipäev@gmail.com	NOUN	1
kooliraadio	NOUN	1
koolis,_klass	NOUN	1
koolis,_sell	NOUN	1
koolis,ol	NOUN	1
koolis,sport_saal	NOUN	1
koolis._sinn	NOUN	1
koolis._sport	NOUN	1
koolis.algama	VERB	1
koolis.k_irjutan	NOUN	1
koolis.kohtuma	NOUN	1
koolis.me	NOUN	1
koolis.mina	NOUN	1
koolis.seak	NOUN	1
koolis.spordip	NOUN	1
koolis/_üli_kool	NOUN	1
koolis/tööl/_kodu	NOUN	1
koolis_,aga	NOUN	1
koolis_,and	NOUN	1
koolis_,aul	NOUN	1
koolis_,siis	NOUN	1
koolis_.kons	NOUN	1
koolis_.osa	NOUN	1
koolis_.spor	PROPN	1
koolis_käimine	NOUN	1
koolisait	NOUN	1
koolispordi_päev	NOUN	1
koolist,jook_sin,ja	NOUN	1
koolist.ma	NOUN	1
koolist.seal	NOUN	1
koolistaadionil.see	ADJ	1
koolistadiionis.spordip	NOUN	1
koolistadionil.see	ADJ	1
koolistadioon_il.me	NOUN	1
koolita	NOUN	1
koolitama	VERB	1
koolitus_firma	NOUN	1
koolitus_programm	NOUN	1
koolivaha_aeg	NOUN	1
koolivahe_ajg	NOUN	1
koolivahea_aeg	NOUN	1
koolivaheaja	NOUN	1
kooliveebi_leht	NOUN	1
kooliõppilass	NOUN	1
koolkond	NOUN	1
koollimber	NOUN	1
koolu_töö	NOUN	1
kooma	VERB	1
koomeedija	NOUN	1
koomiliselt	ADV	1
koompanija	NOUN	1
koonsert	NOUN	1
koool	NOUN	1
koopa	NOUN	1
kooperatiivsus	NOUN	1
kooperima	VERB	1
koor.en	NOUN	1
kooraldus_komitee	NOUN	1
kooras	ADV	1
kooras	NOUN	1
koord	NOUN	1
koordinaalne	ADJ	1
kooreke	NOUN	1
koori-muusika	NOUN	1
koori_juht	NOUN	1
koori_laulja	NOUN	1
koori_ring	NOUN	1
koori_tund	NOUN	1
koorid,ansambel	NOUN	1
koorid.kui	NOUN	1
koorima	NOUN	1
koorinaator	NOUN	1
koorraldama	VERB	1
koorter	NOUN	1
koorus	NOUN	1
koos,mängima	NOUN	1
koos,räägima	VERB	1
koos.o_limi	NOUN	1
koos_jures	ADV	1
koos_kõlasta=tud	VERB	1
koos_tõõk	NOUN	1
koos_töövalm	ADJ	1
koos_viibimis	NOUN	1
koosjäähali,seal	ADV	1
koostis	VERB	1
koostöösõbraliku=m	ADJ	1
koosviibimine	NOUN	1
koosvõtama	VERB	1
koot	NOUN	1
kootma	VERB	1
kopeeri=mine	NOUN	1
kopsu_põletikkugi	NOUN	1
kor_ralduskommiteet	NOUN	1
kor_vpall	NOUN	1
koralda	NOUN	1
koralda=tud	ADJ	1
koraldamine	NOUN	1
koralik	ADJ	1
korall	NOUN	1
korama	VERB	1
koras	ADV	1
kord	ADJ	1
korda_minek	NOUN	1
korda_mööda	ADV	1
korda_saatmine	NOUN	1
kordamine	NOUN	1
kordineerima	VERB	1
kordne	ADJ	1
kords	NOUN	1
korduv	ADJ	1
korekteerima	VERB	1
korektne	ADJ	1
koreo_graafia	NOUN	1
korgem	ADJ	1
korigeerima	VERB	1
korilus	NOUN	1
koristamis_töö	NOUN	1
koristatud.veel	NOUN	1
koristus_kampaania	NOUN	1
koristus_päev	NOUN	1
korj	NOUN	1
korjama	ADJ	1
korjuma	VERB	1
kork_pall	NOUN	1
kormus	NOUN	1
korona_viru	NOUN	1
koronna	NOUN	1
koronoviirus	NOUN	1
korook	NOUN	1
koroona-kriis	ADJ	1
koroona_piirang	NOUN	1
koroona_puhang	NOUN	1
korpus	NOUN	1
korra_ldastaja	NOUN	1
korradama	VERB	1
korral_dapp	NOUN	1
korraldam_kontsert	NOUN	1
korraldane	NOUN	1
korraldane	VERB	1
korraldasimine	NOUN	1
korraldumine	NOUN	1
korraldus_komi	NOUN	1
korraldus_komiteid	NOUN	1
korraldus_komittee	NOUN	1
korraldus_meeskond	NOUN	1
korraldus_plaan	NOUN	1
korraldus_töö	NOUN	1
korraldusekomiteet	NOUN	1
korraldusk_omiteed	NOUN	1
korraldusko_mited	NOUN	1
korraldusko_miteetega	NOUN	1
korralduskomiteedig=a	NOUN	1
korralduskomiteeinformeerima	VERB	1
korralgus	NOUN	1
korralikem	ADJ	1
korralikum	ADJ	1
korramini	ADV	1
korrasgr_ammatika	NOUN	1
korrastama	VERB	1
korrdama	VERB	1
korrdamine	NOUN	1
korregeerima	VERB	1
korrekselt	ADV	1
korrekteeruma	VERB	1
korrektsioon	NOUN	1
korrektuu_rpliiats	NOUN	1
korretselt	ADV	1
korristaja	NOUN	1
korrter	NOUN	1
korru_sel.t	NOUN	1
korruse_l,aul	NOUN	1
korrusel,planeet	NOUN	1
korrutama	VERB	1
koru	NOUN	1
koru_sel.	NOUN	1
koru_sel.ne	ADJ	1
korv	ADV	1
korv-,jalg	NOUN	1
korv_pall.tahan	NOUN	1
korv_palli,se	NOUN	1
korv_palli.a	NOUN	1
korv_palli_auhi	NOUN	1
korv_palll	NOUN	1
korva_klapp	NOUN	1
korval	ADV	1
korvi_viska=mine	NOUN	1
korvi_viskamine	NOUN	1
korvpali	ADV	1
korvpali.spordipaev	NOUN	1
korvpall	NOUN	1
korvpall(	NOUN	1
korvpall,jalgpall,jookse=mine	NOUN	1
korvpall,võrk_pall	NOUN	1
korvpall,võrkpall,jooks_eme	NOUN	1
korvpall.meil	NOUN	1
korvpall_ikoondis	NOUN	1
korvpall_imängima	NOUN	1
korvpall_irõnga	NOUN	1
korvpalli,jalgpalli,sulgp=alne	NOUN	1
korvpalli,jalgpalli,võrkpallli,_pali	NOUN	1
korvpalli,jookse=m	ADJ	1
korvpalli,jooksnud	ADJ	1
korvpalli,tegima	NOUN	1
korvpalli,võrg_pall	NOUN	1
korvpalli,võrkpalli,jalgpalli	NOUN	1
korvpalli.jalg_pall	NOUN	1
korvpalli.kasas	NOUN	1
korvpalli.koos	NOUN	1
korvpalli.ma	NOUN	1
korvpalli.spordip	NOUN	1
korvpalliahi=nu	NOUN	1
korvpalliga,jalg_pall	NOUN	1
korvtiim	NOUN	1
kos	ADP	1
kos	ADV	1
kos	NOUN	1
kos_tike	NOUN	1
kosm_eetoloogia	NOUN	1
kosmose_laev	NOUN	1
kosmose_reis	NOUN	1
kosnema	VERB	1
koss	NOUN	1
kostel	NOUN	1
kostev	ADJ	1
kostitama	VERB	1
kostum	NOUN	1
kostuum	NOUN	1
kostuumid.ma	NOUN	1
kosvama	VERB	1
kota	NOUN	1
kotijoks	NOUN	1
kotkas	NOUN	1
kotlema	NOUN	1
kotlet	NOUN	1
kotserdile.kontsert	NOUN	1
kott.meie	NOUN	1
kotti_joks	NOUN	1
kotti_tejoo	NOUN	1
kottijooks,rahvaste_pall	NOUN	1
kottijooks,teate_jook	NOUN	1
kottima	VERB	1
kotu	NOUN	1
kotv_pall	NOUN	1
kou_töö	NOUN	1
koureerima	VERB	1
kovi	ADJ	1
kovid-virus	NOUN	1
kpha	NOUN	1
kpmme	NUM	1
kprraldama	VERB	1
kraana	NOUN	1
kraani_juht	NOUN	1
kraani_kaus	NOUN	1
kraav	NOUN	1
krabi	NOUN	1
kradi	NOUN	1
kratus	NOUN	1
kreatiivselt	ADV	1
kreatiivsem	ADJ	1
kreativne	ADJ	1
krediit_kaart	NOUN	1
kreeka	ADJ	1
kreem_supe	NOUN	1
kreepsakas	NOUN	1
kregem	ADJ	1
kretiseerima	VERB	1
krid	NOUN	1
kriim	ADJ	1
kriisi_olu_kord	NOUN	1
kriisiolu_korda	NOUN	1
kriiskama	VERB	1
kriistlane	NOUN	1
kriitikaline	ADJ	1
kriitka	NOUN	1
kriminull	NOUN	1
kring	NOUN	1
krinkel	NOUN	1
krinn	NOUN	1
kristiina20@gmail.com	SYM	1
kristlik	ADJ	1
kritiline	ADJ	1
kritiseeri=v	VERB	1
kroos	NOUN	1
kropsu_d,juu	NOUN	1
krora	NOUN	1
kross,jalg_pall	NOUN	1
krossi_jookne	NOUN	1
krossi_jooksus	NOUN	1
krossjooks	NOUN	1
krossvort	NOUN	1
krovi	NOUN	1
krtiiline	ADJ	1
kruasaan	NOUN	1
kruiisi_laev	NOUN	1
krupp	NOUN	1
kruusa_kate	NOUN	1
kruusa_tee	NOUN	1
kruvi_kael	NOUN	1
kruvi_keeraja	NOUN	1
kruvikeera=ja	NOUN	1
krõbe	ADJ	1
krõpp	NOUN	1
krõpsu_d,frii	NOUN	1
kröps	NOUN	1
ksami_periood	NOUN	1
ksvatamine	NOUN	1
ksülofon	NOUN	1
ktsuma	VERB	1
ktusuma	VERB	1
kuduma	VERB	1
kuduüles_anne	NOUN	1
kuen	NOUN	1
kues	NOUN	1
kuha	ADV	1
kuhagi	ADV	1
kuhja	NOUN	1
kuhju=nud	ADJ	1
kuhugine	NOUN	1
kuhume_lähem	NOUN	1
kuhustus	NOUN	1
kuhuti	NOUN	1
kui,halb	ADJ	1
kuiagi	ADV	1
kuid	ADV	1
kuidagilt	ADV	1
kuidagit_pidi	ADV	1
kuidgi	ADV	1
kuidus	ADV	1
kuig	SCONJ	1
kuigi...	PUNCT	1
kuiilm	NOUN	1
kuik	NOUN	1
kuik	SCONJ	1
kuim	NOUN	1
kuis	ADV	1
kuisas	ADV	1
kuitas	ADV	1
kuivat	NOUN	1
kuivati	NOUN	1
kuivatus_kapt	NOUN	1
kuj	ADV	1
kujuke	NOUN	1
kujund	NOUN	1
kujundus	NOUN	1
kujunduslikult	ADV	1
kujunev	ADJ	1
kujur	NOUN	1
kujutamine	NOUN	1
kujutamis_võime	NOUN	1
kujutav	ADJ	1
kujuteldav	ADJ	1
kujutis	NOUN	1
kujutus	NOUN	1
kukalt	NOUN	1
kukel	NOUN	1
kukes	NOUN	1
kukk	NOUN	1
kukkumine	NOUN	1
kukkus	VERB	1
kukla	NOUN	1
kukutama	VERB	1
kul_turi	NOUN	1
kulastamine	NOUN	1
kulatamine	NOUN	1
kuld_keskne	ADJ	1
kuld_kollane	ADJ	1
kuld_nokk	PROPN	1
kuld_sepp	NOUN	1
kulda_väärt	ADV	1
kuldme_dall	NOUN	1
kuldmedalit,neljas	ADJ	1
kulelema	VERB	1
kulg	NOUN	1
kulge	NOUN	1
kulinaar	NOUN	1
kulinaaria	NOUN	1
kulk	NOUN	1
kull	ADV	1
kulla	ADJ	1
kulla	NOUN	1
kulla_karvaline	ADJ	1
kullaltki	ADV	1
kullane	ADJ	1
kullene	NOUN	1
kulli,_mäng	VERB	1
kulli.veel	NOUN	1
kulli_mäng	NOUN	1
kulsa	ADJ	1
kulsa	NOUN	1
kulsas	NOUN	1
kulsima	VERB	1
kulsu	NOUN	1
kulsus	ADJ	1
kult	NOUN	1
kult_uurihuviline	NOUN	1
kultuama	VERB	1
kultuur_keel	NOUN	1
kultuuri_elu	NOUN	1
kultuuri_soone	NOUN	1
kultuuri_vahetus	NOUN	1
kultuuri_üritus	NOUN	1
kultuuriaka_deemia	NOUN	1
kultuurikeskuses.pida	NOUN	1
kultuurilinesa_al.ma	NOUN	1
kultuurim_aastik	NOUN	1
kultuurivaldkond	NOUN	1
kultuursem	ADJ	1
kulu=nud	ADJ	1
kulus	NOUN	1
kulutama	NOUN	1
kumb	ADJ	1
kumb	PRON	1
kumbki	DET	1
kumerus	NOUN	1
kumik	NOUN	1
kumisuline	ADJ	1
kumitama	VERB	1
kumitamine	NOUN	1
kumm	ADJ	1
kumm	NOUN	1
kumme	ADJ	1
kumme,-spor	NOUN	1
kummik	VERB	1
kummitus	NOUN	1
kummme	NUM	1
kumnest-kaheksateistkümneni	NUM	1
kumu	PROPN	1
kumus	PROPN	1
kun	SCONJ	1
kuna	ADV	1
kunag	ADV	1
kungi	ADJ	1
kungi	NOUN	1
kuni_nglikkuperekond	NOUN	1
kuniks	ADV	1
kuninglik	ADJ	1
kuns_tigaler	NOUN	1
kuns_tiring,ne	NOUN	1
kunst,ja	NOUN	1
kunst_kamer	NOUN	1
kunst_muru	NOUN	1
kunst_muuseum	NOUN	1
kunsti_festivaal	NOUN	1
kunsti_hobi	NOUN	1
kunsti_loomine	NOUN	1
kunsti_näitus	NOUN	1
kunsti_stuudio	NOUN	1
kunsti_tund	NOUN	1
kunstik	NOUN	1
kunstikool.ee	NOUN	1
kunstim_uuseum	PROPN	1
kunstimuuseum	NOUN	1
kunstir_ingk	NOUN	1
kunstiteooria	NOUN	1
kunstlik	ADJ	1
kunstnik...	NOUN	1
kunstnik_umuuseum	NOUN	1
kunstniku_kool	NOUN	1
kunt	NOUN	1
kuntsnik	NOUN	1
kunu	NOUN	1
kuoh	NOUN	1
kupong	NOUN	1
kuraator	NOUN	1
kurat	NOUN	1
kurb,sesy	ADJ	1
kurbe,	NOUN	1
kurbuma	VERB	1
kurbustama	VERB	1
kurd	NOUN	1
kurdama	VERB	1
kurdistama	VERB	1
kurdistamine	NOUN	1
kurdistuma	VERB	1
kure	NOUN	1
kurgi	NOUN	1
kuri_kasutatak	VERB	1
kuri_kuulna	ADJ	1
kuri_tahtlik	ADJ	1
kuri_tarv	VERB	1
kuri_tarvitama	VERB	1
kuri_tarvitav	VERB	1
kuri_teguja	NOUN	1
kuri_tegutne	NOUN	1
kuri_töö	NOUN	1
kurit_arvitamine	NOUN	1
kurj	ADJ	1
kurja_tegelane	NOUN	1
kurjam	ADJ	1
kurjamine	NOUN	1
kurjas	ADJ	1
kurju	ADJ	1
kurjustama	VERB	1
kurk	NOUN	1
kurnama	VERB	1
kurp	ADJ	1
kurp	NOUN	1
kurrus	NOUN	1
kurse	NOUN	1
kurssus	NOUN	1
kursu	NOUN	1
kursul	NOUN	1
kursuma	VERB	1
kursus_eosa	NOUN	1
kursuse_aeg	NOUN	1
kursuste_kool	NOUN	1
kursuste_korraldaja	NOUN	1
kurt	ADJ	1
kurusne	NOUN	1
kuruss	NOUN	1
kurust	NOUN	1
kurusus	NOUN	1
kurv	VERB	1
kurva_kõlaline	ADJ	1
kurva_laadne	ADJ	1
kurva_sisuline	ADJ	1
kurvalt	ADV	1
kurvama	VERB	1
kurvastavalt	ADV	1
kurvemalt	ADV	1
kurvestama	VERB	1
kus	NOUN	1
kus._tans	NOUN	1
kus_koht	NOUN	1
kus_tiganes	ADV	1
kusakil	ADV	1
kusi	NOUN	1
kusida,siis	ADV	1
kusija	NOUN	1
kuskelt	ADV	1
kuskuma	VERB	1
kuss	ADV	1
kuss	NOUN	1
kustalgama	VERB	1
kusti_kool	NOUN	1
kustutamatu	ADJ	1
kusugi	ADV	1
kusuma	VERB	1
kutluur	NOUN	1
kutma	VERB	1
kuts_ehariduskeskus	NOUN	1
kuts_ehariduskeskuse	NOUN	1
kuts_elma	VERB	1
kuts_eõpp_ekeskus	NOUN	1
kutse123405@gmail.com	SYM	1
kutse_ala	NOUN	1
kutse_haridusk_eskuse	PROPN	1
kutse_keskus	NOUN	1
kutse_õppeasut	NOUN	1
kutsekas	NOUN	1
kutsema	NOUN	1
kutsev_alik	NOUN	1
kutsika	NOUN	1
kutsn	VERB	1
kutsu	NOUN	1
kutsu=nud	ADJ	1
kutsu_leht	NOUN	1
kutsuda.seal	ADV	1
kutsuda.ta	NOUN	1
kutsuda.ta	VERB	1
kutsuma	ADJ	1
kutsumus	NOUN	1
kutsus	VERB	1
kutsuta.süni_päev	NOUN	1
kutsutma	VERB	1
kutsuv	ADJ	1
kutsuõ_pikeskus	NOUN	1
kutt	X	1
kuttsuma	VERB	1
kutuur	NOUN	1
kuu_aeg	NOUN	1
kuu_eni.m	NOUN	1
kuu_paev	NOUN	1
kuu_peale	ADV	1
kuu_semets	NOUN	1
kuu_seokane	NOUN	1
kuubi_kujuline	ADJ	1
kuubik	NOUN	1
kuud	NOUN	1
kuue_aastase=lt	ADV	1
kuue_kümnes	ADJ	1
kuued	ADJ	1
kuuekümmne	NUM	1
kuuen	ADJ	1
kuuenda_t,seits	ADJ	1
kuuendaja	ADJ	1
kuuendane	ADJ	1
kuuendik	NOUN	1
kuues-	ADJ	1
kuueteist_aastane	ADJ	1
kuueteistküme	NUM	1
kuueteistkümneaastane	ADJ	1
kuul	ADJ	1
kuul	ADP	1
kuul	VERB	1
kuul_saal	NOUN	1
kuul_saie	NOUN	1
kuul_suna	NOUN	1
kuula=ke	NOUN	1
kuula=nud	ADJ	1
kuula=tav	ADJ	1
kuula_ta,ne	NOUN	1
kuula_ta.laul	NOUN	1
kuulama	NOUN	1
kuulame,mõtleme,joonistame,joome,sööme=ja	NOUN	1
kuulameg	NOUN	1
kuulamis	NOUN	1
kuulamis_kord	NOUN	1
kuulamis_oskus	NOUN	1
kuulamis_tes	NOUN	1
kuulamis_test	NOUN	1
kuulamise_oskus	NOUN	1
kuular	NOUN	1
kuulasime,vaatama	VERB	1
kuulata.pane	NOUN	1
kuulata.veel	NOUN	1
kuulata=vam	ADJ	1
kuulataja	NOUN	1
kuulatamine	NOUN	1
kuulatum	ADJ	1
kuulatus	NOUN	1
kuulav	VERB	1
kuulduv	ADJ	1
kuuli_pilduja	NOUN	1
kuuli_tõuk	NOUN	1
kuuline	ADJ	1
kuulitus	NOUN	1
kuulivisk	NOUN	1
kuulja	NOUN	1
kuulm	ADJ	1
kuulmis	NOUN	1
kuulsak	ADJ	1
kuulsane	ADJ	1
kuulsated	ADJ	1
kuulsud	ADJ	1
kuulsuma	ADJ	1
kuulsus_inimene	NOUN	1
kuulsuse_janu	NOUN	1
kuulsuse_ks..	NOUN	1
kuulsuv	ADJ	1
kuulturi_maja	NOUN	1
kuultuur	NOUN	1
kuulu_jutt	NOUN	1
kuuludama	VERB	1
kuululine	ADJ	1
kuululine	NOUN	1
kuulumine	NOUN	1
kuulus	PROPN	1
kuulus_maa_ilm	NOUN	1
kuulusem	ADJ	1
kuulustus	NOUN	1
kuuluta=tud	ADJ	1
kuulutamine	NOUN	1
kuulutur	NOUN	1
kuulutus	ADJ	1
kuuluvus	NOUN	1
kuum	NOUN	1
kuumem	ADJ	1
kuumita=mine	NOUN	1
kuun	NOUN	1
kuuresaarel,mängima	PROPN	1
kuuresti	ADV	1
kuuria	NOUN	1
kuurija	NOUN	1
kuursus	NOUN	1
kuus	VERB	1
kuus._peol	NOUN	1
kuus.kevadekontsert	NOUN	1
kuus.see	NOUN	1
kuus.sinna	NOUN	1
kuus_,õht	NOUN	1
kuus_kumend	NUM	1
kuus_kümment	NUM	1
kuus_teist	ADJ	1
kuus_teist	NOUN	1
kuuse_oks	NOUN	1
kuusken	NOUN	1
kuuskil	ADV	1
kuusl	ADJ	1
kuusla	NOUN	1
kuuslus	NOUN	1
kuussama	VERB	1
kuustei-staastad	ADJ	1
kuutama	VERB	1
kuutus	NOUN	1
kuv	NOUN	1
kvalifikatsion	NOUN	1
kvalifitseeri=tud	ADJ	1
kvalite	NOUN	1
kvaliteetse=malt	ADV	1
kvaliteetsem	ADJ	1
kvsi	NOUN	1
kyidama	VERB	1
käae_pall	NOUN	1
käaima	VERB	1
käassijuhatajale+37254444444	NOUN	1
käe_laba	NOUN	1
käe_pigistus	NOUN	1
käe_sirutus	NOUN	1
käe_ulatus	NOUN	1
käekirjutamine	NOUN	1
käel	ADP	1
käep	VERB	1
käes	NOUN	1
käes_hoitav	ADJ	1
käes_olev	NOUN	1
käes_olev	PROPN	1
kägistama	VERB	1
kähmlus	NOUN	1
käi	NOUN	1
käi=nud	VERB	1
käi=v	ADJ	1
käia	NOUN	1
käidma	VERB	1
käige	ADV	1
käigukast	NOUN	1
käiia	VERB	1
käiima	VERB	1
käija	VERB	1
käije	NOUN	1
käik	VERB	1
käima	NOUN	1
käimemeremuuseum_isi	NOUN	1
käingma	VERB	1
käis_olev	ADJ	1
käise	NOUN	1
käisimeekskursion	NOUN	1
käitama	VERB	1
käitav	ADJ	1
käitu_seus	NOUN	1
käitumin	NOUN	1
käitumis_liin	NOUN	1
käitumis_mall	NOUN	1
käitumis_muster	NOUN	1
käitumis_reegel	NOUN	1
käitumisviiskoos_töö	NOUN	1
käituvus	NOUN	1
käive	NOUN	1
käivituma	VERB	1
käja	VERB	1
käks	NUM	1
käma	NOUN	1
käpu_täis	NOUN	1
kära	NOUN	1
kära_rikas	ADJ	1
kärbei	NOUN	1
kärbes	NOUN	1
kärbseseen	NOUN	1
kärjäär	NOUN	1
kärjääri_võimalus	NOUN	1
kärru	NOUN	1
kärsi=tud	ADJ	1
kärsitu	ADJ	1
käs_olev	PROPN	1
käsi	ADP	1
käsi	ADV	1
käsi-kirjutanud	ADJ	1
käsi-käe	NOUN	1
käsi-käes	NOUN	1
käsi_keld	NOUN	1
käsil	ADV	1
käsile	ADV	1
käsipallitrenn	NOUN	1
käsitlev	ADJ	1
käsitma	VERB	1
käsitsemine	NOUN	1
käskimine	NOUN	1
käskiv	ADJ	1
käsklus	NOUN	1
kässi_pall	NOUN	1
käsutus	NOUN	1
käte_mälu	NOUN	1
kätkema	VERB	1
kätse_mees	NOUN	1
kätsi	NOUN	1
kätte_saaja	NOUN	1
kätterä_tik_,vet	NOUN	1
kätuma	VERB	1
kätumine	NOUN	1
kääest	NOUN	1
kääima	VERB	1
käändi	NOUN	1
kääne=mine	NOUN	1
kääne_vorm	NOUN	1
käänetlema	VERB	1
kääni	NOUN	1
kääs	VERB	1
kääsi	NOUN	1
kääst	ADP	1
kääst	NOUN	1
kóike	PRON	1
kõdunemine	NOUN	1
kõge_pealt	ADV	1
kõgi	ADV	1
kõgi	NOUN	1
kõgi_pealt	ADV	1
kõhe	ADJ	1
kõhkle=v	ADJ	1
kõhklema	VERB	1
kõhklemata	ADV	1
kõhklevalt	ADV	1
kõhn	ADJ	1
kõhtu	NOUN	1
kõhtuma	VERB	1
kõhus	NOUN	1
kõhvik	NOUN	1
kõi	DET	1
kõid	PRON	1
kõide	ADV	1
kõie	NOUN	1
kõig_ide	PRON	1
kõige	NOUN	1
kõige_peat	ADV	1
kõige_rohkem	ADJ	1
kõige_rohkem	ADV	1
kõigee	PRON	1
kõigem	ADJ	1
kõigest	DET	1
kõigi	DET	1
kõigi_külgselt	ADV	1
kõigi_pealt	ADV	1
kõigik	DET	1
kõihe	ADV	1
kõik	NOUN	1
kõik,_rohkem	NOUN	1
kõik,_varem	ADV	1
kõik,ev	ADJ	1
kõik,is	PRON	1
kõik,kes	PRON	1
kõik,oli	ADV	1
kõik_võimne	ADJ	1
kõik_võims	ADJ	1
kõike-kõike	PRON	1
kõike_hea	NOUN	1
kõiki!!!!	PUNCT	1
kõikidest...	DET	1
kõikja	ADJ	1
kõikja	DET	1
kõikja	NOUN	1
kõikke	PRON	1
kõikteoor	NOUN	1
kõima	VERB	1
kõit	DET	1
kõitvalt	ADV	1
kõjk	NOUN	1
kõki	NOUN	1
kõla	VERB	1
kõla_pulk	NOUN	1
kõla_varjund	NOUN	1
kõlaliselt	ADV	1
kõle	ADJ	1
kõlk	NOUN	1
kõmisema	VERB	1
kõna_keel	NOUN	1
kõne_aine	NOUN	1
kõne_logi	NOUN	1
kõne_pidaja	NOUN	1
kõne_viis	NOUN	1
kõne_vääriv	ADJ	1
kõne_võistlus	NOUN	1
kõneta=v	ADJ	1
kõnetav	ADJ	1
kõni	NOUN	1
kõnni=v	ADJ	1
kõnu	NOUN	1
kõpsu_põletik	NOUN	1
kõrb	NOUN	1
kõrg	NOUN	1
kõrg_aeg	NOUN	1
kõrg_hetk	NOUN	1
kõrg_matemaatika	NOUN	1
kõrg_mäestik	NOUN	1
kõrg_palkaline	ADJ	1
kõrg_punkt	NOUN	1
kõrg_rate	NOUN	1
kõrg_tasu	NOUN	1
kõrg_tehnoloogia	NOUN	1
kõrg_tehnoloogiline	ADJ	1
kõrg_ushü_ppejooks	NOUN	1
kõrge	NOUN	1
kõrge_ksami	NOUN	1
kõrge_palgaline	ADJ	1
kõrge_palgalis	ADJ	1
kõrge_tase	NOUN	1
kõrgenama	VERB	1
kõrgendama	VERB	1
kõrgendatud	ADJ	1
kõrgendik	NOUN	1
kõrges	ADJ	1
kõrgtehnoloogilise=m	ADJ	1
kõrgus_hüppe	NOUN	1
kõrgusele.au_hind	NOUN	1
kõrgust,_mäng	VERB	1
kõrgust,hüppama	NOUN	1
kõrk	NOUN	1
kõrkjane	ADJ	1
kõrv	ADJ	1
kõrv_pali	NOUN	1
kõrv_pallimatš	NOUN	1
kõrva_klapita	NOUN	1
kõrva_küla	NOUN	1
kõrva_probleem	NOUN	1
kõrvak_uulmine	NOUN	1
kõrval(	ADP	1
kõrval_olev	ADJ	1
kõrval_tegur	NOUN	1
kõrval_tuba	NOUN	1
kõrvaldama	VERB	1
kõrvaldamine	NOUN	1
kõrvale_kalle	NOUN	1
kõrvaln_ähtus	NOUN	1
kõrvas	ADJ	1
kõrveta=v	ADJ	1
kõrvetama	VERB	1
kõrvi=tsa	NOUN	1
kõrvu_lukustav	ADJ	1
kõrvuti	ADV	1
kõuts	NOUN	1
kõval	ADJ	1
kõver	ADJ	1
kõver_peegel	NOUN	1
kõõgi_asi	NOUN	1
kõõima	VERB	1
köev_edu	NOUN	1
köevedu,korv_pall	NOUN	1
kögi	NOUN	1
kögi_vili	NOUN	1
köhi	NOUN	1
köhu	NOUN	1
köieve_edu	NOUN	1
köievedu	NOUN	1
köieveo	NOUN	1
köige	ADV	1
köima	VERB	1
köivedu	NOUN	1
körk	NOUN	1
köögi_laud	NOUN	1
köögi_riist	NOUN	1
köögi_ruum	NOUN	1
köögi_tarvik	NOUN	1
köögi_tehnika	NOUN	1
köögimine	NOUN	1
köögk	NOUN	1
küalstama	VERB	1
kübar	ADJ	1
küber_sõda	NOUN	1
küituma	VERB	1
kükitamine	NOUN	1
kül	NOUN	1
küla_lised,kes	NOUN	1
küla_vahe	NOUN	1
külake	NOUN	1
külaline	ADJ	1
külalis_lahk	ADJ	1
külalis_lahke	ADJ	1
külaliste_ruum	NOUN	1
külam	NOUN	1
külanine	NOUN	1
külasta	NOUN	1
külastamatt	ADJ	1
külaste_maja	NOUN	1
külastus	NOUN	1
külatstama	VERB	1
küle	NOUN	1
külje_all	NOUN	1
küljest	ADP	1
küljg	NOUN	1
külla	NOUN	1
küllaga	ADV	1
küllaldaselt	ADV	1
küllaldki	ADV	1
küllaline	NOUN	1
küllas	ADV	1
küllastaja	NOUN	1
küllastamine	NOUN	1
küllastu=nud	ADJ	1
külm.me	NOUN	1
külm_kape	NOUN	1
külma_kraad	NOUN	1
külmik	ADJ	1
külmik	NOUN	1
külmkapi_suurus	ADJ	1
küme	NUM	1
kümend	NUM	1
kümme	NOUN	1
kümme.me	NUM	1
kümmes	ADJ	1
kümmme	NUM	1
kümmne	NUM	1
kümnand	ADJ	1
kümnas	ADJ	1
kümne_aastane	ADJ	1
kümnendama	ADJ	1
kümnendama	VERB	1
kümnendik	NUM	1
kümneng	NUM	1
kümnest-kolm	NUM	1
kümnest-nelja	NUM	1
kümus	NOUN	1
küngas	NOUN	1
künklik	ADJ	1
künm	NOUN	1
küpe	NOUN	1
küpseid,_vaatane	NOUN	1
küpsem	ADJ	1
küpsem	VERB	1
küpseta=tud	ADJ	1
küpsetane	NOUN	1
küpsetsetama	VERB	1
küpsetus	NOUN	1
küpsis	ADJ	1
küsemus	NOUN	1
küsi	NOUN	1
küsi_mus,mis	NOUN	1
küsida,mill	NOUN	1
küsida,paluma	VERB	1
küsiimus	NOUN	1
küsimene	NOUN	1
küsimine	NOUN	1
küsimu_sed,	NOUN	1
küsimu_sed,s	NOUN	1
küsimud	NOUN	1
küsimus_,siis	NOUN	1
küsimuse_d,helista	NOUN	1
küsimused,helistama	VERB	1
küsimusi,helistma	VERB	1
küsimusi,paluma	NOUN	1
küsimusne	NOUN	1
küsitav	ADJ	1
küsite_mild	NOUN	1
küsitlema	VERB	1
küsitlik	ADJ	1
kütima	VERB	1
kütkesta=v	ADJ	1
kütkestama	VERB	1
kütkestav	ADJ	1
kütma	VERB	1
küüber	NOUN	1
küüla	NOUN	1
küülastama	VERB	1
küüll	NOUN	1
küünal	VERB	1
küünel	NOUN	1
küünla_id,võim	NOUN	1
küürselg	NOUN	1
küüs_lauk	NOUN	1
küüsima	VERB	1
küüsis	ADP	1
kōik	DET	1
l.tamm@mail.ee	NOUN	1
la	CCONJ	1
la_ualas.spordip	PROPN	1
la_uratamm@gmail.com	PROPN	1
laad,_seal	NOUN	1
laada_päev	NOUN	1
laadne	ADJ	1
laag_rialgus	NOUN	1
laag_rida	NOUN	1
laag_rimenüü	NOUN	1
laagen	NOUN	1
laagen	PROPN	1
laager	PROPN	1
laagr_ikaaslane	NOUN	1
laagri-sol	NOUN	1
laagri_elu	NOUN	1
laagri_hoone	NOUN	1
laagri_kääik	NOUN	1
laagri_laul	NOUN	1
laagri_maja	NOUN	1
laagri_päev	NOUN	1
laagrikorral=dus	NOUN	1
laagrikorralda=ja	NOUN	1
laagriline	ADJ	1
laagris,see	NOUN	1
laagrsr	NOUN	1
laalmine	NOUN	1
laamelda=mine	NOUN	1
laameldamine	NOUN	1
laamendam	VERB	1
laamende=mine	NOUN	1
laar	NOUN	1
laarer	NOUN	1
laarg	NOUN	1
laas_tundlik	ADJ	1
laase_rzone	PROPN	1
laasema	VERB	1
laastama	ADJ	1
laaste_koor	NOUN	1
labaselt	ADV	1
labbor	NOUN	1
labi	ADJ	1
labi	NOUN	1
labi_murdeline	ADJ	1
labidas	NOUN	1
labidates	NOUN	1
labima	VERB	1
laboratoor	NOUN	1
laboratöör	NOUN	1
labürint	NOUN	1
laek	NOUN	1
lael	NOUN	1
laema	VERB	1
laenama	VERB	1
laenda=mata	ADJ	1
laenda=tud	ADJ	1
laeng	NOUN	1
laenma	VERB	1
laeva_pilet	NOUN	1
laevama	VERB	1
lage	ADJ	1
lagedale	ADV	1
lagedi	NOUN	1
lagune=v	ADJ	1
lagunematu	ADJ	1
lagunenud	ADJ	1
lagunenult	ADV	1
lagunev	ADJ	1
lahama	VERB	1
lahandama	VERB	1
lahatama	VERB	1
lahe	VERB	1
lahe...	ADV	1
lahe_maa	NOUN	1
lahedaim	ADJ	1
lahedal	ADP	1
lahedasem	ADJ	1
lahedus	NOUN	1
lahemeek_skursioon	NOUN	1
lahen-dama	VERB	1
lahendam	NOUN	1
lahendamis_oskus	NOUN	1
lahendamisp_raktika	NOUN	1
lahendav	ADJ	1
lahendus_käik	NOUN	1
laheng	NOUN	1
lahengas	NOUN	1
lahentama	VERB	1
lahetamine	NOUN	1
laheteiskumnenna	ADJ	1
lahetma	VERB	1
lahingu_masin	NOUN	1
lahja	ADJ	1
lahk_arvamus	NOUN	1
lahka_rvamus	NOUN	1
lahkama	VERB	1
lahkamine	NOUN	1
lahke	PROPN	1
lahke.(	PUNCT	1
lahke=m	ADJ	1
lahkem	ADJ	1
lahkema	PUNCT	1
lahkhel	ADJ	1
lahku=nud	ADJ	1
lahku_minek	NOUN	1
lahkus	ADJ	1
lahkusem	ADJ	1
lahkuv	ADJ	1
lahm	ADJ	1
lahme	VERB	1
laht_arvamus	NOUN	1
lahterdama	VERB	1
lahtigi	ADV	1
lahtiselt	ADV	1
lahtuma	VERB	1
lahumine	NOUN	1
lahustus	NOUN	1
laiahaardeliselt	ADV	1
laialdama	VERB	1
laialdasemalt	ADV	1
laialdasus	NOUN	1
laiali_valgun	ADJ	1
laialti	ADV	1
laias.see	NOUN	1
laiedamine	NOUN	1
laiema	VERB	1
laienda=mine	NOUN	1
laijama	VERB	1
laik	NOUN	1
laimama	VERB	1
laine_pikkus	NOUN	1
lainetama	VERB	1
lais_kvorst	NOUN	1
laiselema	VERB	1
laisk_vorsti	NOUN	1
laiskav	ADJ	1
laisklema	VERB	1
laiskma	VERB	1
laisksus	NOUN	1
laisku	ADJ	1
laiskvo=rst	NOUN	1
laist	ADJ	1
laitmatu	ADJ	1
laitmatult	ADV	1
laitmatus	ADJ	1
laiutama	VERB	1
laiuv	ADJ	1
laki	NOUN	1
lakkamatu	ADJ	1
laks	NOUN	1
laksma	VERB	1
lalg_pall	NOUN	1
lali	NOUN	1
lalulama	VERB	1
lamama	VERB	1
lamentamine	NOUN	1
lammutaja	NOUN	1
lampk	NOUN	1
lanendus	NOUN	1
langemine	NOUN	1
langenud	ADJ	1
langetus	NOUN	1
langus	NOUN	1
laos	NOUN	1
laos	VERB	1
lapama	VERB	1
lape	NOUN	1
lapetama	VERB	1
lapik_maalane	NOUN	1
laps,a	NOUN	1
laps.s_pordip	NOUN	1
laps_epõlve_kodu	NOUN	1
lapse_aeg	NOUN	1
lapse_dpile	NOUN	1
lapse_iga	NOUN	1
lapse_polv	NOUN	1
lapse_põlve_kodus	NOUN	1
lapse_põlve_mälestus	NOUN	1
lapse_põlve_unistus	NOUN	1
lapse_põlvene	NOUN	1
lapse_põlveunistus	NOUN	1
lapse_põlvistu	NOUN	1
lapsed-star	NOUN	1
lapseea	NOUN	1
lapselikum	ADJ	1
lapsema	VERB	1
lapsepõlve_aeg	NOUN	1
lapses_tsaadik	NOUN	1
lapsevanemad.algus	NOUN	1
lapsmo_dell	NOUN	1
lapss_taar	NOUN	1
lapsuke	NOUN	1
laptop	NOUN	1
las_tetub	NOUN	1
lasanja	NOUN	1
laser	NOUN	1
laser-mäng	NOUN	1
laser_mäng	NOUN	1
laserravi	NOUN	1
laserrelvadega.ootama	VERB	1
lasers_trike	PROPN	1
lasev	ADJ	1
lasik	ADJ	1
laske	ADJ	1
lasketiir	NOUN	1
laskmis_mang	NOUN	1
lasna_mäel	NOUN	1
lasna_mäes	NOUN	1
lasna_mäesne	NOUN	1
lasnamä_epirkond	PROPN	1
lasnamäegümnaasium.ee	NOUN	1
lasnamäegümnasium@.com	NOUN	1
lasnä_mael	NOUN	1
laspt	NOUN	1
last_eaija	NOUN	1
lasta	NOUN	1
laste	NOUN	1
laste-kool	NOUN	1
laste.mäng.ru	NOUN	1
laste@_mail.ru	NOUN	1
laste_aad	NOUN	1
laste_aed	VERB	1
laste_aia	NOUN	1
laste_aialaps	NOUN	1
laste_aija	NOUN	1
laste_film	NOUN	1
laste_hoidja	NOUN	1
laste_kaitse	PROPN	1
laste_kaitsepäev	NOUN	1
laste_kasvatamine	NOUN	1
laste_laul	NOUN	1
laste_pilet	NOUN	1
laste_psühholoog	NOUN	1
laste_raam	NOUN	1
laste_raamat	NOUN	1
laste_ruum	NOUN	1
laste_saade	NOUN	1
laste_vaataja	NOUN	1
lasteaia	NOUN	1
lasteaiaealine	ADJ	1
lasteaiast.pilg	NOUN	1
lasteans_aambel	NOUN	1
lastelem_useumi	NOUN	1
lastelk	NOUN	1
lastesünni_päev	NOUN	1
lati	ADV	1
latma	VERB	1
latv	NOUN	1
lau_ljad.lane	NOUN	1
lau_mäng	NOUN	1
lau_päe_vaks	ADJ	1
lau_päeval,1	NOUN	1
lau_päeval,14	NOUN	1
lau_päevane	NOUN	1
laua_mang	NOUN	1
laua_mange	NOUN	1
laua_mäng,hoop	NOUN	1
laua_päva	NOUN	1
laua_väljak	NOUN	1
lauaja_lgpall	NOUN	1
lauama	VERB	1
lauamänge,sööme,_tants	NOUN	1
lauamängudest,kuulama	NOUN	1
lauav	NOUN	1
laud.seal	NOUN	1
laud_põrand	NOUN	1
lauda.see	NOUN	1
lauda_kahe	NOUN	1
laug	NOUN	1
lauilja	NOUN	1
laul_ud.huvi_ring	NOUN	1
laul_ud.p	NOUN	1
laula_man=dud	NOUN	1
laula_mang	NOUN	1
laula_me.	NOUN	1
laulaja	NOUN	1
laulamine	NOUN	1
laulamis_väljak	PROPN	1
laule	NOUN	1
laule.me	NOUN	1
laulija	NOUN	1
laulik	NOUN	1
laulinimesed.pilet	NOUN	1
laulja,_õpetaja	NOUN	1
laulja.kontsert	NOUN	1
lauljad.kontsert	NOUN	1
lauljad.sissep	NOUN	1
lauljama	VERB	1
laulmees.pilet	NOUN	1
laulmis_oskus	NOUN	1
laulmis_tund	NOUN	1
laulmis_tunne	NOUN	1
laulmisarmasta=ja	NOUN	1
laultma	VERB	1
laulu_festivaal	NOUN	1
laulu_hääl	NOUN	1
laulu_hääle	NOUN	1
laulu_kirjutaja	NOUN	1
laulu_klass	NOUN	1
laulu_konkurss	NOUN	1
laulu_lava	NOUN	1
laulu_mäljak	NOUN	1
laulu_rahva	NOUN	1
laulu_rea	NOUN	1
laulu_rida	NOUN	1
laulu_stiil	NOUN	1
laulu_tekst	NOUN	1
laulu_valjak	NOUN	1
laulu_valjakus	NOUN	1
laulu_video	NOUN	1
laulu_väljak	PROPN	1
laulu_õht	NOUN	1
laulu_õpetaja	NOUN	1
laulu_üritus	NOUN	1
lauluväljakul,nelja_päev	NOUN	1
laup	NOUN	1
laup_äeval,_kell	NOUN	1
laupäeval,1=8	NOUN	1
laupäeval,=m	NOUN	1
laupäeval,keld	NOUN	1
laupäeval,mängut_oas,_kell	NOUN	1
laupäeval,õhus	NOUN	1
laupäevalspordi_päpe	NOUN	1
laupäv	NOUN	1
laura,liisa,toomas,_markus	PROPN	1
laura.kask@bk.ee	SYM	1
laura.laht@mail.ee	SYM	1
laura.mets@gmail.com	NOUN	1
laura@gmail.com	ADJ	1
laura@mail.com	NOUN	1
laurasaar@mail.ee	SYM	1
laus_vaikus	NOUN	1
lauto	NOUN	1
lava_hirm	NOUN	1
lava_kunst	NOUN	1
lava_laud	NOUN	1
lava_nimi	NOUN	1
lava_teos	NOUN	1
lavastus	NOUN	1
lazarev	NOUN	1
lazergama	NOUN	1
laü_päev	NOUN	1
le	ADV	1
leadma	VERB	1
leai	NOUN	1
lebav	ADJ	1
leda	DET	1
leebe	ADJ	1
leebeltö_eldes	VERB	1
leebem	ADJ	1
leemik	NOUN	1
leesikas	PROPN	1
leev	NOUN	1
leevendaja	NOUN	1
leevendamine	NOUN	1
leevenduma	VERB	1
leevinduma	VERB	1
legaalne	ADJ	1
legaliseerima	VERB	1
lego-program_meri	NOUN	1
lehe_kulg	NOUN	1
lehe_kulk	NOUN	1
lehed	NOUN	1
lehei_dee	NOUN	1
leheke	NOUN	1
lehes	NOUN	1
lehesa_hina	NOUN	1
lehmad,lamm_ad,hobus	NOUN	1
leht,kus	NOUN	1
leht_mets	NOUN	1
lehvima	VERB	1
lehvitamine	NOUN	1
lehviv	ADJ	1
lei=tav	ADJ	1
leib	ADJ	1
leibkond	NOUN	1
leid	NOUN	1
leidama	VERB	1
leidja	NOUN	1
leidsima	VERB	1
leiduv	ADJ	1
leija	NOUN	1
lein	NOUN	1
leine	ADJ	1
leinma	VERB	1
leit	VERB	1
leitav	ADJ	1
leitutis	NOUN	1
leiut=at	VERB	1
leiuta=tud	ADJ	1
leiutus	NOUN	1
leiva_kääs	NOUN	1
leiva_kääskus	NOUN	1
leiva_päts	NOUN	1
leiva_supp	NOUN	1
lejama	VERB	1
lektor	NOUN	1
lektsioon	NOUN	1
lektsiooni_saal	NOUN	1
lelefon	NOUN	1
lelidma	VERB	1
lem	NOUN	1
lemik_loom	NOUN	1
lemm_ikheli_looja	NOUN	1
lemm_ikõp_eain	NOUN	1
lemmi_kaine	NOUN	1
lemmi_kansambni	NOUN	1
lemmi_kartis	NOUN	1
lemmi_klaulus	NOUN	1
lemmi_kpiloot	NOUN	1
lemmi_kstiil	NOUN	1
lemmi_kõpetaja	NOUN	1
lemmik-võrkpall	NOUN	1
lemmik_kaaslane	NOUN	1
lemmik_kohvik	NOUN	1
lemmik_linn	NOUN	1
lemmik_lugu	NOUN	1
lemmik_meenutus	NOUN	1
lemmik_meloodia	NOUN	1
lemmik_mets	NOUN	1
lemmik_muusikas	NOUN	1
lemmik_näitleja	NOUN	1
lemmik_oppe_ained	NOUN	1
lemmik_palu	NOUN	1
lemmik_pill	NOUN	1
lemmik_seade	NOUN	1
lemmik_stiil	NOUN	1
lemmik_sõber	NOUN	1
lemmik_töö	NOUN	1
lemmik_värv	NOUN	1
lemmika_sja	NOUN	1
lemmikas	NOUN	1
lemmikj_äätt	NOUN	1
lemmikk	ADJ	1
lemmikmeloodia	NOUN	1
lemmikmuusikastiil	NOUN	1
lemmiku=m	ADJ	1
lemmikõppe_taine	NOUN	1
lemmikšo_kolaad	NOUN	1
lemon	NOUN	1
lemonaat	NOUN	1
lenaama	NOUN	1
lenama	VERB	1
lendam	NOUN	1
lendamine	NOUN	1
lendlema	VERB	1
lendma	VERB	1
lendsima	VERB	1
lenneldama	VERB	1
lennu_aakademia	NOUN	1
lennu_akademia	NOUN	1
lennu_akkadeemia	NOUN	1
lennu_jääm	NOUN	1
lennu_kipiilot	NOUN	1
lennu_kipil-oot	NOUN	1
lennu_kitransport	NOUN	1
lennu_kool	PROPN	1
lennu_muuseis	NOUN	1
lennu_plaan	NOUN	1
lennu_rada	NOUN	1
lennu_sada	NOUN	1
lennu_sadamine	NOUN	1
lennu_väli	NOUN	1
lennuaja_lugu	NOUN	1
lennudis_petšer	NOUN	1
lennueriala	NOUN	1
lennuj_uh-t	NOUN	1
lennujaama=lt	NOUN	1
lennuk_ipilot	NOUN	1
lennuki_akadeemia	NOUN	1
lennuki_juhtimine	NOUN	1
lennuki_pilo	NOUN	1
lennukimuu_seum	NOUN	1
lennukis	NOUN	1
lennukis_imulaator	NOUN	1
lennukit_emuuseum	NOUN	1
lennukite_muuseum	NOUN	1
lennukk	NOUN	1
lennup-ilot	NOUN	1
lennupi_lott	NOUN	1
lennusa_adama	PROPN	1
lennused.ved	NOUN	1
lenuk	NOUN	1
lenutama	VERB	1
leo_pard	NOUN	1
leol	NOUN	1
lepe	NOUN	1
leplik	ADJ	1
leppat_riid	NOUN	1
leppi=tud	ADJ	1
leppimine	NOUN	1
lera	NOUN	1
lermi_tage	PROPN	1
lett	VERB	1
letter	NOUN	1
level	NOUN	1
levendamine	NOUN	1
levi_ala	NOUN	1
leviku_ala	NOUN	1
levitamine	NOUN	1
lgama	VERB	1
lgbt	ADJ	1
lhtsalt	ADV	1
liama	VERB	1
liba_hund	NOUN	1
liba_hunt	NOUN	1
liba_uudis	NOUN	1
libaravim	NOUN	1
libe	VERB	1
libeda_sõiduk	NOUN	1
libeda_sõitmine	NOUN	1
libedane	ADJ	1
libema	VERB	1
liberalism	NOUN	1
libistama	VERB	1
liblikalt	NOUN	1
lideda_sõit	NOUN	1
lido	NOUN	1
lift	NOUN	1
ligane	NOUN	1
ligi_pääsetav	ADJ	1
ligi_pääsetavus	NOUN	1
ligidal	ADV	1
ligipääseta=vam	ADJ	1
liha_hunnik	NOUN	1
liha_pall	NOUN	1
liha_pirukas	NOUN	1
liha_toode	NOUN	1
lihaga.t	NOUN	1
lihi_film	NOUN	1
lihne	ADJ	1
lihs	NOUN	1
lihsalt	NOUN	1
lihsama	ADJ	1
liht	ADJ	1
liht_alune	NOUN	1
liht_inimene	NOUN	1
liht_labane	ADJ	1
liht_meelne	ADJ	1
liht_rahv	NOUN	1
liht_rahvas	NOUN	1
liht_töö	NOUN	1
lihtalt	ADV	1
lihtis	ADJ	1
lihtlane	NOUN	1
lihtlaus	NOUN	1
lihtlustama	VERB	1
lihtne	ADV	1
lihtnema	VERB	1
lihts	ADJ	1
lihtsa_meelsem	ADJ	1
lihtsama	VERB	1
lihvi=tud	VERB	1
lihvima	VERB	1
lihvimine	NOUN	1
lii_isa	PROPN	1
lii_tervett.selg	NOUN	1
liialtma	VERB	1
liiati	ADV	1
liiatigi	ADV	1
liiblikas	NOUN	1
liide	NOUN	1
liides	NOUN	1
liidrit_ekursust	NOUN	1
liiga_suur	ADJ	1
liigelda	ADV	1
liigi_kaasla	NOUN	1
liigitama	VERB	1
liiklema	VERB	1
liiklum	NOUN	1
liiklus_huligaan	NOUN	1
liiklus_keeris	NOUN	1
liiklus_ohtlik	ADJ	1
liiklus_ohutus	NOUN	1
liiklus_reegel	NOUN	1
liiklus_vahend	NOUN	1
liikluse_märk	NOUN	1
liiklusv_ahend	NOUN	1
liikm	NOUN	1
liikmeline	ADJ	1
liikuda	ADJ	1
liikum	NOUN	1
liikum_isprobleem	NOUN	1
liikumis_andur	NOUN	1
liikumis_vabadus	NOUN	1
liikumis_üles_anne	NOUN	1
liikune	ADJ	1
liikur	NOUN	1
liikvel	ADV	1
liimitt	NOUN	1
liimo_nadt	NOUN	1
liimon	NOUN	1
liini_pidi	ADV	1
liini_tööline	NOUN	1
liis.koppel@gmail.com	NOUN	1
liis.mets@mail.com	NOUN	1
liisa	ADJ	1
liisa,v_arsti	ADV	1
liisa@g_mail.ne	ADJ	1
liisa_kursus	NOUN	1
liising	NOUN	1
liism@mail.com	NOUN	1
liissaar@gmail.com	ADJ	1
liist	NOUN	1
liit	ADV	1
liitima	VERB	1
liits	NOUN	1
liiv	ADJ	1
liiv	VERB	1
liiva_kook	NOUN	1
liiva_sarn	NOUN	1
liivadel,viskama	VERB	1
liivane	ADJ	1
likksam	ADJ	1
likkuma	VERB	1
likuma	VERB	1
likvideerima	VERB	1
likvideerimine	NOUN	1
lill	PROPN	1
lille	ADJ	1
lille_peale	NOUN	1
lille_pidu	NOUN	1
lille_poes	NOUN	1
lille_pood	NOUN	1
lille_õie	NOUN	1
lillea_asa	NOUN	1
limanaa	NOUN	1
limomnaa	NOUN	1
limona_ad.nauding	NOUN	1
limonaadi_,kuula	NOUN	1
limoon	NOUN	1
limoonadi	NOUN	1
limp	NOUN	1
lindistamine	NOUN	1
lindistus	NOUN	1
lindu	NOUN	1
lineaarne	ADJ	1
lineika	NOUN	1
lingvist.ee	NOUN	1
link	NOUN	1
linlik	ADJ	1
linn_aajaloo	NOUN	1
linna.vana	NOUN	1
linna_ala	NOUN	1
linna_inimene	NOUN	1
linna_kool	NOUN	1
linna_melu	NOUN	1
linna_mägi	NOUN	1
linna_müra	NOUN	1
linna_ots	NOUN	1
linna_piirkond	NOUN	1
linna_pild	NOUN	1
linna_päev	NOUN	1
linna_reis	NOUN	1
linna_serv	NOUN	1
linna_sjalutama	VERB	1
linna_tule	NOUN	1
linna_vaade	NOUN	1
linna_vaatamis_värsus	NOUN	1
linna_valgustus	NOUN	1
linnaad_ministratsion	NOUN	1
linnai_nimes	NOUN	1
linnaja	NOUN	1
linnan_mäkk	NOUN	1
linnas	NOUN	1
linnas,_huvi	NOUN	1
linnas.pane	NOUN	1
linnas.see_jare	NOUN	1
linnastu	NOUN	1
linnastu=mine	NOUN	1
linnastuma	VERB	1
linnastumine	NOUN	1
linnu_lend	NOUN	1
linnu_liik	NOUN	1
linnu_reis	NOUN	1
linnu_tuba	NOUN	1
linnu_vaatam	VERB	1
linnukene	ADJ	1
linnukene	NOUN	1
linu	NOUN	1
lipp_u,jalg_pall	NOUN	1
lipp_uheis	VERB	1
lippudevarasta=mine	NOUN	1
lipton	VERB	1
lipu_laev	ADJ	1
lisa	ADJ	1
lisa	NUM	1
lisa,ma	NOUN	1
lisa_aeg	NOUN	1
lisa_informatsioon	NOUN	1
lisa_keeli	NOUN	1
lisa_kirjandus	NOUN	1
lisa_koolitus	NOUN	1
lisa_koormus	NOUN	1
lisa_kulutus	NOUN	1
lisa_maks	NOUN	1
lisa_motivatsioon	NOUN	1
lisa_oskus	NOUN	1
lisa_probleem	NOUN	1
lisa_seade	NOUN	1
lisa_vigur	NOUN	1
lisa_võimalus	NOUN	1
lisaama	VERB	1
lisaeksam	NOUN	1
lisak	NOUN	1
lisamine	NOUN	1
lisariideid.kui	NOUN	1
liu	NOUN	1
liu_määs	NOUN	1
liu_väljak	NOUN	1
liu_väljal	NOUN	1
liug_klapp	NOUN	1
liustik	NOUN	1
live-bloog	NOUN	1
live-muusika	NOUN	1
livi	NOUN	1
ljublju	ADV	1
llihtne	ADJ	1
llinn	PROPN	1
llma	NOUN	1
lnn	NOUN	1
lobima	VERB	1
lobitsema	VERB	1
lobuma	VERB	1
lobustama	VERB	1
lobustuma	VERB	1
locking	NOUN	1
lodama	VERB	1
lodev	ADJ	1
lodja_puu	NOUN	1
lodusmu_seum	NOUN	1
lodvestuma	VERB	1
loe	NOUN	1
loegu	NOUN	1
loendamatu	ADJ	1
loetamatu	ADJ	1
loetlemine	NOUN	1
loetletud	ADJ	1
loetma	VERB	1
logiline	ADJ	1
logilisem	ADJ	1
logima	VERB	1
logist	NOUN	1
logo_peetud	ADJ	1
lohakus	NOUN	1
loht	NOUN	1
lohu_suu	VERB	1
lohutav	ADJ	1
loid	ADJ	1
loidus	NOUN	1
lojaalne	ADJ	1
lojaalsem	ADJ	1
lokis	ADJ	1
loksa	ADV	1
lolitama	VERB	1
loll	NOUN	1
lollakas	ADJ	1
lolli_jutt	NOUN	1
lollika=m	ADJ	1
lollitamine	NOUN	1
lomade_aed	NOUN	1
loming	NOUN	1
lomm	NOUN	1
lommatega.meil	NOUN	1
lomp	NOUN	1
lomulik	ADJ	1
loo	NOUN	1
loo_ma,linn	NOUN	1
loo_maa_eda.me	NOUN	1
loober	NOUN	1
loobitsema	VERB	1
lood_uslähedane	ADJ	1
loodav	ADJ	1
loodavasti	ADV	1
loodetavalt	ADV	1
loodu	NOUN	1
loodu_sheli	NOUN	1
loodu_skaits_eal	NOUN	1
loodu_skatastroof	NOUN	1
loodu_sklass	NOUN	1
loodu_susk	NOUN	1
loodu_sõbralik	ADJ	1
loodus,_sell	NOUN	1
loodus_armastus	NOUN	1
loodus_film	NOUN	1
loodus_foto	NOUN	1
loodus_hääl	NOUN	1
loodus_kaitse	NOUN	1
loodus_katastroof	NOUN	1
loodus_kaune	ADJ	1
loodus_kaunites	ADJ	1
loodus_lähedus	NOUN	1
loodus_muusem	NOUN	1
loodus_nähtus	NOUN	1
loodus_part	NOUN	1
loodus_pisik	NOUN	1
loodus_saas	NOUN	1
loodus_suund	NOUN	1
loodus_säästlikult	ADV	1
loodus_sõber	NOUN	1
loodus_võlu	NOUN	1
loodusa_vastus	NOUN	1
looduse_hääl	NOUN	1
looduse_laps	NOUN	1
looduse_mees	NOUN	1
looduse_sõber	NOUN	1
loodusem_uuseum	NOUN	1
looduskai_tseal	NOUN	1
loodusmuuseumisse.s=e	ADJ	1
loodusv_äärtus	NOUN	1
loodusõ_petus	NOUN	1
loog	NOUN	1
loogika_ulesand	NOUN	1
loogiselt	ADV	1
lookas	ADJ	1
looklev	ADJ	1
lool	NOUN	1
loom-ad.m	NOUN	1
loom_tunistus	NOUN	1
looma-muuseum	NOUN	1
looma_aeda	NOUN	1
looma_aeda.	NOUN	1
looma_aes	NOUN	1
looma_arsti	NOUN	1
looma_arstis	NOUN	1
looma_farm	NOUN	1
looma_kliinika	NOUN	1
looma_naha	NOUN	1
looma_riik	NOUN	1
looma_talitaja	NOUN	1
loomaaeda.seal	NOUN	1
loomaaeda.tagama	VERB	1
loomaaiasse.me	NOUN	1
loomaaida.ekskursioon	NOUN	1
loomaajia	NOUN	1
loomad.peab	NOUN	1
loomade.me	NOUN	1
loomade_aed	NOUN	1
loomadele	VERB	1
loomadele_.sei	NOUN	1
loomaia	NOUN	1
loomajas.ekskursioon	NOUN	1
loomalikult	ADV	1
loomama	VERB	1
loomane	NOUN	1
loomarst	NOUN	1
loome	NOUN	1
loome_maja	NOUN	1
loome_palavik	NOUN	1
loome_protsess	NOUN	1
loomea_iadke	NOUN	1
loomemja	NOUN	1
loomežanr	NOUN	1
loomi,a	NOUN	1
loomi,jalutama	VERB	1
loomi._kuida	NOUN	1
loomi_kliinikus	NOUN	1
loomilikult	ADV	1
loomind	NOUN	1
loomingu_maja	NOUN	1
loomingu_vabadus	NOUN	1
loominguli=sus	NOUN	1
loomingulise=m	ADJ	1
loomne	ADJ	1
loomulikuld	ADV	1
loomunguline	ADJ	1
loopima	VERB	1
loos	NOUN	1
loosi=mine	NOUN	1
loossi_hoov	NOUN	1
loot	NOUN	1
lootus_rikas	ADJ	1
lootusrikkam	ADJ	1
loovisik	ADJ	1
loovuma	VERB	1
loovutama	VERB	1
lopetamine	NOUN	1
lopetuma	VERB	1
losis	NOUN	1
lossijavaatameekskursioon	NOUN	1
lote_riis	NOUN	1
loteri_ivõitja	NOUN	1
loteri_mäng	NOUN	1
loteri_võitja	NOUN	1
loterii	VERB	1
loto_mäng	NOUN	1
lp	ADV	1
lpidama	VERB	1
lsõitma	VERB	1
ltore	ADJ	1
luba	VERB	1
lubadud-teha	NOUN	1
lubama	NOUN	1
lubasma	VERB	1
lubastema	VERB	1
lubatu	ADJ	1
lube	NOUN	1
ludma	VERB	1
ludu_peetud	ADJ	1
luema	VERB	1
lugematult	ADV	1
lugemis_kluub	NOUN	1
lugemis_osa	VERB	1
lugemis_oskus	NOUN	1
lugemis_saal	NOUN	1
lugemis_t...	NOUN	1
lugemisp_isik	NOUN	1
lugev	ADJ	1
lugu	VERB	1
lugu_peamine	NOUN	1
lugu_peatud	ADJ	1
lugu_peedumine	NOUN	1
lugu_peet	NOUN	1
lugu_peetav	ADJ	1
lugu_peetuise	NOUN	1
lugu_peetuja	PROPN	1
lugu_peetut	NOUN	1
lugu_peetut	PROPN	1
lugu_peitud	ADJ	1
lugu_petamine	NOUN	1
lugu_pida	NOUN	1
lugu_pida	PROPN	1
lugu_pidaja	PROPN	1
lugu_pidakus	NOUN	1
lugu_pidam	NOUN	1
lugu_pidamisega,s	ADJ	1
lugu_pidamne	NOUN	1
lugu_pidan	VERB	1
lugu_pidanud	ADJ	1
lugu_pidapine	NOUN	1
lugu_pidav	ADJ	1
lugu_pidus	NOUN	1
lugu_pietud	ADJ	1
lugu_pimene	PROPN	1
luguma	VERB	1
lugumi_spidamine	NOUN	1
lugune	NOUN	1
lugupedama	VERB	1
luiskama	VERB	1
lukema	NOUN	1
lukema	VERB	1
lulama	VERB	1
luleetus	NOUN	1
luletaja	NOUN	1
lumd	NOUN	1
lume_hang	NOUN	1
lume_hunnik	NOUN	1
lume_memmene	NOUN	1
lume_sõda	NOUN	1
lume_sõda,söö	NOUN	1
lume_torm	NOUN	1
lume_vaib	NOUN	1
lumma=tud	ADJ	1
lummama	ADJ	1
lummav	ADJ	1
luna_park	PROPN	1
lunastus	NOUN	1
lunt	NOUN	1
lupeetud	ADJ	1
lupp	NOUN	1
lust	NOUN	1
lustakas	ADJ	1
lusti_film	NOUN	1
lustlik	ADJ	1
luua	NOUN	1
luuama	VERB	1
luubama	VERB	1
luud	NOUN	1
luugem	VERB	1
luugu_peetud	ADJ	1
luugupe=tud	ADJ	1
luule_keel	NOUN	1
luule_kogu	NOUN	1
luule_taju	NOUN	1
luule_teos	NOUN	1
luulega	NOUN	1
luulet	NOUN	1
luuletamine	NOUN	1
luuraja	NOUN	1
luusikas	NOUN	1
lvl	NOUN	1
lx_xxxpetxxx@gmail.com	PROPN	1
läahme_mängima	VERB	1
läbema	VERB	1
läbi_aeg	NOUN	1
läbi_elatut	ADJ	1
läbi_kammimine	NOUN	1
läbi_kukkumine	NOUN	1
läbi_löö=nud	ADJ	1
läbi_lüüa	NOUN	1
läbi_murde=line	ADJ	1
läbi_murdelik	ADJ	1
läbi_mõeldud	VERB	1
läbi_mõeldult	ADV	1
läbi_mõtlemine	NOUN	1
läbi_proovitu	ADJ	1
läbi_saad	VERB	1
läbi_saamine	NOUN	1
läbi_vaadata	VERB	1
läbi_viia	VERB	1
läbi_viidud	VERB	1
läbi_viija	NOUN	1
läbi_viima	VERB	1
läbi_viimata	VERB	1
läbi_viimisns	NOUN	1
läbi_viis	VERB	1
läbi_viitud	VERB	1
läbib_sõit	ADJ	1
läbielgama	VERB	1
läbilüüa	ADV	1
läbima	ADJ	1
läbimurdelise=im	ADJ	1
läbirääkima	VERB	1
läbirääkimisosku=sega	NOUN	1
läbivi_itsin	VERB	1
lädal	NOUN	1
läga	ADV	1
läh_eme_ülikool	NOUN	1
läh_imaakond	NOUN	1
läh_isugulane	NOUN	1
lähdma	VERB	1
lähe_maa	PROPN	1
lähe_meklas	NOUN	1
lähe_meklass	NOUN	1
lähe_memuuseum	NOUN	1
läheam	ADJ	1
lähed_koos	NOUN	1
lähedal,_kell	NOUN	1
lähedale	ADV	1
lähedamale	ADV	1
lähedamane	ADJ	1
lähedamini	ADV	1
lähedas	NOUN	1
lähedaselt	ADV	1
lähem	NOUN	1
lähemal	ADV	1
läheme_ekskrsioon	NOUN	1
läheme_kinno	NOUN	1
läheme_pood	NOUN	1
lähemee_neergia	NOUN	1
lähen,_lähm	VERB	1
lähen,jalustan,mängin,hudu	NOUN	1
lähene	ADJ	1
lähenem	NOUN	1
lähetenarva	ADJ	1
lähi_minevik	NOUN	1
lähi_sugulane	NOUN	1
lähidam	ADJ	1
lähidane	NOUN	1
lähima	VERB	1
lähimalt	ADV	1
lähme_klass	NOUN	1
lähnuma	VERB	1
lähtema	VERB	1
lähtima	VERB	1
läibima	VERB	1
läiendama	VERB	1
läikima	VERB	1
läima	VERB	1
läis_kasvanu	NOUN	1
läkine	VERB	1
läkitama	VERB	1
läkma	VERB	1
läks_meedia	NOUN	1
läksima	VERB	1
läksma	VERB	1
lälgima	VERB	1
lämbe	NOUN	1
lämbumine	NOUN	1
lämmatama	VERB	1
länm	NOUN	1
läp_topi	NOUN	1
läps	NOUN	1
lärmatama	VERB	1
läti	ADJ	1
läu_paev	NOUN	1
lääger	NOUN	1
lääma	VERB	1
lääne_inimene	NOUN	1
lääne_maa_ilm	NOUN	1
lääneeurooplane	NOUN	1
läänelikum	ADJ	1
läänestuma	VERB	1
lõbetama	VERB	1
lõbu_same	VERB	1
lõbus,_kuik	NOUN	1
lõbus,_tark	ADJ	1
lõbusaim	ADJ	1
lõbusamalt	ADV	1
lõbusem	ADJ	1
lõbusparg	NOUN	1
lõbustuspa_rikk	NOUN	1
lõbutse_park	NOUN	1
lõbutsema,mängima	VERB	1
lõbutsema,sööma	VERB	1
lõdvestu=mine	NOUN	1
lõdvestus	NOUN	1
lõe	NOUN	1
lõgastus	NOUN	1
lõhenemine	NOUN	1
lõhk_aine	NOUN	1
lõhke_keha	NOUN	1
lõhkemine	NOUN	1
lõhki	ADJ	1
lõhkima	VERB	1
lõhkumis	NOUN	1
lõhkutama	VERB	1
lõhkuv	ADJ	1
lõhn	ADJ	1
lõhnaline	ADJ	1
lõigus	NOUN	1
lõikamine	NOUN	1
lõimima	VERB	1
lõimuma	VERB	1
lõje	NOUN	1
lõk	NOUN	1
lõke_plats	NOUN	1
lõket,_sööm	NOUN	1
lõki	NOUN	1
lõkke_äär	NOUN	1
lõkke_õhtu	NOUN	1
lõks	NOUN	1
lõp_puaktus	NOUN	1
lõpama	VERB	1
lõpem	NOUN	1
lõpetadaa	VERB	1
lõpetama	ADJ	1
lõpetamatu	ADJ	1
lõpetan	VERB	1
lõpetatama	VERB	1
lõpetatud	ADJ	1
lõpetu	ADJ	1
lõpev	ADJ	1
lõpi_aktus	NOUN	1
lõpmat_utänulik	ADJ	1
lõpmata	ADV	1
lõpmatus	ADJ	1
lõpp	ADJ	1
lõpp	VERB	1
lõpp_arvamus	NOUN	1
lõpp_mõte	NOUN	1
lõpp_sõna	NOUN	1
lõpp_tulemus	NOUN	1
lõpp_ueksamut	NOUN	1
lõppaktus	NOUN	1
lõppe=v	VERB	1
lõppematu	ADJ	1
lõppemene	NOUN	1
lõppetasid,istuma	VERB	1
lõppetma	VERB	1
lõppk	NOUN	1
lõppma	VERB	1
lõppmatult	ADV	1
lõppp	NOUN	1
lõppu_kell	NOUN	1
lõppu_tunnistus	NOUN	1
lõppu_töö	NOUN	1
lõppude-l=õpp	NOUN	1
lõppuklassiõpilane	NOUN	1
lõppuma	ADJ	1
lõppuma	ADV	1
lõppumine	NOUN	1
lõppuni	NOUN	1
lõppunik	NOUN	1
lõppus	VERB	1
lõptma	VERB	1
lõpu_lka	NOUN	1
lõpu_peo	NOUN	1
lõpu_peod	NOUN	1
lõpu_poole	ADV	1
lõpu_punkt	NOUN	1
lõpu_päev	NOUN	1
lõpu_sirge	NOUN	1
lõpu_tee	NOUN	1
lõpu_tunnistus	NOUN	1
lõpu_tupik	NOUN	1
lõpuk_lasi	NOUN	1
lõpukks	ADV	1
lõpuma	VERB	1
lõputus	NOUN	1
lõuama	VERB	1
lõug-amine	NOUN	1
lõugamis_tund	NOUN	1
lõugemine	NOUN	1
lõun	NOUN	1
lõuna	VERB	1
lõuna_aeg	NOUN	1
lõuna_maalane	NOUN	1
lõuna_paus	NOUN	1
lõuna_pauss	NOUN	1
lõuna_poolne	ADJ	1
lõuna_praad	NOUN	1
lõuna_sööka	NOUN	1
lõuna_sööks	NOUN	1
lõunama	VERB	1
lõvi_kuningas	NOUN	1
lõõbus	NOUN	1
lõõgasta=tud	ADJ	1
lõõgasta=v	ADJ	1
lõõgastumis_viis	NOUN	1
lõõgastus_tunne	NOUN	1
lõõm	NOUN	1
lõõt_savägilane	PROPN	1
lõõts_pill	NOUN	1
lõõvas	VERB	1
löpetama	VERB	1
lörts	NOUN	1
löödma	VERB	1
lööm	NOUN	1
löömine	NOUN	1
lööv_töö	NOUN	1
lühe	ADJ	1
lüheim	ADJ	1
lühekkene	ADJ	1
lühem	VERB	1
lühemalt	ADV	1
lühend	NOUN	1
lühenema	VERB	1
lühi	ADJ	1
lühi_ajaliselt	ADV	1
lühi_asi	NOUN	1
lühi_film	NOUN	1
lühi_jutu	NOUN	1
lühi_kontsert	NOUN	1
lühi_nägelik	ADJ	1
lühikem	ADJ	1
lühikese=m	ADJ	1
lühikine	ADJ	1
lühim	ADJ	1
lühimem	ADJ	1
lüia	NOUN	1
lüja	NOUN	1
lükama	VERB	1
lülit	NOUN	1
lüng	NOUN	1
lüps=tud	ADJ	1
lüpsma	VERB	1
lüüriline	ADJ	1
l’hema	VERB	1
m	PRON	1
m+mina	PRON	1
m,mõni	NOUN	1
m-band	PROPN	1
m.ma	NOUN	1
m.maasika_s@mail.r	NOUN	1
m.s	ADV	1
m.saar@gmail.com	NOUN	1
m/sek	NOUN	1
m_õelt	NOUN	1
ma	PRON	1
ma_alm	NOUN	1
maa_ala	NOUN	1
maa_asi	NOUN	1
maa_elu	NOUN	1
maa_hok	NOUN	1
maa_ilma_asi	NOUN	1
maa_ilma_elanik	NOUN	1
maa_ilma_kaart	NOUN	1
maa_ilma_kodanik	NOUN	1
maa_ilma_ruum	NOUN	1
maa_ilma_sõja	NOUN	1
maa_ilma_teem	NOUN	1
maa_ilma_uudisten	NOUN	1
maa_ilma_vaad	NOUN	1
maa_ilma_vaadest	NOUN	1
maa_ilma_vaadetega	NOUN	1
maa_ilma_värv	NOUN	1
maa_ilmas_õjat	NOUN	1
maa_ilmas_õjdd	NOUN	1
maa_ilmas_õjdd	PROPN	1
maa_ilmasõ_jadt	NOUN	1
maa_ilmav_aate	NOUN	1
maa_ilmine	NOUN	1
maa_kere	NOUN	1
maa_koju	NOUN	1
maa_laps	NOUN	1
maa_lähedane	ADJ	1
maa_maja	NOUN	1
maa_muld	NOUN	1
maa_muna	NOUN	1
maa_temaatika	PROPN	1
maa_väline	ADJ	1
maadlu=mine	NOUN	1
maadlus	NOUN	1
maagia	NOUN	1
maagiliselt	ADV	1
maai_lmaring	NOUN	1
maai_nimene	NOUN	1
maail_maja	NOUN	1
maail_maliidr	NOUN	1
maail_maotsa	NOUN	1
maailma_inimene	NOUN	1
maailmamuutas	ADJ	1
maailmaruum	NOUN	1
maailmatasand	NOUN	1
maakonn	NOUN	1
maakooliõpilane	NOUN	1
maalane	NOUN	1
maaleeks_kursioon	NOUN	1
maales	NOUN	1
maalija	NOUN	1
maaliline	ADJ	1
maalisus	NOUN	1
maalma	NOUN	1
maam	NOUN	1
maan	NOUN	1
maanda=mine	NOUN	1
maante_amet	NOUN	1
maante_muuseum	NOUN	1
maar	NOUN	1
maard	NOUN	1
maarj_a.i.@main.	NOUN	1
maarja_maa	NOUN	1
maarja_maalane	NOUN	1
maarju	ADV	1
maasi_kaaeg	NOUN	1
maasi_kakorjamine	NOUN	1
maasi_kapeena	NOUN	1
maasik_asi	PROPN	1
maasik_lehm	NOUN	1
maasika_jäät	NOUN	1
maasika_korja=mine	NOUN	1
maasika_kreem	NOUN	1
maasika_moos	NOUN	1
maasika_põld	NOUN	1
maasikas	PROPN	1
maasikas	VERB	1
maasikas._6.	PROPN	1
maasikas.dl@gmail.com	NOUN	1
maasikas.mari@gmail.com	SYM	1
maasikas03@mailr	NOUN	1
maasikas2006@gmail.com	SYM	1
maasikas@hot.ee	SYM	1
maasikas@m_ail.ur	NOUN	1
maasikas@mail.ee	NOUN	1
maasikas@mari.gmail.com	SYM	1
maasikasmari@gmail.com	SYM	1
maasine	NOUN	1
maastiku_jooks	NOUN	1
maatleal	NOUN	1
macro	NOUN	1
mada	PRON	1
madal	NOUN	1
madala=mine	NOUN	1
madalalt	ADV	1
madalama	VERB	1
madanema	VERB	1
madar	NOUN	1
madrats	NOUN	1
mae	NOUN	1
magama	NOUN	1
magamis	NOUN	1
magamis_koha	NOUN	1
magan	VERB	1
magav	ADJ	1
magisima	VERB	1
magu	NOUN	1
maguma	VERB	1
magune	ADJ	1
magus_toide	NOUN	1
magus_töide	NOUN	1
magusa_festivaline	NOUN	1
magusa_saak	NOUN	1
magusaim	ADJ	1
magusalt	ADV	1
magust.auhind	NOUN	1
magustus	NOUN	1
mah_tra.com/info_päev	NOUN	1
maha_jaetud	ADJ	1
maha_raidumine	NOUN	1
maha_viskamine	NOUN	1
mahanism	NOUN	1
mahe	ADJ	1
mahhaalselt	ADV	1
mahi	NOUN	1
mahla	ADV	1
mahla,ja	NOUN	1
mahla.tulema	VERB	1
mahla.uma	VERB	1
mahlaka=malt	ADV	1
mahlma	VERB	1
mahti	ADV	1
mahtma	VERB	1
mahtuv	ADJ	1
mahu	VERB	1
mai,_park	NOUN	1
mai,kell	NOUN	1
mai,sõb_rakeskus	NOUN	1
mai.ilm	NOUN	1
mai.kontsert	NOUN	1
mai.mina	NOUN	1
mai.see	NOUN	1
mai.tulema	VERB	1
mai_kebuss	NOUN	1
mai_lmam_eister	NOUN	1
maia	AUX	1
maias.see	NOUN	1
maias_,20	NOUN	1
maias_.alk	NOUN	1
maias_mokk	NOUN	1
maiastus	NOUN	1
maide	NOUN	1
maikelluke	NOUN	1
mail)_lähem	NOUN	1
mail,_bouling	NOUN	1
mail,_keel	NOUN	1
mail,_kell	NOUN	1
mail,_reee	NOUN	1
mail,m	NOUN	1
mail-mart.maasikas@gmail.com	NOUN	1
mail._kool	NOUN	1
mail._ree	NOUN	1
mail.ja	NOUN	1
mail.kohtuma	NOUN	1
mail.kotsert	NOUN	1
mail.pilet	NOUN	1
mail.ru	NOUN	1
mail.s_pordin	NOUN	1
mail.see	ADJ	1
mail.see	NOUN	1
mail.toimuma	VERB	1
mail@mail.com	NOUN	1
mail_.alk	PROPN	1
mail_kell	NOUN	1
mailine	NOUN	1
mailk_lass	NOUN	1
mailma	NOUN	1
mailma_keel	NOUN	1
mailma_kuulune	ADJ	1
mailma_pilt	NOUN	1
mailma_vaade	NOUN	1
mailoma	NOUN	1
mailtoimuma	VERB	1
mainimine	NOUN	1
mainimis_väärt	NOUN	1
mais,s	NOUN	1
mais.k_ontserd	NOUN	1
maisma	PROPN	1
maist	NOUN	1
maistus	NOUN	1
maitsav	ADJ	1
maitse=mine	NOUN	1
maitse=vam	ADJ	1
maitse_küsimus	NOUN	1
maitsetu	ADJ	1
maitsevalt	ADV	1
maitsv	ADJ	1
maitvam	ADJ	1
maiustused.kaasa	NOUN	1
maiustusi_.pile	NOUN	1
maj	VERB	1
maja_pidamis_masinat	NOUN	1
maja_pidamisns	NOUN	1
maja_pidamisnö	NOUN	1
maja_pidamist	NOUN	1
maja_pidamistarne	NOUN	1
majad,sööm	NOUN	1
majakas	NOUN	1
majakas	PROPN	1
majandus_ette_võte	NOUN	1
majandus_kasv	NOUN	1
majandus_raskus	NOUN	1
majanduskond	NOUN	1
majanduslikult	ADV	1
majapidamism_asin	NOUN	1
majas.-pid	NOUN	1
majas.pit	NOUN	1
majastus	NOUN	1
maju	NOUN	1
majutus	ADJ	1
majutus_teenindaja	NOUN	1
majutus_tingimus	NOUN	1
makama	VERB	1
makdonal	NOUN	1
makdonaldsi	NOUN	1
makdonaldsis	NOUN	1
make	VERB	1
maki_jaaž	NOUN	1
makro_foto	NOUN	1
makro_pildistam	NOUN	1
maksamine	NOUN	1
maksatama	VERB	1
maksav	VERB	1
makse	NOUN	1
maksim	NOUN	1
maksim	PROPN	1
maksima	ADJ	1
maksimaa_lvõimsus	NOUN	1
maksnu	ADJ	1
makstma	VERB	1
maksu_arve	NOUN	1
maksu_maksja	NOUN	1
maksuma	VERB	1
malaar	NOUN	1
malbe	ADJ	1
male_kohvik	NOUN	1
male_mäng	NOUN	1
maler	NOUN	1
malestus	NOUN	1
malev	ADJ	1
mali	NOUN	1
mall	NOUN	1
malu	NOUN	1
mammut	NOUN	1
mamont	NOUN	1
mander	NOUN	1
mandoliin	NOUN	1
manduma	VERB	1
manedžer	NOUN	1
mangi_da.ma	NOUN	1
mangi_me,söö	VERB	1
mangida,laulda,joonista_da,tans	VERB	1
mangime,hüppame,jookseme,sõõmine	NOUN	1
mangimine	NOUN	1
mangu	NOUN	1
manguasi	NOUN	1
manguma	VERB	1
mangü_aed	PROPN	1
mani_küür	NOUN	1
manipuleeri=tav	ADJ	1
manuaal	NOUN	1
manus	NOUN	1
mapanema	VERB	1
mara_fon.ja	NOUN	1
mara_krat	NOUN	1
marakrat	NOUN	1
maratoon	NOUN	1
mardika	NOUN	1
margi_näitus	NOUN	1
marginaalselt	ADV	1
margus	NOUN	1
margus.eest@mail.ru	NOUN	1
mari	PROPN	1
mari.eks@gmail.com	NOUN	1
mari.hrg	SYM	1
mari.k@mail.ee	NOUN	1
mari.kool@gmail.com	NOUN	1
mari.kool@gmail.ee	NOUN	1
mari.m@gmail.com	NOUN	1
mari.m@gmail.com	SYM	1
mari.m@mail.ee	NOUN	1
mari.maa@hot.ee	NOUN	1
mari.maasikas@53keskkool.ee	NOUN	1
mari.maasikas@hot.ee	SYM	1
mari.maasikas@laaneme.tln.edu.ee	NOUN	1
mari.maasikas@mail.ee	NOUN	1
mari.maasikas@mail.ru	NOUN	1
mari.maasikas@mgm.ee	SYM	1
mari.maasikas@tkvg.ee	NOUN	1
mari.maasiksa@gmail.com	NOUN	1
mari.mets@com.on	NOUN	1
mari.mets@gm.com	NOUN	1
mari.mets@gmail.ee	NOUN	1
mari.mets@hot.ee	NOUN	1
mari.mets@hot.ee	SYM	1
mari.mets@kool.ee	NOUN	1
mari.mets@kool.ee	SYM	1
mari.mets@mail.com	NOUN	1
mari.mets@mail.ee	NOUN	1
mari.saar75@gmail.com	SYM	1
mari.salumets@huug.edu.ee	NOUN	1
mari.tamm@gmail.com	NOUN	1
mari000@m.ru	NOUN	1
mari1741@gmail.com	NOUN	1
mari17@gmail.com	NOUN	1
mari1@gmail.com	NOUN	1
mari20_03@mail	NOUN	1
mari22@mail.rinu	NOUN	1
mari25@gmail.com	NOUN	1
mari333@gmail.com	NOUN	1
mari88@gmail.com	NOUN	1
mari987@gmail.com	PROPN	1
mari99@yandex.ru	NOUN	1
mari@123.com	NOUN	1
mari@_mari	NOUN	1
mari@eds.ee	SYM	1
mari@gm_ail.ru	NOUN	1
mari@gmai.com	NOUN	1
mari@gmail.com	PROPN	1
mari@gmail.ee	NOUN	1
mari@hot.ee	SYM	1
mari@kool.edu.ee	NOUN	1
mari@kunst.ee	NOUN	1
mari@list.ru	NOUN	1
mari@mail.com	NOUN	1
mari@mail.ee	NOUN	1
mari@mets.ee	NOUN	1
mari@torl.ee	NOUN	1
mari_maasika	NOUN	1
mari_maasikas@gmail.com	NOUN	1
mari_maasikas@live.com	NOUN	1
mari_maasikas@mail.ee	NOUN	1
mari_mets_@rambler.ru	NOUN	1
maria	INTJ	1
maria.kuznetsova.09@mail.ru	SYM	1
maria.tamm@hot.ee	SYM	1
maria@gmail.com	NOUN	1
maria@humg.edu.ee	NOUN	1
mariasepp@mai=l.ne	NOUN	1
marie	NOUN	1
marii@list.ru	NOUN	1
marima	PROPN	1
marimaasikas13@gmail.com	SYM	1
marimaasikas19@gmail.com	SYM	1
marimaasikas@hot.ee	PROPN	1
marime_ts@.ur	NOUN	1
marimets86@gmail.com	SYM	1
marimets@.ee	NOUN	1
marimets@gmail.ee	NOUN	1
marimets@hot.ee	PROPN	1
marimets@hotmail.com	NOUN	1
marimets@lika.ee	NOUN	1
marimini	ADV	1
marja_korjamine	NOUN	1
marjal_käik	NOUN	1
marjul_käik	NOUN	1
markok@gmail.com	NOUN	1
marmelaadi_komm	NOUN	1
marmor_tahvel	NOUN	1
marru	NOUN	1
marssima	VERB	1
mart	ADJ	1
mart,_toom	PROPN	1
mart.@slauyr.com	NOUN	1
mart.m@mail.ee	SYM	1
mart.maa_sikas@gmail.com	NOUN	1
mart.maas@mail.i	NOUN	1
mart.maasikas	NOUN	1
mart.maasikas.2004@gmail.com	SYM	1
mart.maasikas01@gmail.com	SYM	1
mart.maasikas27@gmail.ru	SYM	1
mart.maasikas@ahg.ee	SYM	1
mart.maasikas@hot.ee	SYM	1
mart.me@gmail.com	NOUN	1
mart.mets	ADJ	1
mart.mets	NOUN	1
mart.mets.2@gmail.ee	NOUN	1
mart.mets@g_mail.ru	NOUN	1
mart.mets@gmail.com	SYM	1
mart.mets@gmail.ee	NOUN	1
mart.mets@koplikool.ee	NOUN	1
mart.mets@mail.com	NOUN	1
mart.mets@mail.net	NOUN	1
mart.mets@mjg.ee	NOUN	1
mart.mets@mustahg.ee	PROPN	1
mart.mets@og.ee	SYM	1
mart.mets@tkrk.ee	NOUN	1
mart.mets@tlt.ee	SYM	1
mart.mets@tovl.edu.ee	NOUN	1
mart.mets@ttre.ee	NOUN	1
mart.mina	PROPN	1
mart.mänd@hot.ee	NOUN	1
mart.õpilane@gmail.com	NOUN	1
mart093@gmail.com	SYM	1
mart102234@mail.ee	NOUN	1
mart1998@gmail.com	SYM	1
mart1999m@gmail.com	SYM	1
mart27@gmail.com	SYM	1
mart@gmail.ee	NOUN	1
mart@hotmail.com	NOUN	1
mart@inbox.ru	NOUN	1
mart@kool.edu.ee	NOUN	1
mart@kool.ee	NOUN	1
mart@mail.com	NOUN	1
mart@mart.ee	NOUN	1
mart@met.ee	SYM	1
mart@mets.com	NOUN	1
mart@mets.gmail.com	NOUN	1
marta.t@edu.ee	SYM	1
martin@email.ee	NOUN	1
martin@gmail.com	NOUN	1
martin@tamm.mail.com	NOUN	1
martinsaar@gmail.com	NOUN	1
martm_aasikas@_gmail	NOUN	1
martmaasikas.imo.gmail.com.us	NOUN	1
martmaasikas@g_mail	NOUN	1
martmaasikas@gmail.com	NOUN	1
martmet_s@mail.	NOUN	1
martmets2006@gmail.com	NOUN	1
martmets@gmail.co=m	NOUN	1
martmets@gmail.ee	ADJ	1
martmets@mail.com	NOUN	1
martmets@tlvl.ee	NOUN	1
martmsks@gmail.com	SYM	1
martne	NOUN	1
martsepaani_küpsine	NOUN	1
martsi_paan	NOUN	1
martsipaan	NOUN	1
martsipan	NOUN	1
mart“gmail.com	NOUN	1
maru_lihtne	ADJ	1
marš_ruut	NOUN	1
masama	VERB	1
masendu=nud	ADJ	1
masiin	NOUN	1
masina_ehitus_tehas	NOUN	1
masko	NOUN	1
mass_ihävitusr_elva	NOUN	1
mass_meedia	NOUN	1
mass_toodang	NOUN	1
massi_kommunikatsioon	NOUN	1
massi_üritus	NOUN	1
massihävitus_töö	NOUN	1
massiivne	ADJ	1
massin	NOUN	1
massu_meelse=m	ADJ	1
massuratti85@gmail.com	SYM	1
mat_karaja	NOUN	1
matahan	VERB	1
matamaatika	NOUN	1
matar_jaal	NOUN	1
matemaateka	NOUN	1
matemaatekas	NOUN	1
matemaatika_eksam	NOUN	1
matemaatika_kursus	NOUN	1
matemaatika_teadmine	NOUN	1
matemaatika_tund	NOUN	1
matemaatikakas	NOUN	1
matematika	ADJ	1
matematikaklassis.kevadkontsert	NOUN	1
materjaalne	ADJ	1
materjaalselt	ADV	1
materjall	NOUN	1
mateverima	VERB	1
mati.tamm@gmail.com	NOUN	1
matimaatika	NOUN	1
matk	ADJ	1
matka_laager	NOUN	1
matka_nädal	NOUN	1
matka_päev	NOUN	1
matka_reis	NOUN	1
matkaja	NOUN	1
matkaraja	NOUN	1
matma	VERB	1
matrass	NOUN	1
mats.ma	PROPN	1
matsoon	NOUN	1
mattemaatika	NOUN	1
mattus	NOUN	1
matuse_laul	NOUN	1
matš,jal_gpall	NOUN	1
me	PRON	1
me:jalutame,sööme,mangime,käima	VERB	1
med	PRON	1
med_aleid.m	NOUN	1
medaal,šokolama	NOUN	1
medal._osal	NOUN	1
medal.mulle	NOUN	1
medal_eid.eksk_ursioon	NOUN	1
medali_koht	NOUN	1
mede	NOUN	1
medets	NOUN	1
media_klubi	PROPN	1
media_laager	NOUN	1
medima	VERB	1
medistsiin	NOUN	1
meditsiin_iosakond	NOUN	1
meditsiini_aparaat	NOUN	1
meditsiinilise=lt	ADV	1
meditsin	NOUN	1
meditsini_aine	NOUN	1
mee-ldima	NOUN	1
mee_ldib,ja	NOUN	1
mee_leo_lumuutus	NOUN	1
mee_tkook	NOUN	1
meedal	ADJ	1
meedal	NOUN	1
meedel	VERB	1
meedi	NOUN	1
meedi_aklub	PROPN	1
meedia-kõrgkol	NOUN	1
meedia-nuti_laager	NOUN	1
meedia_film	NOUN	1
meedia_instituu	NOUN	1
meedia_klubi	NOUN	1
meedia_laager	NOUN	1
meedia_sektor	NOUN	1
meedia_sfäär	NOUN	1
meedia_vahendus	NOUN	1
meediaallikas	NOUN	1
meediavaldkond	NOUN	1
meediaühiskonnma	NOUN	1
meedik	NOUN	1
meedium	NOUN	1
meeeter	NOUN	1
meei	NOUN	1
meeidima	VERB	1
meeidma	VERB	1
meekskursioon	NOUN	1
meel	ADP	1
meel,e	NOUN	1
meel_dejääva=im	ADJ	1
meel_detuletaja	NOUN	1
meel_ela_hutusviise	NOUN	1
meel_eolukam	ADJ	1
meeld_ejäävalt	ADV	1
meeldama	VERB	1
meelde_jätvam	ADJ	1
meelde_jää=dav	ADJ	1
meelde_jäätav	ADJ	1
meelde_jäävas	ADJ	1
meeldej_äävam	ADJ	1
meeldi,	VERB	1
meeldi=nud	ADJ	1
meeldia	ADJ	1
meeldiaa	NOUN	1
meeldib	ADJ	1
meeldib	VERB	1
meeldib,ne	ADJ	1
meeldibspordi_päev	NOUN	1
meeldija	NOUN	1
meeldik	VERB	1
meeldikas	NOUN	1
meeldim	VERB	1
meeldinama	VERB	1
meeldind	NOUN	1
meeldinu	NOUN	1
meeldinud...	VERB	1
meeldis,_kui	NOUN	1
meeldis,_leid	VERB	1
meeldis,_seal	ADV	1
meeldis,_väga	ADV	1
meeldiv-õppilane@mail.com	NOUN	1
meeldivama	VERB	1
meeldma	VERB	1
meeldsima	VERB	1
meele_heide	NOUN	1
meele_härm	NOUN	1
meele_lahetus	NOUN	1
meele_lahtus	NOUN	1
meele_lahutu_sasutus	NOUN	1
meele_märane	ADJ	1
meele_oll	NOUN	1
meele_olukalt	ADV	1
meele_oluloomine	NOUN	1
meele_olumull	NOUN	1
meele_paha	NOUN	1
meele_parandaja	NOUN	1
meele_pärane	ADV	1
meele_pärasem	ADJ	1
meele_pärasem=a	ADJ	1
meele_rahu	NOUN	1
meele_vald	NOUN	1
meeledu	NOUN	1
meelelahutusvahend	NOUN	1
meelelahutusviis	NOUN	1
meeleo_luh_äire	NOUN	1
meeleolu_kõikumine	NOUN	1
meelest	ADV	1
meelest	NOUN	1
meeletus	ADJ	1
meelid	NOUN	1
meelidima	ADJ	1
meelitlema	VERB	1
meeliv	ADJ	1
meelma	VERB	1
meelne	ADJ	1
meelsaim	ADJ	1
meelsliv	ADJ	1
meelt	NOUN	1
meentalne	ADJ	1
meentuma	VERB	1
meenustama	VERB	1
meenuta=vam	ADJ	1
mees,ta	NOUN	1
mees_konn	NOUN	1
mees_koor	NOUN	1
meeskond.spordi=p	NOUN	1
meeskondlik	ADJ	1
meeskonn	NOUN	1
meeskonna_kaaslane	NOUN	1
meeste_rahvas	NOUN	1
meestkood	NOUN	1
meet-is	NOUN	1
meet_rit.auhinnamine	NOUN	1
meete	NOUN	1
meetma	VERB	1
meetot	NOUN	1
meetre	NOUN	1
meetri,hüpame,viskama	NOUN	1
meetrine	ADJ	1
meetris,a	NOUN	1
meetrit,hüppama	VERB	1
meetrit.au_hinna	NOUN	1
meetrit.ne	NOUN	1
meetritjo_oksma	NOUN	1
meetrline	ADJ	1
meetrumi_tunnetus	NOUN	1
mega	ADV	1
mega	NOUN	1
mega_market	NOUN	1
mehaanika_kool	NOUN	1
mehaniism	NOUN	1
mehatroonik	NOUN	1
mehhaanik	NOUN	1
mehhaanika	NOUN	1
mehhaniseeritud	ADJ	1
mei	NOUN	1
meia	NOUN	1
meie-inimene	NOUN	1
meie.mull	PRON	1
meie_õpetaja	NOUN	1
meiee_kskursioon	NOUN	1
meiegakoo	NOUN	1
meiegarääkima	VERB	1
meiekool@.ee	NOUN	1
meiekoolileht@tln.ee	NOUN	1
meiena	PRON	1
meije	NOUN	1
meijle	NOUN	1
meikim	NOUN	1
meikima	VERB	1
meil-martgmail.com	NOUN	1
meil.mulle	NOUN	1
meilaadress	NOUN	1
meile,et	NOUN	1
meile.ma	PRON	1
meile/mina	PRON	1
meilr	NOUN	1
meina	PRON	1
meisri_võistlus	NOUN	1
meisterdamine	NOUN	1
meisterliku=lt	ADV	1
meisterlikult	ADV	1
meistrema	VERB	1
meistri_võistlus	PROPN	1
mek_õik	NOUN	1
mekohtumekool	NOUN	1
mekäima	VERB	1
mekäime_koju	NOUN	1
mekülastametervishoiu	NOUN	1
mel_ähme	VERB	1
melanhoolne	ADJ	1
meldi	NOUN	1
meldi	VERB	1
meldib.ma	PRON	1
meldii	NOUN	1
meldin	VERB	1
meldip	NOUN	1
meldis	ADJ	1
meldis	NOUN	1
meldiv	ADJ	1
mele	NOUN	1
melgima	VERB	1
melldis	ADJ	1
melldis	NOUN	1
melldis	VERB	1
melo_draama	NOUN	1
melo_dramm	NOUN	1
melod_rada	NOUN	1
melomaan	NOUN	1
melood_iat,laul	NOUN	1
meloodili=sus	NOUN	1
meläh	NOUN	1
mem	NOUN	1
menedžer	NOUN	1
meng	NOUN	1
mengima	VERB	1
menta_altervis	NOUN	1
mentaalsus	NOUN	1
mentaalt_ervis	NOUN	1
mentorima	VERB	1
menus	NOUN	1
mep_eamekoolivoorm	NOUN	1
mepr_ogrammerim	VERB	1
mere_aare	NOUN	1
mere_laine	NOUN	1
mere_mees	NOUN	1
mere_museumine	NOUN	1
mere_muusem	NOUN	1
mere_muusium	NOUN	1
mere_muusiumins	NOUN	1
mere_puiene	NOUN	1
mere_päev	PROPN	1
mere_äärd	NOUN	1
mere_äärne	ADJ	1
merelane	NOUN	1
meremu_seum	NOUN	1
meremuseumisse.ekskursioon	NOUN	1
meri	PROPN	1
meri_loom	NOUN	1
meri_mees	NOUN	1
meri_muuseum	NOUN	1
meri_tehnika	NOUN	1
merilin	NOUN	1
merin_eits	NOUN	1
mestma	VERB	1
meta	NOUN	1
metalica	NOUN	1
metallikas	NOUN	1
metrit.ma	NOUN	1
metro	NOUN	1
metroo	NOUN	1
mets.234.@gmail.com	NOUN	1
mets.m@gmai.vom	NOUN	1
mets.m@hot.ee	SYM	1
mets.mari@gmail.com	SYM	1
mets.mina	PROPN	1
mets1@gmail.com	NOUN	1
mets@_mail.ru	NOUN	1
mets@gmil.com	NOUN	1
mets@hot.ee	NOUN	1
mets@mail.ee	NOUN	1
mets_ale,pär	NOUN	1
mets_kitse	NOUN	1
mets_maasikas	NOUN	1
metsa.ka	NOUN	1
metsa_ala	NOUN	1
metsa_elu	NOUN	1
metsa_hõng	NOUN	1
metsa_istutamine	NOUN	1
metsa_kodanik	NOUN	1
metsa_masin	NOUN	1
metsa_minek	NOUN	1
metsa_muuseum	NOUN	1
metsa_park	NOUN	1
metsa_rada	NOUN	1
metsa_sase	NOUN	1
metsa_tööstur	NOUN	1
metsa_vend	NOUN	1
metsal@gmail.com	NOUN	1
metsandus	NOUN	1
metsane	NOUN	1
metsas.me	NOUN	1
metsatuk	NOUN	1
metsikult	ADV	1
metsmari@gmail.com	NOUN	1
metsmart@gmail.com	NOUN	1
meuisutama	VERB	1
meul	PRON	1
midagi,pärast	ADV	1
midagi.	PRON	1
midagi.13.mail	ADJ	1
midagisoo=j	NOUN	1
midarg	NOUN	1
midi	PRON	1
midigi	PRON	1
midskd	PRON	1
migadi	ADV	1
mih	NOUN	1
mihhailpärn@_mail.net	NOUN	1
mihkel	NOUN	1
mihkel.mand@gmail.com	SYM	1
mihkel.mets@keilapohikool.ee	ADJ	1
mii	PRON	1
mii_sugune	DET	1
miik	NOUN	1
miik	PROPN	1
miil	NOUN	1
miiline	ADJ	1
miiniselik	ADJ	1
miinuma	NOUN	1
miinus_pool	NOUN	1
miinuss	NOUN	1
mik	PRON	1
mika	ADV	1
mikr_olain_eai	NOUN	1
mikro_foon	NOUN	1
mikro_laine_ahi	NOUN	1
mikro_maailm	NOUN	1
mikro_organism	NOUN	1
mikro_skoopiline	ADJ	1
mikrolainea_hju	NOUN	1
miks	NOUN	1
miks	PRON	1
miks...	PUNCT	1
mikser	NOUN	1
miksike	NOUN	1
miksike.ee	NOUN	1
mileks	ADV	1
miline	PRON	1
miljonär	NOUN	1
mill_ionäär	NOUN	1
milla	NOUN	1
millan	ADV	1
millane	ADJ	1
millani	PRON	1
millas	ADV	1
mille	PRON	1
mille_laadne	ADJ	1
mille_läbi	ADV	1
mille_sugune	PRON	1
millegi=ni	PRON	1
millegisse	PRON	1
millego	PRON	1
millejäne	NOUN	1
millek	PRON	1
millessinu_meeldib	VERB	1
milletõ_	ADV	1
milliard	ADJ	1
milliard	NUM	1
millina	ADJ	1
millina	PRON	1
millinne	DET	1
millise_dasjad	NOUN	1
millisedlooma_dsed	PRON	1
millisne	ADJ	1
milljon	NUM	1
milltima	VERB	1
mils	PRON	1
mimino.9	NOUN	1
mimi“	NOUN	1
mimtte	NOUN	1
mina	DET	1
mina	NOUN	1
mina,6.klass	NOUN	1
mina,as	PRON	1
mina,teele,	NOUN	1
mina.	NOUN	1
minama	VERB	1
mind	PRON	1
mind,_mild	NOUN	1
mind.hea	NOUN	1
minda	PRON	1
mine	VERB	1
mine=mine	NOUN	1
minegaekskursioni_le,m	NOUN	1
minekas	NOUN	1
minema	DET	1
minev	ADJ	1
minevikkus	NOUN	1
mineviku_video	NOUN	1
minge_sugune	DET	1
mingem	VERB	1
mingi_aeg	NOUN	1
mingi_ssugune	DET	1
mingi_sugusel=gi	DET	1
mingid_veel	ADV	1
mingil_määr	NOUN	1
mingine	ADJ	1
mingisus	DET	1
minhema	VERB	1
mini	DET	1
mini-film	NOUN	1
mini-muuseum	NOUN	1
miniatuur	NOUN	1
miniatüürne	ADJ	1
minigolf	NOUN	1
minikõ_lari	NOUN	1
minima	VERB	1
minimalistlik	ADJ	1
minimiseeri=mine	NOUN	1
ministerium	NOUN	1
minma	VERB	1
minna.pane	VERB	1
minnatma	NOUN	1
minne	NOUN	1
minnu	NOUN	1
mins	PRON	1
mint	DET	1
mintaaži_tuba	NOUN	1
minu(	PRON	1
minu.epost@mail.ee	SYM	1
minu_sugune	DET	1
minu_vanus	ADJ	1
minu_vanus	NOUN	1
minuarust	ADV	1
minueal	NOUN	1
minuealine	NOUN	1
minuga,paluma	VERB	1
minuja_oks	ADJ	1
minujas	NOUN	1
minukool@.ee	NOUN	1
minule.mina	PRON	1
minuma	VERB	1
minumail@gmail.com	SYM	1
minus	ADJ	1
minutit..	NOUN	1
minutt	NOUN	1
miros_lava	NOUN	1
mis_asi	NOUN	1
mis_läbi	ADV	1
mis_pakkuv	ADJ	1
mis_ugune	PRON	1
misalgama	VERB	1
misgi	PRON	1
miski_sugune	DET	1
miss	NOUN	1
miss	PRON	1
missioon	NOUN	1
missut	NOUN	1
mist	PRON	1
misugune	DET	1
mit--mete	DET	1
mit_tekunagi	ADV	1
mitekee	DET	1
miting	NOUN	1
mitme_keelne	ADJ	1
mitme_kesisi	ADJ	1
mitme_korruseline	ADJ	1
mitme_kultuuriline	ADJ	1
mitme_külge	ADV	1
mitme_külgnes	NOUN	1
mitme_külgseline	ADJ	1
mitme_külgsem	ADJ	1
mitme_külselt	ADV	1
mitme_näoline	ADJ	1
mitme_sugune	PRON	1
mitmendik	NUM	1
mitmene	DET	1
mitmes	DET	1
mitmes	PRON	1
mitmesaja_aastane	ADJ	1
mitmesajaleheküljeline	ADJ	1
mitmeu_mnemdnd	NUM	1
mitmu	DET	1
mitte-õpetlik	ADJ	1
mitte.*	ADV	1
mitte_aktiivne	ADJ	1
mitte_aru	NOUN	1
mitte_hea	ADJ	1
mitte_humaanne	ADJ	1
mitte_huvitav	ADJ	1
mitte_ideaalne	ADJ	1
mitte_kasulik	ADJ	1
mitte_keek	PRON	1
mitte_looduslik	ADJ	1
mitte_lubatud	ADJ	1
mitte_misk	PRON	1
mitte_märgi=tu	ADJ	1
mitte_normaalne	ADJ	1
mitte_oluline	ADJ	1
mitte_planeeri=tud	ADJ	1
mitte_positiivne	ADJ	1
mitte_rahuldav	ADJ	1
mitte_sooritatud	ADJ	1
mitte_sugune	DET	1
mitte_tundmine	NOUN	1
mitte_täitmine	NOUN	1
mitte_vajadus	NOUN	1
mitte_vajalik	ADJ	1
mittear_usaadavus	NOUN	1
mittemeeldima	VERB	1
mittenõustuma	VERB	1
mittesoe	NOUN	1
mitu_korda	ADV	1
mitu_sada	NUM	1
mitu_sugune	DET	1
mitukümend	NUM	1
miudu	ADV	1
miudugi	ADV	1
mix	NOUN	1
mkontsert	NOUN	1
mlline	DET	1
mm@gm_ail.com	NOUN	1
mmaasika_s@bk.ru	NOUN	1
mmaasikas@gmail.com	NOUN	1
mmaasikas@gmail_.ee	NOUN	1
mmaasikas@mail.ee	NOUN	1
mmari@gmail.com	PROPN	1
mmm	INTJ	1
mmängima	VERB	1
mna	PRON	1
mnina	PRON	1
mnt.57-41	NOUN	1
mobi	NOUN	1
mobiil_telefo	NOUN	1
mobiil_telefoon	NOUN	1
mobiili_rakendus	NOUN	1
mobiilis_eadme	NOUN	1
mobil	ADJ	1
model_likandidaat	NOUN	1
modelli_karjäär	NOUN	1
moderatsioon	NOUN	1
modern	ADJ	1
modern	NOUN	1
modi	NOUN	1
modustama	VERB	1
modustus	NOUN	1
moe-nipp	NOUN	1
moe_festival	NOUN	1
moe_harrastaja	NOUN	1
moe_kollektsioon	NOUN	1
moe_kunstnik	NOUN	1
moekas	ADJ	1
moel	NOUN	1
mogi	NOUN	1
momeent	NOUN	1
momentaalselt	ADV	1
mone	ADJ	1
moni	DET	1
moni_toor	NOUN	1
monitor	NOUN	1
montaaž_iprogramm	NOUN	1
montaažeerima	VERB	1
montaaži_tark_vara	NOUN	1
montaažima	VERB	1
montažeer	NOUN	1
montažeerija	NOUN	1
montažeerimine	NOUN	1
monteerimine	NOUN	1
moobiil	NOUN	1
moobil	ADV	1
moobil	NOUN	1
mooda	ADP	1
moode	ADJ	1
moodell	NOUN	1
moodi	NOUN	1
moodis	ADP	1
moodne	NOUN	1
moodsaim	ADJ	1
moodsam	ADJ	1
moodsem	ADJ	1
mooduli	ADJ	1
moodustaja	NOUN	1
mooma	VERB	1
mooni_rull	NOUN	1
mootor_ratd	NOUN	1
moraal_norm	NOUN	1
morall_norm	NOUN	1
mori	NOUN	1
morn	NOUN	1
morre	NOUN	1
mossis	ADJ	1
moteveerima	VERB	1
motivatsiion	NOUN	1
motivatsion	NOUN	1
motivatsiooni_koolitus	NOUN	1
motiveeri=ja	NOUN	1
motiveeri=nud	ADJ	1
motiveeritus	NOUN	1
motivotsioon	NOUN	1
motl	NOUN	1
moto_rata	NOUN	1
motoor	NOUN	1
motors	NOUN	1
motsivatsioon	NOUN	1
mottlema	VERB	1
movie	NOUN	1
mp-3-mängija	NOUN	1
mp3	NOUN	1
mp3-mängija	NOUN	1
mrdal	NOUN	1
mrue	NOUN	1
mruetsemine	NOUN	1
msakama	VERB	1
mtõtlema	VERB	1
mu-	PRON	1
muah	INTJ	1
mud	PRON	1
muda	NOUN	1
mudilane	NOUN	1
muga	NOUN	1
muga_vadriide	NOUN	1
muga_vame	ADJ	1
muga_vatriide	NOUN	1
muga_vustsoon	NOUN	1
mugavalt.see	NOUN	1
mugavamini	ADV	1
mugavdamine	NOUN	1
mugavnduma	VERB	1
mugavus_tsoon	NOUN	1
mugavustsoon	NOUN	1
mugvus	NOUN	1
muhe	ADJ	1
muhu	PRON	1
muidigi	ADV	1
muiduge	ADV	1
muiduge.anke	PRON	1
muidugu	ADV	1
muigama	VERB	1
muinas_aegne	ADJ	1
muinasjutuloht	NOUN	1
muinsus_pärand	NOUN	1
muit_film	NOUN	1
mujl	NOUN	1
muki@gmail.ee	NOUN	1
mukk	NOUN	1
mulgi	ADJ	1
mulgi_putr	NOUN	1
mulja	NOUN	1
mulje	VERB	1
mulje_tavaldav	ADJ	1
muljeta_valdav	ADJ	1
mull	PROPN	1
mulle,a	PRON	1
mulle..	NOUN	1
mulle.m	PRON	1
mulle.minu	NOUN	1
mulle.ootama	VERB	1
mulle_,oke	NOUN	1
mullr	NOUN	1
multi_kultuurne	ADJ	1
multi_meedia	NOUN	1
multik	NOUN	1
multikade	NOUN	1
multiku_ltuursus	NOUN	1
mults	ADV	1
mumi	ADJ	1
mummit_roll	NOUN	1
mumu.e_kskursioon	NOUN	1
munema	VERB	1
munitsipaal_ala	NOUN	1
munu_faktur	NOUN	1
murakas	NOUN	1
muratama	VERB	1
murde_keel	NOUN	1
murdeea=line	NOUN	1
murdu	NOUN	1
mure_pilv	NOUN	1
mure_tele	NOUN	1
muredsema	VERB	1
murenema	VERB	1
murese=mine	NOUN	1
muresi	NOUN	1
murestema	VERB	1
muret_valmistav	ADJ	1
muretamine	NOUN	1
murets	ADJ	1
murets	VERB	1
muretsama	VERB	1
muretsamine	NOUN	1
muretse	ADJ	1
muretselt	NOUN	1
muretsemis	NOUN	1
muretsemisns	NOUN	1
muretses	NOUN	1
muretseta=mine	NOUN	1
muretuld	ADV	1
muretum	ADJ	1
murgine	ADJ	1
murjam	NOUN	1
murr	NOUN	1
murrang	NOUN	1
murranguline	ADJ	1
murtene	NOUN	1
muru	ADV	1
muru_niitja	NOUN	1
muruonn	NOUN	1
murutsema	VERB	1
mus	ADV	1
mus_sigune	PRON	1
mus_sugune	DET	1
musa_mäel	NOUN	1
museim	NOUN	1
musetsema	VERB	1
museu=mine	NOUN	1
museu_mil,	NOUN	1
museumi,_vaatama	VERB	1
museumis,looma_aed	NOUN	1
museumis.me	NOUN	1
museumis.mem	NOUN	1
museumis.museum	NOUN	1
museuum	NOUN	1
musi	NOUN	1
musi=mine	NOUN	1
musi_kaalsus	NOUN	1
music	NOUN	1
musik	NOUN	1
musika	NOUN	1
musika_muuseum	NOUN	1
musikaal=sus	NOUN	1
musikaalselt	ADV	1
musitseerimine	NOUN	1
must_adpükss	NOUN	1
musta_värv	ADJ	1
mustamäel,=m	NOUN	1
muster_laps	NOUN	1
mustika_tee	NOUN	1
mustus	NOUN	1
musugus	PRON	1
mutantne	ADJ	1
mutatsioon	NOUN	1
muter	NOUN	1
mutma	VERB	1
muttuma	VERB	1
muu=tud	ADJ	1
muu_seas	ADV	1
muu_seium	NOUN	1
muu_seumi.me	NOUN	1
muu_seumis.eelmine	NOUN	1
muu_suum	NOUN	1
muud..	NOUN	1
muud._muli	NOUN	1
muud._muli	PRON	1
muud.kui	ADV	1
muud.m	PROPN	1
muud_moodi	ADV	1
muudel	NOUN	1
muudetuma	VERB	1
muudis	NOUN	1
muudma	VERB	1
muuduma	VERB	1
muudutus	NOUN	1
muuga=vam	ADJ	1
muujana	NOUN	1
muulama	VERB	1
muulje	NOUN	1
muuma	VERB	1
muundamine	NOUN	1
muuretma	VERB	1
muuretsema	VERB	1
muurutse=mine	NOUN	1
muurutsema	NOUN	1
muus	PRON	1
muus_eumi,välja_sõit	NOUN	1
muuse_umis,spordi_saal	NOUN	1
muuse_umis.ekskursioon	NOUN	1
muuse_umisse,tartus	NOUN	1
muuse_umisse.ekskursion	NOUN	1
muuse_umisse.ekskursioon	NOUN	1
muuseka_tunne	NOUN	1
muusem	ADV	1
muusemine	NOUN	1
muuseum-isne	NOUN	1
muuseum.energia_keskus	NOUN	1
muuseum.kas	NOUN	1
muuseum.kohtuma	NOUN	1
muuseumi._muuseum	NOUN	1
muuseumi.ekskursiioon	NOUN	1
muuseumi.ekskursioon_ilm	NOUN	1
muuseumi=ja	NOUN	1
muuseumi=ssn.	NOUN	1
muuseumi_,mis	NOUN	1
muuseumi_.ekskursioon	NOUN	1
muuseumi_s,seal	NOUN	1
muuseumi_s.seal	ADJ	1
muuseumi_se,näi	NOUN	1
muuseumi_se.s	NOUN	1
muuseumi_see	NOUN	1
muuseumis	NOUN	1
muuseumis._muuseum	NOUN	1
muuseumis._sell	NOUN	1
muuseumis.ma	NOUN	1
muuseumis_,alk	NOUN	1
muuseumise.muusemu	NOUN	1
muuseumisse,vaatama	VERB	1
muuseumisse.muusesma	NOUN	1
muuseumisse.see	NOUN	1
muusi_kaala	NOUN	1
muusi_kaan	NOUN	1
muusi_kaareng	NOUN	1
muusi_kainimene	NOUN	1
muusi_kajanu	NOUN	1
muusi_kakollektiiv	NOUN	1
muusi_kakriitik	NOUN	1
muusi_kamaitse-	NOUN	1
muusi_kamängija	NOUN	1
muusi_kansambel	NOUN	1
muusi_kapedagoo	NOUN	1
muusi_kastiil	NOUN	1
muusi_katunn	NOUN	1
muusi_katööstus	NOUN	1
muusi_kavalik	NOUN	1
muusik_abänd	NOUN	1
muusika,tantsima	VERB	1
muusika.mul	NOUN	1
muusika.veel	NOUN	1
muusika_alane	ADJ	1
muusika_album	NOUN	1
muusika_anne	NOUN	1
muusika_aparatuur	NOUN	1
muusika_definitsioon	NOUN	1
muusika_eelistus	NOUN	1
muusika_fänn	NOUN	1
muusika_haridus	NOUN	1
muusika_inimene	NOUN	1
muusika_kallak	NOUN	1
muusika_kalle	NOUN	1
muusika_kauge	NOUN	1
muusika_kliip	NOUN	1
muusika_kogumik	NOUN	1
muusika_kool	PROPN	1
muusika_kultuur	NOUN	1
muusika_kuulaja	NOUN	1
muusika_laat	NOUN	1
muusika_looming	NOUN	1
muusika_maastik	NOUN	1
muusika_maitset	NOUN	1
muusika_maitsetes	NOUN	1
muusika_meel	NOUN	1
muusika_muuseim	NOUN	1
muusika_muuseum	NOUN	1
muusika_mängija	NOUN	1
muusika_oskus	NOUN	1
muusika_pill	NOUN	1
muusika_pisik	NOUN	1
muusika_päev	NOUN	1
muusika_saal	NOUN	1
muusika_teater	NOUN	1
muusika_tegija	NOUN	1
muusika_tehnika	NOUN	1
muusika_turg	NOUN	1
muusika_tööstus	NOUN	1
muusika_valdkond	NOUN	1
muusika_valla	NOUN	1
muusika_video	NOUN	1
muusikaa	NOUN	1
muusikaakadeemia	NOUN	1
muusikaalaline	ADJ	1
muusikag_ruba	NOUN	1
muusikainstrumend	NOUN	1
muusikakooliõpi=lane	NOUN	1
muusikal	NOUN	1
muusikam_aitse	NOUN	1
muusikant	NOUN	1
muusikat,pärt	ADJ	1
muusikat,süüa	NOUN	1
muusikat_erapeut	NOUN	1
muusikat_kuula	NOUN	1
muusikat_unnetus	NOUN	1
muusikav_ideo	NOUN	1
muusikavaldkond	NOUN	1
muusikavi_deotest	NOUN	1
muusikaõ_ppimine	NOUN	1
muusikia	NOUN	1
muusimene	NOUN	1
muusiume,toompe_ad,k_irik	NOUN	1
muusiumis_se,m	NOUN	1
muuska	NOUN	1
muut	NOUN	1
muut_kui	ADV	1
muutev	ADJ	1
muutlikkus	NOUN	1
muutmatu	ADJ	1
muutnuma	VERB	1
muutuma	NOUN	1
muutus	VERB	1
muuuseum	NOUN	1
muuusika	NOUN	1
muuutma	VERB	1
mxxxx@gmail.com	SYM	1
my	PRON	1
mysqel	PROPN	1
mäaletama	VERB	1
mäang	NOUN	1
mäbge,see	NOUN	1
mäda_muna	NOUN	1
mäel	ADP	1
mäes_uusatamine	NOUN	1
mäestik	NOUN	1
mägnima	VERB	1
mäi	NOUN	1
mäigima	VERB	1
mäingima	VERB	1
mäitsev	ADJ	1
mäkima	PROPN	1
mäkk	NOUN	1
mäkr	NOUN	1
mäks	NOUN	1
mälastus	NOUN	1
mälestu_sterada	NOUN	1
mälestus_kild	NOUN	1
mälestus_märk	NOUN	1
mälestus_sambas	NOUN	1
mälestus_samu	NOUN	1
mälestus_viideo	NOUN	1
mälestus_väärtus	NOUN	1
mäletam	NOUN	1
mäletama	PROPN	1
mäletamatu	ADJ	1
mäletamis_vahend	NOUN	1
mäletamis_viis	NOUN	1
mälettama	VERB	1
mälistus	NOUN	1
mämgi_sism	VERB	1
mämgima	VERB	1
mämgime_,pärast	ADJ	1
mänager	NOUN	1
mänd	PROPN	1
mände	VERB	1
mänedzer	NOUN	1
mäng	ADJ	1
mäng,_takistus	NOUN	1
mängdama	VERB	1
mänge,_veel	NOUN	1
mänge,sööki,tantse,viktoriin	NOUN	1
mänge,sööm	NOUN	1
mänge,viktoriin	NOUN	1
mänge,võimeltama	VERB	1
mänge.kuulama	VERB	1
mänge.ootama	VERB	1
mänge:võrkpall,jalgpall	NOUN	1
mängi	NOUN	1
mängi-võistlus	NOUN	1
mängi=tud	ADJ	1
mängi=v	ADJ	1
mängi_d,na	NOUN	1
mängi_da,kinos	NOUN	1
mängi_me,tansime	VERB	1
mängi_me,tants	VERB	1
mängi_me,tantsime	VERB	1
mängi_me,tee	VERB	1
mängi_meja	NOUN	1
mängi_sism	VERB	1
mängi_tuba	NOUN	1
mängida,_sall	NOUN	1
mängida,jooksta,jma	NOUN	1
mängida,joonistama	VERB	1
mängida,joostma	VERB	1
mängida,muusikas	NOUN	1
mängida,pali	NOUN	1
mängida,rattama	VERB	1
mängida,see	NOUN	1
mängida,tantsida,,lemmikmuusikat,kuulama	VERB	1
mängida._kuidas	NOUN	1
mängida_,oli	NOUN	1
mängidaerinev	ADJ	1
mängigs_ime,jooksime,hüppam	VERB	1
mängima	NOUN	1
mängima	PROPN	1
mängima,mängima	VERB	1
mängima,tantsida,jalutama	VERB	1
mängime,_rääkime	VERB	1
mängime,_sööm	NOUN	1
mängime,hüpama	VERB	1
mängime,jalutame,tantma	VERB	1
mängime,jooksime	VERB	1
mängime,joonistama	VERB	1
mängime,joonistame,jalutame,laulma	VERB	1
mängime,joonistame,kirjutame,vaatama	VERB	1
mängime,kuulame,suhtlema	VERB	1
mängime,sööm_e,jooksim	VERB	1
mängime,ujume,teedma	VERB	1
mängime,vaatama	VERB	1
mängime_,tantsime,sööm	VERB	1
mängime_,uisutam	VERB	1
mängimeerinema	VERB	1
mängimemänge,käie	NOUN	1
mängimine,15.40	NOUN	1
mängimma	VERB	1
mängisime,jooksama	VERB	1
mängisime,jooksima	VERB	1
mängisime,kirjutama	VERB	1
mängisime:korvpalli,jalgpalli,rahvaste_pall	NOUN	1
mängitama	VERB	1
mängiv	ADJ	1
mängiv	VERB	1
mängu,_võitja	NOUN	1
mängu,hüppama	NOUN	1
mängu,vaatama	NOUN	1
mängu_,päras	NOUN	1
mängu_aed	NOUN	1
mängu_arvuti	NOUN	1
mängu_asja_muuseum	NOUN	1
mängu_asjad,ja	NOUN	1
mängu_deruum	NOUN	1
mängu_film	NOUN	1
mängu_keskkonn	NOUN	1
mängu_maa_ilm	NOUN	1
mängu_muuseum	NOUN	1
mängu_pood	NOUN	1
mängu_päev	NOUN	1
mängu_ruum	NOUN	1
mängu_saal	NOUN	1
mängu_valjak	NOUN	1
mängua_sja	NOUN	1
mänguas_jad.	NOUN	1
mänguasjadega,mängima	VERB	1
mänguasjamuuseum	NOUN	1
mängud,_kell	NOUN	1
mängud,_pärast	NOUN	1
mängud,_võistlus	NOUN	1
mängud,autasusta=mine	NOUN	1
mängud,kuulama	NOUN	1
mängud,mui_dugi	ADV	1
mängud_,üht	NOUN	1
mängude_ruum	NOUN	1
mänguloss	NOUN	1
mänguma	VERB	1
mängur	NOUN	1
mänigima	VERB	1
mänima	VERB	1
männ	NOUN	1
männi_metsa	NOUN	1
männik	NOUN	1
männma	VERB	1
mänt	NOUN	1
mänu	NOUN	1
mänädser	NOUN	1
märatsema	VERB	1
märg	NOUN	1
märga=tud	ADJ	1
märgas	ADJ	1
märgiline	ADJ	1
märgitama	VERB	1
märka_ksime	VERB	1
märkamatu	ADJ	1
märke	NOUN	1
märkimisväärsem	ADJ	1
märkmik	NOUN	1
märt.m@gmail.com	ADJ	1
märt_sil,ne	NOUN	1
märtis	NOUN	1
märtsil,_kell	NOUN	1
"märtsil,mänguruumis"""	NOUN	1
märtsist-25.	NOUN	1
mätts	NOUN	1
määlestus	NOUN	1
määli=tud	ADJ	1
määr_kida	VERB	1
määratle=tav	ADJ	1
määrja	ADJ	1
mõel=dud	VERB	1
mõel=dut	VERB	1
mõeldamatu	ADJ	1
mõeldav	ADJ	1
mõeldma	VERB	1
mõelduma	VERB	1
mõeldus	NOUN	1
mõeltma	VERB	1
mõetlema	VERB	1
mõetma	VERB	1
mõilema	VERB	1
mõismatus	NOUN	1
mõisnik	NOUN	1
mõistamine	NOUN	1
mõistatus	NOUN	1
mõistav	ADJ	1
mõiste=tud	ADJ	1
mõiste_kaart	NOUN	1
mõistekam	ADJ	1
mõistekas	ADJ	1
mõistetu	ADJ	1
mõistli_kkute	ADJ	1
mõistlikkus	NOUN	1
mõistmatu	ADJ	1
mõistu	NOUN	1
mõistvalt	ADV	1
mõistvam	ADJ	1
mõitlema	VERB	1
mõitma	VERB	1
mõjoma	VERB	1
mõju=v	ADJ	1
mõju_võimsalt	ADV	1
mõju_võimsam	ADJ	1
mõjuka=im	ADJ	1
mõjukam	ADJ	1
mõjukas	ADJ	1
mõjul	ADP	1
mõjur	NOUN	1
mõjus	NOUN	1
mõjutavalt	ADV	1
mõjutus_tegur	NOUN	1
mõjutus_vahend	NOUN	1
mõle=dud	VERB	1
mõlema_poolne	ADJ	1
mõlemaharrasta=ja	NOUN	1
mõlemis_viis	NOUN	1
mõlev	NOUN	1
mõllema	VERB	1
mõnd	ADJ	1
mõnd	NOUN	1
mõnda_aeg	PRON	1
mõndi	PRON	1
mõne_päevane	ADJ	1
mõnegi	DET	1
mõnei	DET	1
mõnene	DET	1
mõngi	DET	1
mõni_aeg	NOUN	1
mõni_korg	ADV	1
mõnigord	ADV	1
mõnine	ADJ	1
mõningane	DET	1
mõningas	PRON	1
mõnt	DET	1
mõnu	DET	1
mõnu	NOUN	1
mõnu_aine	NOUN	1
mõnulema	VERB	1
mõnune	ADJ	1
mõnuti	ADV	1
mõos	VERB	1
mõra	NOUN	1
mõrv	NOUN	1
mõst_moodi	ADV	1
mõte	VERB	1
mõte=tud	VERB	1
mõte_käik	NOUN	1
mõtei	NOUN	1
mõteline	ADJ	1
mõtetul	NOUN	1
mõtiskle=mine	NOUN	1
mõtju	NOUN	1
mõtle=mine	NOUN	1
mõtle_vade	ADJ	1
mõtleja	NOUN	1
mõtlekult	ADV	1
mõtlema	PROPN	1
mõtlemis_aine	NOUN	1
mõtlemis_oskus	NOUN	1
mõtlemis_võime	NOUN	1
mõtlen,	NOUN	1
mõtlesima	VERB	1
mõtlevama	VERB	1
mõtte=mine	NOUN	1
mõtte_jõud	NOUN	1
mõtte_mull	NOUN	1
mõtte_töö	NOUN	1
mõtte_välgatus	NOUN	1
mõttekas	ADJ	1
mõttete_rakes	NOUN	1
mõttetu	NOUN	1
mõttu	ADP	1
mõttuma	NOUN	1
mõõde=tav	ADJ	1
mõõk	NOUN	1
mõõk	VERB	1
mõõl	NOUN	1
mõõn	NOUN	1
möirgamine	NOUN	1
möirgav	ADJ	1
möline	VERB	1
möllamine	NOUN	1
möng	NOUN	1
möngima	VERB	1
möni	DET	1
mönus	ADJ	1
mötlema	VERB	1
mööber	NOUN	1
mööblitisler	NOUN	1
mööda_kõndimine	NOUN	1
mööda_mineja	NOUN	1
möödas	ADP	1
möödasaatma	VERB	1
möödasõit=v	ADJ	1
möödnud	ADJ	1
möödu	ADV	1
möödu	NOUN	1
möödumine	NOUN	1
möödunu	ADJ	1
möödunu	NOUN	1
möödunut	ADJ	1
möödus	NOUN	1
mööndus	NOUN	1
möötama	VERB	1
mühin	NOUN	1
mühise=v	ADJ	1
müima	VERB	1
müle	PRON	1
müng	NOUN	1
müratama	VERB	1
müratsema	VERB	1
mürgelda=mine	NOUN	1
müri	NOUN	1
mürkgaas	NOUN	1
mürra_rikas	ADJ	1
müterdama	VERB	1
mütlema	VERB	1
müts	VERB	1
müts,_püksid,ja	NOUN	1
müts,mi	NOUN	1
müts/_müts	NOUN	1
mütsid,särked,see	ADJ	1
müü=dud	ADJ	1
müü_ase	NOUN	1
müüama	VERB	1
müüdma	VERB	1
müügi_esindaja	NOUN	1
müügi_lett	NOUN	1
müügi_portaal	NOUN	1
müüja	PROPN	1
müüjav	ADJ	1
müüjma	VERB	1
müüri_leht	NOUN	1
müüstiline	ADJ	1
müüt	NOUN	1
n	ADV	1
n.e	ADV	1
n.t	ADV	1
na	NOUN	1
naab_err_iigi	NOUN	1
naaber_küla	NOUN	1
naaber_maa	NOUN	1
naaber_maja	NOUN	1
naabri_mees	NOUN	1
naabri_naine	NOUN	1
naabri_tädi	NOUN	1
naabruskond	NOUN	1
naasmine	NOUN	1
nadalal	ADJ	1
nadalal,25	NOUN	1
nadi	ADJ	1
nadu	ADV	1
nael_pill	NOUN	1
naelutama	VERB	1
naer	VERB	1
naer+ma_panev	ADJ	1
naeratamine	NOUN	1
naeratav	ADJ	1
naeru_alune	NOUN	1
nafta_katkestus	NOUN	1
nafta_reostus	NOUN	1
nafta_tootja	NOUN	1
nafta_varu	NOUN	1
nagets	NOUN	1
nago	ADV	1
naha_vähi	NOUN	1
naha_värv	NOUN	1
nahama	VERB	1
nahas	NOUN	1
nahk_hiir	ADJ	1
nahk_hiir	NOUN	1
nahk_tagi	NOUN	1
nahkne	ADJ	1
nahktagk	NOUN	1
nai	NOUN	1
nai_skoorid,meskoor	NOUN	1
naidei	NOUN	1
naidlus	NOUN	1
naidma	VERB	1
naiivne	ADJ	1
naiivselt	ADV	1
nailjakas	ADJ	1
naine_,nad	NOUN	1
nairatus	NOUN	1
nairus	ADJ	1
nais	ADJ	1
naiste_puna	NOUN	1
naiste_rahvas	NOUN	1
naistekoor	NOUN	1
naistetantsu_peo	NOUN	1
naite_ring	NOUN	1
naiteks	NOUN	1
naitleja	PROPN	1
naitma	VERB	1
naitäma	VERB	1
najakas	ADJ	1
najl	NOUN	1
nakastuma	VERB	1
nakatatama	VERB	1
nakatumine	NOUN	1
nakk	NOUN	1
naksitrall	NOUN	1
nakune	ADJ	1
nalja,ronima	VERB	1
nalja_hammas	NOUN	1
nalja_paev	NOUN	1
nalja_päev	NOUN	1
naljane	ADJ	1
naljatlema	VERB	1
nano_osake	NOUN	1
nano_tehnoloogia	NOUN	1
nano_toode	NOUN	1
nappima	VERB	1
nappus	NOUN	1
narimis	NOUN	1
narism	NOUN	1
narkotikum	NOUN	1
narr	NOUN	1
narrija	NOUN	1
narrimine	NOUN	1
narv_as,genev	PROPN	1
narva	NOUN	1
narva-jõe-suus	PROPN	1
narva_haigla	NOUN	1
narvakesklinnagümnaasium.ee	NOUN	1
narvakl@gmail.com	SYM	1
narviline	ADJ	1
nastya	NOUN	1
natike	NOUN	1
natsionaalne	ADJ	1
nattuke	ADJ	1
nattukene	NOUN	1
natukene.meil	NOUN	1
natukepositiivse=m	ADJ	1
natukest	ADV	1
natukke	ADV	1
natulene	NOUN	1
naturaalsus	NOUN	1
natuur_mort	NOUN	1
natür_moor	ADV	1
natür_mort	NOUN	1
naudita=vam	ADJ	1
naut	NOUN	1
nautama	VERB	1
nauti_laager	NOUN	1
nautima	ADJ	1
nautiv	ADJ	1
nautuma	VERB	1
nd	ADV	1
ned	PRON	1
nedi	PRON	1
nee	PRON	1
nee=d,ne	ADJ	1
needus	NOUN	1
neel	ADJ	1
neen	VERB	1
neet	NOUN	1
neformaalselt	ADV	1
nega_tivsus	NOUN	1
negaativne	ADJ	1
negati_ivne	ADJ	1
negatiifne	ADJ	1
negatiine	ADJ	1
negatiive	NOUN	1
negativne	NOUN	1
negativsus	NOUN	1
negema	DET	1
neid	NOUN	1
neidi_metl	VERB	1
neidu_dekoor	NOUN	1
neil	PRON	1
neiteks	ADV	1
neju	NOUN	1
nel_jap_äeval,kaheküm	NOUN	1
nela_päev	NOUN	1
nele	VERB	1
neli,_kõik	NOUN	1
neli-kohaline	ADJ	1
neli.kontsert	NOUN	1
neli=ke	NOUN	1
neli_küme	NOUN	1
neli_päev	PROPN	1
neli_püha	NOUN	1
neli_toaline	ADJ	1
nelini	NUM	1
neliteist_kümn	NUM	1
neliteskümmend	NUM	1
nelj	NUM	1
nelj_apäe_valme	NOUN	1
nelj_apäev_al,reedel	NOUN	1
nelj_apäeval,_kell	NOUN	1
nelja_aastane	ADJ	1
nelja_jalgne	ADJ	1
nelja_kohta=line	ADJ	1
nelja_päevalm	NOUN	1
nelja_päevast-ree	PROPN	1
nelja_päiv	ADJ	1
nelja_päivas	ADJ	1
nelja_teist	NUM	1
nelja_teistkü_mneni	NUM	1
neljakümne_kolm	NOUN	1
neljaliikmeline	ADJ	1
neljandane	ADJ	1
neljandik	NUM	1
neljands	ADJ	1
neljapä_eval,_kool	NOUN	1
neljapäeval,ma	NOUN	1
neljas	NUM	1
neljas-	ADJ	1
neljas_päev	NOUN	1
neljast-viieni	NUM	1
neljateistkümne-aastane	ADJ	1
nell_ikümmend	NUM	1
nend	DET	1
nendelaane	NOUN	1
nendema	PRON	1
nene	PRON	1
nene_setundmine	NOUN	1
nent	NOUN	1
neon	NOUN	1
nerv	NOUN	1
nerveerima	VERB	1
neti_pood	NOUN	1
neti_sõltuvus	NOUN	1
neti_telefon	NOUN	1
netima_ailm	NOUN	1
netraal=sus	NOUN	1
netroon	NOUN	1
netti_sõltlane	NOUN	1
ni	NOUN	1
ni-na-ta-ga	NOUN	1
nigatiiv	NOUN	1
nigatiivne	ADJ	1
night	NOUN	1
nightcore	NOUN	1
nigu_nii	ADV	1
nihu	ADV	1
nihukesi	ADV	1
nihverdama	VERB	1
nii(	ADV	1
nii,_selne	PRON	1
nii,et	ADV	1
nii-nimetatud	ADJ	1
nii-nimetatud	ADV	1
nii-väga	ADV	1
nii..	PUNCT	1
nii_kui	ADV	1
nii_mõne	ADV	1
nii_pidi	ADV	1
nii_saama	ADV	1
nii_samad	DET	1
nii_samaks	ADV	1
nii_sugne	DET	1
nii_sugu	PRON	1
nii_sugune	ADV	1
nii_suguselt	ADV	1
nii_väga	ADV	1
niide=tud	ADJ	1
niidi=ke	NOUN	1
niidistik	NOUN	1
niidma	VERB	1
niiduk	NOUN	1
niigatiivsus	NOUN	1
niimetav	ADJ	1
niimoti	ADV	1
niina	ADV	1
niisam	ADJ	1
niiske	ADJ	1
niiskus	NOUN	1
niisutama	VERB	1
niitmine	NOUN	1
niitunduma	VERB	1
niivisi	ADV	1
nik_aua	ADV	1
nike	NOUN	1
nikolai,ma	NOUN	1
nikolai.mägi@gmail.com	SYM	1
nime_taksing	VERB	1
nimetama	ADV	1
nimetatu	ADJ	1
nimetuk	ADJ	1
nimi	PROPN	1
nimitama	VERB	1
nimi“	NOUN	1
nimme_piirkonna	NOUN	1
nimu	NOUN	1
nimudi	ADV	1
nina_sarvik	NOUN	1
ninama	NOUN	1
ninat	NOUN	1
nind	CCONJ	1
nind	NOUN	1
nind	PRON	1
nine	NOUN	1
ninem	ADV	1
nini	NOUN	1
nipernaat	NOUN	1
nipp	NOUN	1
nis_ugune	DET	1
nisu_põld	NOUN	1
njuke	ADJ	1
nkl@mail.ru	NOUN	1
nmt.14	NOUN	1
no	PROPN	1
no-reply@gmail.com	SYM	1
nobedamini	ADV	1
noh,ja	NOUN	1
noht	NOUN	1
nohus	NOUN	1
nokitsema	VERB	1
nokkmüts,_pükne	NOUN	1
nomer	NOUN	1
non	ADV	1
noo_rea	NOUN	1
noo_rtean_sambl	NOUN	1
noodi_harjutus	NOUN	1
noodi_töid	NOUN	1
noogutama	VERB	1
noor_kotka	NOUN	1
noor_mees	PROPN	1
noor_põlv	NOUN	1
noor_sugu	NOUN	1
noor_teab	NOUN	1
noor_teel	NOUN	1
noor_tefestival	NOUN	1
noor_tegrupp	NOUN	1
noor_tekskus	NOUN	1
noor_temaraton	NOUN	1
noor_teo_rkestris	NOUN	1
noorde_keskus	PROPN	1
noore_keskus	NOUN	1
noore_mgeneratsioon	NOUN	1
noori_komöödia	NOUN	1
noorik	NOUN	1
noorm	NOUN	1
noormene	ADJ	1
noors_portlane	NOUN	1
noorsoo_töö	NOUN	1
noort_eper	NOUN	1
noorte_ansambel	NOUN	1
noorte_hulk	NOUN	1
noorte_koondis	NOUN	1
noorte_peod	NOUN	1
noorte_pidu	NOUN	1
noorte_pile	NOUN	1
noorte_seas	ADJ	1
noorte_üritus	NOUN	1
noortem	ADJ	1
noortem	NOUN	1
nooru_kiik	NOUN	1
nooruk	ADJ	1
noorukas	NOUN	1
nooruke	ADJ	1
nooruke	NOUN	1
noorus	ADJ	1
nordik	ADJ	1
nore	ADJ	1
nore	NOUN	1
norem	ADJ	1
norg	NOUN	1
nori	ADJ	1
nori	NOUN	1
norm	ADJ	1
normaalsus	ADJ	1
normaalsus	NOUN	1
normaliseerima	VERB	1
normaliserima	VERB	1
noro	NOUN	1
nort	NOUN	1
nortalgi=line	ADJ	1
nostalgiliselt	ADV	1
nostalgitsema	VERB	1
noti_gramaatika	NOUN	1
noustuma	VERB	1
nova_turs	NOUN	1
november	PROPN	1
novembrik	NOUN	1
novembril,kunstimuuseum	NOUN	1
npg.edu.ee	NOUN	1
npg.edu@mail.ru	PROPN	1
nr	NOUN	1
nr.7	NOUN	1
nu	ADV	1
nuad	NOUN	1
nublu	ADJ	1
nublu	NOUN	1
nublu’	ADJ	1
nuh	INTJ	1
nuju	NOUN	1
nukitsa_mees	NOUN	1
nukker	ADJ	1
nukker	NOUN	1
nukku_teater	NOUN	1
nukkum_uuseum	NOUN	1
nukkumu_useum	NOUN	1
nukkumu_useumine	NOUN	1
nukras	ADJ	1
nuku_muuseum	NOUN	1
nuku_muusium	NOUN	1
nuku_näitlus	NOUN	1
nuku_teater	NOUN	1
nukum_uuseum	NOUN	1
nukumuuseumis.nukumuuseum	NOUN	1
nuli	NOUN	1
number	PROPN	1
number,+37255544444	NOUN	1
number-543210	NOUN	1
number-8805555555.minu	NOUN	1
number..........	NOUN	1
numbr	NOUN	1
numbrik_lahvid	NOUN	1
numbrile-+3725544_445	NOUN	1
numbrima	VERB	1
numbrine	NOUN	1
nunn	ADJ	1
nunnu	ADJ	1
nuputa=mine	NOUN	1
nuputus_üles_anne	NOUN	1
nurjuma	VERB	1
nurme_nukk	NOUN	1
nurr	ADJ	1
nutell	NOUN	1
nuti_ajastus	NOUN	1
nuti_asja	NOUN	1
nuti_auto	NOUN	1
nuti_elu	NOUN	1
nuti_kodu	NOUN	1
nuti_kool	NOUN	1
nuti_laagr	NOUN	1
nuti_laagrine	ADJ	1
nuti_laagrus	NOUN	1
nuti_lagr	NOUN	1
nuti_riik	NOUN	1
nuti_tahvel	NOUN	1
nuti_tahvli	NOUN	1
nuti_tehnika	NOUN	1
nuti_telefone	NOUN	1
nuti_vabamalt	ADV	1
nutia_jastul	NOUN	1
nutiaager	NOUN	1
nutikus	NOUN	1
nutima	VERB	1
nutimaania	NOUN	1
nutis_eadmed	NOUN	1
nutitarbe	NOUN	1
nutite_lefon	NOUN	1
nutitelefo_nite	NOUN	1
nutmine	NOUN	1
nuts	NOUN	1
nutt	NOUN	1
nuttav	ADJ	1
nutti_laager	NOUN	1
nuttite_lefon	NOUN	1
nuttma	VERB	1
nuu	ADV	1
nuu..	ADV	1
nuud	ADJ	1
nuud	PRON	1
nuudis_ühiskonn	NOUN	1
nuustik	NOUN	1
nuut	ADJ	1
nuutama	VERB	1
nuuti	ADV	1
nuutma	VERB	1
nuvder	NOUN	1
näadal	NOUN	1
näama	VERB	1
näbanöör	NOUN	1
nädal_aeg	NOUN	1
nädala_jooksul	NOUN	1
nädala_lekskursion	NOUN	1
nädala_lõpt	NOUN	1
nädalal:esmaspäeval,teisipäeval,kolma_päev	NOUN	1
nädalane	ADJ	1
nädalane	NOUN	1
nädalas,esmaspäeviti,teis_ipäev	NOUN	1
nädall	NOUN	1
nädalla	NOUN	1
nädas	NOUN	1
nädend	NOUN	1
nädä	NOUN	1
näe_relm	VERB	1
näeteks	NOUN	1
näga	NOUN	1
nägamine	NOUN	1
nägema	NOUN	1
nägema	PROPN	1
nägemini	ADV	1
nägemis_kahjustus	NOUN	1
nägemisene	NOUN	1
nägemä	VERB	1
nägimine	NOUN	1
nägämisine	ADJ	1
nähas	VERB	1
nähma	VERB	1
nähtamatult	ADV	1
nähtamisi	ADV	1
nähtavalt	ADV	1
nähtsus	NOUN	1
näi_nud,e	VERB	1
näi_teli	NOUN	1
näi_tesk	NOUN	1
näidama	VERB	1
näide	VERB	1
näidi	NOUN	1
näidma	VERB	1
näileja	NOUN	1
näine	ADJ	1
näiritama	VERB	1
näita_:lossi,vana	ADJ	1
näitav	ADJ	1
näite_praktika	NOUN	1
näite_ringe	NOUN	1
näite_ringi	NOUN	1
näitede	NOUN	1
näitek	ADJ	1
näitek	VERB	1
näiteks	NOUN	1
näiteks	VERB	1
näitekst	ADV	1
näitel-	ADV	1
näitelja	NOUN	1
näitja	NOUN	1
näitjeja	NOUN	1
näitjel	NOUN	1
näitkema	VERB	1
näitkes	ADV	1
näitle=mine	NOUN	1
näitle_naja	NOUN	1
näitleja	PROPN	1
näitlejad...	NOUN	1
näitlejk	NOUN	1
näitlejä	NOUN	1
näitlem	NOUN	1
näitlija	NOUN	1
näitlja	NOUN	1
näitlus,vaatama	VERB	1
näitlus_ring	NOUN	1
näitme	VERB	1
näituma	VERB	1
näituse_ring	NOUN	1
näjtama	VERB	1
näkk	NOUN	1
näla	NOUN	1
nälgima	VERB	1
nälja_päev	ADV	1
näljaka=m	ADJ	1
näljuma	VERB	1
näme	VERB	1
nängima	VERB	1
näo	NOUN	1
näo_mask	NOUN	1
näpu_liigutus	NOUN	1
näpunäide	NOUN	1
närv	ADJ	1
närverima	VERB	1
närvi_puntra	NOUN	1
närvi_rakk	NOUN	1
närvi_susteem	NOUN	1
närvilisus	NOUN	1
närvine	ADJ	1
närvine	NOUN	1
nätma	VERB	1
näu	NOUN	1
näus	NOUN	1
nääd_ala	NOUN	1
näägema	VERB	1
nõbu	NOUN	1
nõi_amaja=ke	NOUN	1
nõia	NOUN	1
nõia_maja	NOUN	1
nõia_ring	NOUN	1
nõid	ADJ	1
nõid	PRON	1
nõidma	NOUN	1
nõjde_kool	NOUN	1
nõme	NOUN	1
nõmmliiva	NOUN	1
nõrg	NOUN	1
nõrg_külg	NOUN	1
nõrgama	VERB	1
nõrge	ADJ	1
nõrgendama	VERB	1
nõrgim	ADJ	1
nõrgu	ADJ	1
nõrk_koht	NOUN	1
nõrkame	ADJ	1
nõu=tud	ADJ	1
nõu_inimene	NOUN	1
nõu_kogud_eaj	NOUN	1
nõua	NOUN	1
nõuandev	ADJ	1
nõud	NOUN	1
nõud_epes_umasina	NOUN	1
nõud_epesumasin	NOUN	1
nõudav	ADJ	1
nõude_pesija	NOUN	1
nõudepes_umasin	NOUN	1
nõudlikum	ADJ	1
nõudu	NOUN	1
nõugama	VERB	1
nõuka_aeg	NOUN	1
nõuko_gudeaj	NOUN	1
nõukogude_aegne	ADJ	1
nõuma	NOUN	1
nõus,_siis	ADV	1
nõuse	ADV	1
nõustuma	ADJ	1
nöksi=mine	NOUN	1
nöus	ADV	1
nüansi_rikkalt	ADV	1
nüansi_rikkalt	NOUN	1
nüants	NOUN	1
nüd	PRON	1
nüüi	ADV	1
nüüt	ADJ	1
nüütne	ADJ	1
o	AUX	1
oarem	ADJ	1
obiivsus	NOUN	1
objektiivsem	ADJ	1
observatoorium	NOUN	1
odama	VERB	1
odavaltt_oodetav	ADJ	1
odavam	ADV	1
odavisk	NOUN	1
odavnemine	NOUN	1
office	NOUN	1
ohe	NOUN	1
ohh	INTJ	1
ohi	NOUN	1
ohjeldama	VERB	1
ohtlikem	ADJ	1
ohtlikkus	NOUN	1
ohtlikult	ADV	1
ohtu	NOUN	1
ohtul.ma	NOUN	1
ohtune	NOUN	1
ohu	NOUN	1
ohu_olu_kord	NOUN	1
ohus	ADJ	1
ohus	NOUN	1
ohutaju	NOUN	1
ohutuim	ADJ	1
ohutus	NOUN	1
ohvri+te_rikka=m	ADJ	1
ohvri_kivi	NOUN	1
ohvrite=ronk	ADJ	1
oi-oi	ADV	1
oi..	INTJ	1
oiev	ADJ	1
oige.amet@hot.ee	SYM	1
oigeamet@gmail.com	NOUN	1
oii	INTJ	1
oikk	NOUN	1
oil	AUX	1
oil	NOUN	1
oilema	VERB	1
oja	NOUN	1
ojtama	VERB	1
ok	ADV	1
ok	INTJ	1
ok	NOUN	1
okkaline	ADJ	1
oksama	VERB	1
oksus	NOUN	1
oktiivne	ADJ	1
oktoober	PROPN	1
oktoobr_il,k	NOUN	1
oktoobr_il.me	NOUN	1
oktoobril.spordip	NOUN	1
okupatsion	NOUN	1
okupeeri=tud	ADJ	1
ola_sales	NOUN	1
olane	VERB	1
old	ADJ	1
old	AUX	1
oldma	AUX	1
ole.ma	AUX	1
oleem	AUX	1
oleksma	AUX	1
olema	NOUN	1
olema_väga	NOUN	1
olemas_olek	NOUN	1
olemavana_aegne	ADJ	1
oleme_ekskursioon	NOUN	1
olems	VERB	1
olemuselt	ADV	1
olenalati	ADV	1
olendma	AUX	1
olenosalema	VERB	1
olettema	AUX	1
olev	VERB	1
olevane	ADJ	1
oleviku=line	ADJ	1
olga.mänd@gmail.com	SYM	1
olgu..	VERB	1
oli	VERB	1
oli,ja	ADV	1
oliema	AUX	1
olikas	ADJ	1
olime.seal	NOUN	1
oll	NOUN	1
oll=nud	AUX	1
olla,k	NOUN	1
olla..	SYM	1
olla.meil	NOUN	1
ollema	NOUN	1
ollma	AUX	1
olluline	ADJ	1
olm	AUX	1
olma	AUX	1
olnema	VERB	1
olnuma	AUX	1
olu-korrda	NOUN	1
olu_kore	NOUN	1
olu_kutse	NOUN	1
olulisemalt	ADV	1
olulisev	ADJ	1
oluma	AUX	1
oluma	VERB	1
olumi	VERB	1
olusem	ADJ	1
olümpia_maskot	NOUN	1
olümpia_medaal	NOUN	1
olümpias_tart	NOUN	1
olümpiat	NOUN	1
olümpüaat	NOUN	1
olüümp_iamäng	NOUN	1
olüüpia	NOUN	1
om	AUX	1
oma_aeg	NOUN	1
oma_algatuslik	ADJ	1
oma_ealine	NOUN	1
oma_elu	NOUN	1
oma_kasu	NOUN	1
oma_kaudu	ADV	1
oma_keel	NOUN	1
oma_kord	ADV	1
oma_laadne	ADJ	1
oma_lõbu	NOUN	1
oma_pea	NOUN	1
oma_peal	ADV	1
oma_poolt	ADV	1
oma_päi	ADV	1
oma_päi	NOUN	1
oma_pära	NOUN	1
oma_pärasus	NOUN	1
oma_päärne	ADJ	1
oma_soodu	ADV	1
oma_tmoodi	ADV	1
oma_voliliselt	ADV	1
omaar	NOUN	1
omadi	NOUN	1
omadu_sõna	NOUN	1
omaja	NOUN	1
omakasu_püüdlik	ADJ	1
omakasupüüdlikkus	NOUN	1
omakasupüüdlikum	ADJ	1
omaksed	ADJ	1
omamine	NOUN	1
omand	ADJ	1
omandaja	NOUN	1
omaselt	ADV	1
omasem	ADJ	1
omatma	VERB	1
ome	PRON	1
omlett	NOUN	1
on,e	ADV	1
on.	ADV	1
on.	AUX	1
on.mlema	AUX	1
on06.06	NUM	1
on12	NUM	1
on:jooks,jalgpall,võrkpall,korvpall	NOUN	1
ona	ADP	1
ona	AUX	1
ona	PRON	1
one	NOUN	1
one	X	1
onerinema	VERB	1
onho_mme	ADV	1
onistama	VERB	1
onkülm	ADV	1
onl	AUX	1
onlema	AUX	1
online	ADJ	1
online	NOUN	1
online-format	NOUN	1
online-kursus	NOUN	1
only	ADJ	1
onme	NOUN	1
onmängimine	NOUN	1
onnestuma	VERB	1
onnetu	ADJ	1
onpaabu_lind	NOUN	1
onsoe	NOUN	1
onu_poeg	NOUN	1
onu_tüti	NOUN	1
onutü_tars	NOUN	1
onvä	NOUN	1
onvägasoe	NOUN	1
oobema	VERB	1
oodatav	ADJ	1
oode	NOUN	1
oodeama	NOUN	1
oodeama	VERB	1
ooksendama	VERB	1
oolema	AUX	1
ooma	VERB	1
oootama	VERB	1
oope_rilaulja	NOUN	1
ootaama	VERB	1
ootan,sinu	ADJ	1
ootan@vastust.ee	NOUN	1
ootas	VERB	1
ootasime,istuma	VERB	1
oote_aeg	NOUN	1
ootrama	VERB	1
ootsu	NOUN	1
ootus_rikas	ADJ	1
op_ilased.spordip	NOUN	1
opelane	NOUN	1
oper	NOUN	1
opera	NOUN	1
operator	NOUN	1
operatsion	NOUN	1
opereerimine	NOUN	1
opetus	NOUN	1
opilane12@bk.ru	NOUN	1
opimine	NOUN	1
opinion	NOUN	1
oponent	NOUN	1
opositsioonip_oliitik	NOUN	1
oppe_aine	NOUN	1
opponent	NOUN	1
opportunistlikult	ADV	1
optemine	NOUN	1
optimistlikult	ADV	1
orang	NOUN	1
orav	ADJ	1
oravapoiss	NOUN	1
orbiit	NOUN	1
ordul_innus	NOUN	1
orenteeruma	VERB	1
org	NOUN	1
orgaaniline	ADJ	1
organeseerima	VERB	1
organisatsion	NOUN	1
organiseeima	VERB	1
organiseeria	NOUN	1
organiseerim	NOUN	1
organiseerimis_töö	NOUN	1
organiseerit_ud.mu	NOUN	1
organiseeritamine	NOUN	1
organiseeru=mine	NOUN	1
organiseri=tu	NOUN	1
organisserima	VERB	1
orhanüsator	NOUN	1
ori	ADJ	1
orientatsioon	NOUN	1
orienteeri=tud	ADJ	1
orienteeri=tud	VERB	1
orienteerumin_e.min	NOUN	1
orienteri=mine	NOUN	1
orienteru=mine	NOUN	1
orienteruma	VERB	1
origaam	NOUN	1
originaalsus	NOUN	1
orinteeri_mäng	NOUN	1
orinteerumine.ma	NOUN	1
orinteru=mine	NOUN	1
orintiir	NOUN	1
orja_pidamine	NOUN	1
orjandus	NOUN	1
ork_estrid,noortekooris,lastekoor	NOUN	1
orkestr	NOUN	1
orkestrid.vanem	NOUN	1
orkestriproov	NOUN	1
orkestritöö	NOUN	1
orn	NOUN	1
orunteriamine	NOUN	1
orünteerimine	NOUN	1
os	ADV	1
os	NOUN	1
osa.esimene	NOUN	1
osa.me	NOUN	1
osa.plaan	NOUN	1
osa.sp_ordip	NOUN	1
osa.sport	NOUN	1
osa_kõik	ADV	1
osa_leidja	NOUN	1
osa_lesttasu	NOUN	1
osa_võtma	VERB	1
osa_võttja	NOUN	1
osad,kän	NOUN	1
osakemine	NOUN	1
osakonna	NOUN	1
osale=nud	ADJ	1
osaled	NOUN	1
osalejadtegima	VERB	1
osalema	NOUN	1
osalene	NOUN	1
osales	NOUN	1
osalesi	NOUN	1
osalesti	ADV	1
osalev	ADJ	1
osalevad-mart,mina,kadri,anna,mari,karl,siim_,aia	NOUN	1
osalevma	VERB	1
osalija	NOUN	1
osalima	VERB	1
osaline	NOUN	1
osalus_tasu	VERB	1
osalust_asu	NOUN	1
osalustas	NOUN	1
osanen	NOUN	1
osanik	NOUN	1
osaspordi_päev	NOUN	1
osatama	VERB	1
osatlama	VERB	1
osavalt	ADV	1
osdma	VERB	1
ose	NOUN	1
osee	NOUN	1
oselama	VERB	1
oseleja	NOUN	1
oselema	VERB	1
osema	VERB	1
osk_a,kõik	VERB	1
oska=ja	NOUN	1
oskaja	NOUN	1
oskama	AUX	1
oskav	ADJ	1
oskust	NOUN	1
osoon	NOUN	1
osooni_augu	NOUN	1
osooni_auk	NOUN	1
osooni_kiht	NOUN	1
ossalema	VERB	1
ost	VERB	1
ost_tarbekam	ADJ	1
osta._kui	ADV	1
osta.arvama	VERB	1
osta.paluma	VERB	1
ostamine	NOUN	1
osten	VERB	1
ostma.	NOUN	1
ostmis_rõõm	NOUN	1
ostuma	VERB	1
osukama	VERB	1
osutuv	ADJ	1
ota	NOUN	1
otamm	NOUN	1
ots	ADV	1
otsas	NOUN	1
otsas“	ADP	1
otsatu	ADJ	1
otse	ADJ	1
otse-eetr	NOUN	1
otse-eets	NOUN	1
otse_kohal	NOUN	1
otse_kohane	ADJ	1
otse_kohene	ADJ	1
otse_lenn	NOUN	1
otse_loomulikult	ADV	1
otse_üle_kanne	NOUN	1
otsema	VERB	1
otsi=nud	ADJ	1
otsing_umootor	NOUN	1
otsingu_sõna	NOUN	1
otsitav	ADJ	1
otsitu	NOUN	1
otsma	VERB	1
otstarbekamalt	ADV	1
otsus_tasi	VERB	1
otsusma	VERB	1
otsustaja	NOUN	1
otsuste_rohkem	ADJ	1
otsustma	VERB	1
otsustus_vabadus	NOUN	1
otsutama	VERB	1
otus	NOUN	1
ou_hind	NOUN	1
oue	NOUN	1
oues	ADV	1
p	NOUN	1
p.pinna	PROPN	1
paa	NUM	1
paa_nkook	NOUN	1
paagima	VERB	1
paan	NOUN	1
paar	ADJ	1
paarem	ADJ	1
paaremak	VERB	1
paari-kolm	NUM	1
paari-kümn	NUM	1
paari_asi	NOUN	1
paari_töö	NOUN	1
paariline	ADJ	1
paarim	NOUN	1
paartner	NOUN	1
paastama	VERB	1
paber_kujutis	NOUN	1
paber_kuul	NOUN	1
paber_raha	NOUN	1
paberi,kus	NOUN	1
paberi_leht	NOUN	1
paberi_lipik	NOUN	1
paberi_suur	NOUN	1
pad	NOUN	1
padi“	NOUN	1
padjas	NOUN	1
padu_vihm	NOUN	1
pae_parg	NOUN	1
paekiv	NOUN	1
paelu=v	ADJ	1
paeluv	ADJ	1
paganlik	ADJ	1
pagar-kond	NOUN	1
pagar-kond	PROPN	1
pagari_tööde	NOUN	1
pagarija	NOUN	1
pagariär	NOUN	1
pagulane	NOUN	1
pagulasp_robleem	NOUN	1
paha	VERB	1
paha_meet	NOUN	1
paha_sõna	NOUN	1
paha_tihti	ADV	1
paham	ADJ	1
pahama	VERB	1
pahandav	ADJ	1
pahas	ADJ	1
pahaselt	ADV	1
pahastama	VERB	1
pahat	NOUN	1
pahatus	NOUN	1
pahe_pool	NOUN	1
pahem	ADV	1
pahenema	VERB	1
pahu_pidi	ADV	1
pahu_poolest	ADV	1
pahu_poolest	NOUN	1
pai	ADJ	1
paiga=ke	NOUN	1
paigaž	NOUN	1
paiguta=tud	ADJ	1
paikesepaisteline	ADJ	1
paikne	ADJ	1
paiks	NOUN	1
paikselt	ADV	1
paikus	PROPN	1
paind=likum	ADJ	1
paint_ball	NOUN	1
paintboll	NOUN	1
painutama	VERB	1
paiskuma	VERB	1
paist	NOUN	1
paistab.ekskursioon	NOUN	1
paisteline	ADJ	1
paistma	NOUN	1
paitav	ADJ	1
paitball	NOUN	1
pajstap	NOUN	1
pakas	ADJ	1
pakema	VERB	1
pakima	VERB	1
pakk	VERB	1
pakk-uma	VERB	1
pakke_paber	NOUN	1
pakku=tud	ADJ	1
pakkum	VERB	1
pakkuma	ADJ	1
pakkumus	NOUN	1
pakkus	ADJ	1
pakkuti	VERB	1
pakkuvam	ADJ	1
paks	NOUN	1
paksem	ADJ	1
paksma	VERB	1
paksune	ADJ	1
paksus	ADJ	1
paksus	NOUN	1
paku	NOUN	1
pakuema	VERB	1
pakum	NOUN	1
pakune	NOUN	1
pakutatud	ADJ	1
pakuv	VERB	1
pakuvama	VERB	1
pal	NOUN	1
pal=nud	ADJ	1
pala_v,ma	NOUN	1
palavaimalt	ADV	1
pale	NOUN	1
palentoloogia	NOUN	1
palga_tööl	NOUN	1
palge	NOUN	1
palija	NOUN	1
palja_käsi	NOUN	1
paljas	NOUN	1
paljastama	VERB	1
palju	NOUN	1
palju_,lõppus	ADV	1
paljud_einimene	NOUN	1
paljudele_haigus	NOUN	1
paljult	ADV	1
paljunaljakas	ADJ	1
paljundama	VERB	1
palka	NOUN	1
palka_maja	NOUN	1
palkas	NOUN	1
palkkas	NOUN	1
pall	ADJ	1
pall	PROPN	1
pall	VERB	1
pall,spordiriided,t-särk	NOUN	1
pall._spordip	NOUN	1
palle_,hüpasim	NOUN	1
palli,_kurb	NOUN	1
palli,_kuul	NOUN	1
palli,_päike	NOUN	1
palli,hüp_pada	NOUN	1
palli,hüppama	VERB	1
palli,ja	NOUN	1
palli,jalutame,korjama	VERB	1
palli,jookseme,joonistame,_hüppame	NOUN	1
palli,kui	NOUN	1
palli,lulama	NOUN	1
palli_,joke	ADJ	1
palli_,mll	NOUN	1
palli_.aju_hind	NOUN	1
palli_mängimine	NOUN	1
palli_visk	NOUN	1
palli_viskamine	NOUN	1
pallidega,teem	NOUN	1
palliga,jokseme,mangima	NOUN	1
palliga,jookne	NOUN	1
palliga.kaasa	NOUN	1
pallima_ngita.a	NOUN	1
pallimangisime.au_hink	NOUN	1
palliv_iske	NOUN	1
palliviskama	NOUN	1
palljusaama	VERB	1
palluma	VERB	1
palm	NOUN	1
palm_ioks	NOUN	1
palun	ADJ	1
palun	VERB	1
palun,_kui	NOUN	1
palunhelistama	VERB	1
palus	NOUN	1
palutama	VERB	1
pan=nud	ADJ	1
pan_krannik	NOUN	1
pand_ahous	PROPN	1
pandamatu	ADJ	1
pane	VERB	1
panea	VERB	1
paned_mida	NOUN	1
paned_selk	NOUN	1
paneme_jopp	NOUN	1
paneme_selk	NOUN	1
paneme_sooj	ADJ	1
panen,no	NOUN	1
panen.ma	ADJ	1
panen_selk	NOUN	1
panent-särki,jo_pe,pük	NOUN	1
panet-särk	NOUN	1
panete,ema	VERB	1
panga_kaard	NOUN	1
panga_kardis	NOUN	1
panga_muuseum	NOUN	1
panga_terminaal	NOUN	1
pangakaart	NOUN	1
pange_sooj	NOUN	1
pani_mejo	NOUN	1
panija	NOUN	1
panitaar	NOUN	1
panka_automaat	NOUN	1
pankas	NOUN	1
pankok	NOUN	1
pankr_annik	NOUN	1
pankur	NOUN	1
panna:spordiri_ided,ja	NOUN	1
panna_kott	NOUN	1
panna_riie	NOUN	1
pannamustama	VERB	1
pannkok	NOUN	1
pannustama	VERB	1
panoraam	NOUN	1
papa	NOUN	1
paper	NOUN	1
papkas	NOUN	1
papp	NOUN	1
paprika	NOUN	1
paps	NOUN	1
par	NUM	1
par_gis,püha_päev	NOUN	1
paraat	NOUN	1
paradoksaalne	ADJ	1
paradoksiline	ADJ	1
parafraseerima	VERB	1
paralee_lklass	NOUN	1
paraleel_klass	NOUN	1
paralel	NOUN	1
paralleel_klass	NOUN	1
paralleelklassiõpilane	NOUN	1
paraloonikuubikusega.mina	NOUN	1
paramin	ADV	1
parananema	VERB	1
parand	NOUN	1
paranda=nud	ADJ	1
paranda=tud	ADJ	1
parandaja	NOUN	1
parandamatu	ADJ	1
parandatama	VERB	1
parandav	ADJ	1
parane	ADJ	1
paranema	NOUN	1
paranes	NOUN	1
paranev	ADJ	1
paranoia	NOUN	1
paranoiline	ADJ	1
paratamatus	NOUN	1
pardis	NOUN	1
pare_mini.see	ADJ	1
parem	NOUN	1
parem,e	NOUN	1
parem_poolne	ADJ	1
parema_sõbr	NOUN	1
paremasti	ADV	1
paremeni	ADJ	1
parendamine	NOUN	1
parenenud	ADJ	1
pargi,seal	ADV	1
pargi_keskus	NOUN	1
pargi_pink	NOUN	1
pargi_ring	NOUN	1
pargi_s,s	NOUN	1
pargis	NOUN	1
pargis,2	ADJ	1
pargis,umbes	NOUN	1
pargis-ranna_park	PROPN	1
pargis.1.-9.	ADJ	1
pargis._kell	NOUN	1
pargis._opetaja	NOUN	1
pargis.k_ontserd	NOUN	1
pargis.kui	ADV	1
pargis.ma	NOUN	1
pargis.mina	NOUN	1
pargis.osa	NOUN	1
pargis.spordip	NOUN	1
pargisse._spordip	NOUN	1
pari	ADJ	1
pari	NUM	1
parilm	ADJ	1
parim	NOUN	1
parim	PROPN	1
parimad“	ADJ	1
parinev	ADJ	1
paris	ADJ	1
park	ADJ	1
park.see	NOUN	1
parkija	NOUN	1
parkima	VERB	1
parkimis	NOUN	1
parlament	NOUN	1
parm	NOUN	1
parndamine	NOUN	1
parool	NOUN	1
paroom	NOUN	1
parraleel	NOUN	1
parras	NOUN	1
parris	PROPN	1
parst	ADV	1
part	NOUN	1
partei	NOUN	1
parukas	NOUN	1
pasiivne	ADJ	1
paslik	ADJ	1
passiivselt	ADV	1
passiivsemalt	ADV	1
passiivsus	NOUN	1
passima	VERB	1
passivne	ADJ	1
pasta	ADJ	1
pastap_liats	NOUN	1
pastma	NOUN	1
patarei	NOUN	1
patja	NOUN	1
patrioot	NOUN	1
patriotism	NOUN	1
patsi_kumm	NOUN	1
patsifism	NOUN	1
patsutama	VERB	1
patsutus	NOUN	1
patu	NOUN	1
paugu_pealt	ADV	1
pauk2	NOUN	1
paul	NOUN	1
pausse	ADJ	1
pea	ADJ	1
pea-aeg	ADV	1
pea-näitleja	NOUN	1
pea_aegselt	ADV	1
pea_aeine	NOUN	1
pea_agu	NOUN	1
pea_ajju	NOUN	1
pea_aju	NOUN	1
pea_arst	NOUN	1
pea_bkaasa	NOUN	1
pea_derektor	NOUN	1
pea_esindaja	NOUN	1
pea_hoone	NOUN	1
pea_inimene	NOUN	1
pea_juhendaja	NOUN	1
pea_kangelane	NOUN	1
pea_kirjanik	NOUN	1
pea_kokkal	NOUN	1
pea_kokkalt	NOUN	1
pea_kokkas	NOUN	1
pea_korraldaja	NOUN	1
pea_korter	NOUN	1
pea_l	ADJ	1
pea_maja	NOUN	1
pea_mängija	NOUN	1
pea_mõtte	NOUN	1
pea_organisaator	NOUN	1
pea_peale	ADV	1
pea_probleem	NOUN	1
pea_rool	NOUN	1
pea_teema	NOUN	1
pea_tegele	NOUN	1
pea_treener	NOUN	1
pea_tükk	NOUN	1
pea_uks	NOUN	1
pea_vastas	NOUN	1
pea_vastutaja	NOUN	1
peaage	NOUN	1
peaagu	NOUN	1
peaama	AUX	1
peaau_hinn	NOUN	1
peabolla	ADV	1
peade	NOUN	1
peadma	AUX	1
peadmine	NOUN	1
peadolema	NOUN	1
peaedaga	AUX	1
peaek_skursioon	NOUN	1
peaeri_ala	NOUN	1
peake	NOUN	1
peako	NOUN	1
peakokas	NOUN	1
peakokkas	ADJ	1
peal,_mäng	VERB	1
peal,_sööm	NOUN	1
peal,m	NOUN	1
peal,see	NOUN	1
peal,tegime	ADV	1
peal.kell	NOUN	1
peal_e,t_eeme	NOUN	1
peal_näitleja	NOUN	1
peale,_auhind	NOUN	1
peale,mängima	VERB	1
peale.see	NOUN	1
peale_.mull	NOUN	1
peale_hakkaja	NOUN	1
peale_hakkamine	NOUN	1
peale_surutud	ADJ	1
peale_tukkiv	ADJ	1
peale_tükkiv	ADJ	1
pealemagamiskotk	NOUN	1
pealmiselt	ADV	1
pealtkuulami_smehanism	NOUN	1
peama	VERB	1
peame_ekskursion	NOUN	1
peame_panema	VERB	1
peamis	ADJ	1
peap	NOUN	1
peasi_senemine	NOUN	1
peatma	VERB	1
peatusesväike-õismäe	NOUN	1
peavadolema	NOUN	1
peb	AUX	1
ped	AUX	1
pedagoogiline	ADJ	1
pede_ljooks	NOUN	1
peedi_supp	NOUN	1
peegel_kaamera	NOUN	1
peegi	NOUN	1
peeldima	VERB	1
peen	ADJ	1
peene_kujuline	ADJ	1
peenem	ADJ	1
peenem	VERB	1
peenikene	ADJ	1
peenra	NOUN	1
peensus	NOUN	1
peeru_valge	NOUN	1
peetama	VERB	1
peeter@gmail.com	NOUN	1
peetus	NOUN	1
pehmendus	NOUN	1
pei_žažd	NOUN	1
peidetud	ADJ	1
peidma	VERB	1
peidu_koha	NOUN	1
peisaaž	NOUN	1
peitama	VERB	1
peitlik	ADJ	1
peitu	NOUN	1
peižaaž	NOUN	1
pekokk	NOUN	1
peksa	ADV	1
peksmine	NOUN	1
peletik	NOUN	1
peli_tehnikum	PROPN	1
pema	VERB	1
pendel_jooks	NOUN	1
pendell	ADJ	1
pendell	NOUN	1
pendelt_eatejook	NOUN	1
pendelte_atejooks	NOUN	1
pendelte_atejooksus	NOUN	1
pendelteate_jooksus	NOUN	1
pendelteatejooks,pallivise,kaugus_hüpe	NOUN	1
pendelteatejooksul.mud	NOUN	1
penetsiliin	NOUN	1
pensioneer	NOUN	1
pensionä_äripall	NOUN	1
pentaloogia	NOUN	1
pentelte_atejooks	NOUN	1
peo_juht	NOUN	1
peo_kava	NOUN	1
peo_koraldaja	NOUN	1
peo_korraldaja	NOUN	1
peo_korraldamine	NOUN	1
peo_loom	NOUN	1
peo_pesa	NOUN	1
peo_programm	NOUN	1
peo_päev	NOUN	1
peo_täis	ADJ	1
peo_täis	NOUN	1
peokav	NOUN	1
peol	INTJ	1
peol,ma	VERB	1
peole,m	NOUN	1
peole.see	NOUN	1
peoma	VERB	1
peoplats	NOUN	1
peotants	NOUN	1
peotuju	NOUN	1
pepperon	NOUN	1
per	NOUN	1
per_ekonnamaine	NOUN	1
pere_elanik	NOUN	1
pere_elu	NOUN	1
pere_keskne	ADJ	1
pere_koer	NOUN	1
pere_konnaliige	NOUN	1
pere_liikja	NOUN	1
pere_mäng	NOUN	1
pere_naine	PROPN	1
pere_nimi	NOUN	1
pere_probleem	NOUN	1
pere_ring	NOUN	1
pere_sisene	ADJ	1
pere_stroika	NOUN	1
pere_suhe	NOUN	1
pere_sõbr	NOUN	1
pere_õde	NOUN	1
perekon	NOUN	1
perekonda_nimi	NOUN	1
perekondlik	ADJ	1
perekonn	NOUN	1
perekonn-animi	NOUN	1
perekonna_liige	NOUN	1
pereli_ikmge	NOUN	1
peremini	ADV	1
perere	NOUN	1
peres	NOUN	1
perfektsus	NOUN	1
perio	NOUN	1
periut	NOUN	1
perre	NOUN	1
personaalnd	ADJ	1
personaalselt	ADV	1
persoona	NOUN	1
perspiktiiv	NOUN	1
pertma	VERB	1
pesege	NOUN	1
pesemist	NOUN	1
pessimine	NOUN	1
pessimistiline	ADJ	1
pest	VERB	1
peta_püksid	NOUN	1
petaja	NOUN	1
petlik	ADJ	1
petmine	NOUN	1
pettuma	ADJ	1
pettumus	NOUN	1
pettunud	ADJ	1
pettur	NOUN	1
pettus	NOUN	1
pettuv	ADJ	1
peubuai	NOUN	1
pewdie_pie.nu	PROPN	1
phot_ograf	NOUN	1
photo	NOUN	1
pia	NOUN	1
piaar	NOUN	1
pian	NOUN	1
pidaja	NOUN	1
pidalik	ADJ	1
pidama	ADP	1
pide_punkt	NOUN	1
pidelik	ADJ	1
pidivalt	ADV	1
pidu	VERB	1
pidu.	PUNCT	1
pidu_laud	NOUN	1
pidul	NOUN	1
piduliku_riit	NOUN	1
pidullik	ADJ	1
piduloosi=mine	NOUN	1
piduma	VERB	1
pidurama	VERB	1
piduroog	NOUN	1
pidutseja	NOUN	1
piet	NOUN	1
pigemini	ADV	1
pigista=tud	ADJ	1
pihk	NOUN	1
pihkama	VERB	1
pihla_kaleht	NOUN	1
pihlakas	NOUN	1
piik	ADJ	1
piiksuma	VERB	1
piiksutama	VERB	1
piil	NOUN	1
piile_tee	NOUN	1
piileti	ADV	1
piima_muusem	NOUN	1
piima_toode	NOUN	1
piimakis_sell	NOUN	1
piimama	VERB	1
piime	ADJ	1
piinamine	NOUN	1
piinlema	VERB	1
piira	NOUN	1
piiramine	NOUN	1
piirand	NOUN	1
piirandu	NOUN	1
piiratus	NOUN	1
piire	NOUN	1
piires	ADP	1
piiri_valvur	NOUN	1
piirima	VERB	1
piiruk	NOUN	1
piisikene	ADJ	1
piisvalt	ADV	1
piit	NOUN	1
piits	NOUN	1
pik	NOUN	1
pika	ADJ	1
pika	NOUN	1
pika-aegselt	ADV	1
pika_ajaliselt	ADV	1
pika_peale	ADV	1
pikali	ADV	1
pikapäeva_rühm	NOUN	1
pike_ajaline	ADJ	1
pikene=mine	NOUN	1
piki_silmi	ADV	1
pikim	ADJ	1
pikk_ajaline	ADJ	1
pikka.	ADJ	1
pikka_ajaline	ADJ	1
pikka_kari	NOUN	1
pikka_kasvu	NOUN	1
pikka_kasvune	ADJ	1
pikka_maja	NOUN	1
pikka_majooksu	NOUN	1
pikka_mööda	ADV	1
pikka_peale	ADV	1
pikkad	NOUN	1
pikkalt	ADV	1
pikkama_jook	NOUN	1
pikkane	ADJ	1
pikkem,_ketas	NOUN	1
pikkemalt	ADV	1
pikki_silmi	ADV	1
pikkumine	NOUN	1
pikkust,_teade	NOUN	1
pikni-klau	NOUN	1
pikni_klaus	NOUN	1
piknik_.ma	NOUN	1
piknik_laul	NOUN	1
pikniku_ala	NOUN	1
pikniku_laude	NOUN	1
pikniku_laue	NOUN	1
pikniku_laul	NOUN	1
piknk	NOUN	1
pikus	NOUN	1
pikuss	NOUN	1
pikutama	VERB	1
pilane	NOUN	1
pilates	NOUN	1
pildi-stama	VERB	1
pildi-tegija	NOUN	1
pildi._selk	NOUN	1
pildi_d.sg	NOUN	1
pildi_galerii	NOUN	1
pildi_kompositsioon	NOUN	1
pildi_näit	NOUN	1
pildi_raamat	NOUN	1
pildi_tegemine	NOUN	1
pildi_tootlus	NOUN	1
pildi_tõõtlus	NOUN	1
pildi_tööstus	NOUN	1
pildi_töötlemine	NOUN	1
pildi_töötlustus	NOUN	1
pildi_võistlus	NOUN	1
pildid,kuulama	NOUN	1
pildil,jonistame,mängima	VERB	1
pildil.selsi	NOUN	1
pildimine	NOUN	1
pildistam	NOUN	1
pildistame.ma	VERB	1
pildistamise_oskus	NOUN	1
pildistus	NOUN	1
pileti.seal	NOUN	1
piletiit	NOUN	1
piletilevis.konser	NOUN	1
piletit,_lähm	NOUN	1
pilkavalt	ADV	1
pill_iõping	NOUN	1
pille	NOUN	1
pillet	NOUN	1
pillett	NOUN	1
pilli,ja	NOUN	1
pilli_devalikus	NOUN	1
pilli_mänguosk	NOUN	1
pilli_oskus	NOUN	1
pilli_pidu	NOUN	1
pilli_ring	NOUN	1
pilli_tund	NOUN	1
pilli_tunn	NOUN	1
pilli_õppija	NOUN	1
pilliõ_ping	NOUN	1
pillt	NOUN	1
piloodi_töö	NOUN	1
pilots	X	1
pilt	PROPN	1
pilt,mis	NOUN	1
pilte,ne	NOUN	1
pilte._selk	NOUN	1
pilte.ma	NOUN	1
pilte.pane	NOUN	1
pilte.sa	NOUN	1
pilte.veel	NOUN	1
pilti.panem	NOUN	1
piltide_muuseum	NOUN	1
pilve_tombus	NOUN	1
pim_eaeda.ne	PROPN	1
pima_toode	NOUN	1
pime	PROPN	1
pinalis	NOUN	1
pinboll	NOUN	1
pindutama	VERB	1
ping-_pong	NOUN	1
pingatama	VERB	1
pinge_seisund	NOUN	1
pinge_vabam	ADJ	1
pingeliselt	ADV	1
pingema	VERB	1
pinges	NOUN	1
pingesta=tud	ADJ	1
pingi_naber	NOUN	1
pingi_nabr	NOUN	1
pinginaaber	NOUN	1
pinginaaber,_häst	NOUN	1
pingista=tud	ADJ	1
pingu=tud	ADJ	1
pinguline	ADJ	1
pingus	NOUN	1
pinguta=mata	ADJ	1
pingutaja	NOUN	1
pingutane	VERB	1
pingutav	ADJ	1
pingviin	NOUN	1
pinista=mine	NOUN	1
pinstak	ADJ	1
pintsak	NOUN	1
pintsel	NOUN	1
pioneer-,jalg	NOUN	1
pioner	NOUN	1
pipa_rkoogi_lõhn	NOUN	1
pipar_koog	NOUN	1
piraat	NOUN	1
pirit	NOUN	1
pirn_mahl	NOUN	1
pirukai	NOUN	1
pirukas	ADJ	1
pisa_rais	NOUN	1
pisalt	ADV	1
pisar	ADJ	1
pisav	ADJ	1
pisi	ADJ	1
pisia_sja	NOUN	1
pisividin	NOUN	1
piss	NOUN	1
pissimistlik	ADJ	1
pistmine	NOUN	1
pisu	NOUN	1
pitnssel	NOUN	1
pits	NOUN	1
pitsa_piruk	NOUN	1
pitsat	NOUN	1
pitsat,joogid,tort,komm	NOUN	1
pitsat,kommid,krõps	NOUN	1
pitsat,krõpsut,puu_vili	NOUN	1
pitseria	NOUN	1
pitt	AUX	1
pitt	NOUN	1
pizza,tort	NOUN	1
pla_an.me	NOUN	1
plaadi_keerutaja	NOUN	1
plaani_järgselt	ADV	1
plaanidas	NOUN	1
plaaniimine	NOUN	1
plaanis	NOUN	1
plaanisema	VERB	1
plaaster	NOUN	1
plaaza	NOUN	1
plagiaat	NOUN	1
plahtama	VERB	1
plahvatusliku=lt	ADV	1
plakaat	NOUN	1
plakatit.see	NOUN	1
plakatt	NOUN	1
plaksuta=mine	NOUN	1
plane	NOUN	1
planeeri=mine	NOUN	1
planeerima	ADJ	1
planeerimisos=kus	NOUN	1
planeering	NOUN	1
planeeritama	VERB	1
planema	VERB	1
planeri=tud	ADJ	1
planerima	VERB	1
planetaariumis,vaatama	VERB	1
planetaariumis_,muuseum	NOUN	1
planett	NOUN	1
plani	NOUN	1
planima	VERB	1
plank	NOUN	1
plass	NOUN	1
plast	NOUN	1
plast_kott	NOUN	1
plastikum	NOUN	1
plastiliin	NOUN	1
plastilin	NOUN	1
plat_vorm	NOUN	1
platform	NOUN	1
play	X	1
plaza.ma	PROPN	1
plazaz	NOUN	1
pleisteis	NOUN	1
plekk_purk	NOUN	1
plema	AUX	1
pliadma	NOUN	1
pliat	NOUN	1
pliatma	VERB	1
pliiatema	NOUN	1
plijats	NOUN	1
plika_tirts	NOUN	1
pljuss	NOUN	1
plokkflööt	NOUN	1
ploom	NOUN	1
ploomi=mahl	NOUN	1
ploomi_piruk	NOUN	1
ploomi_puu	NOUN	1
ploša	NOUN	1
plus-miinus	NOUN	1
plusiks	NOUN	1
pluss	VERB	1
pluss-suur	ADJ	1
pluss_pool	NOUN	1
plussee	NOUN	1
pluus	VERB	1
pluusija	NOUN	1
pluusima	VERB	1
plõksi=mine	NOUN	1
podcast	NOUN	1
podi	NOUN	1
podisema	VERB	1
poe_järjekord	NOUN	1
poe_lett	NOUN	1
poeet	NOUN	1
poeetiline	ADJ	1
poeetiliselt	ADV	1
poeg	PROPN	1
poen	NOUN	1
poes	NOUN	1
poes.r_iietub	NOUN	1
poetatud	ADJ	1
pogress	NOUN	1
pohl	NOUN	1
pohla_moos	NOUN	1
poisid.mängima	ADJ	1
poisidt	NOUN	1
poisik_lutt	NOUN	1
poisike	NOUN	1
poiss,ta	NOUN	1
poiss-sõber	NOUN	1
poiss.ta	NOUN	1
poissi	NOUN	1
poissi.seal	NOUN	1
poissid.mina	NOUN	1
poisss	NOUN	1
poiste	NOUN	1
poiste_bänd	NOUN	1
poistean_sambl	NOUN	1
poistega,joos_ta,teha	NOUN	1
poisti	NOUN	1
poiud	NOUN	1
poja	NOUN	1
poker	NOUN	1
pokker	NOUN	1
poksitrenni.ma	NOUN	1
polema	VERB	1
poli_kliinik	NOUN	1
poli_kliinikus	NOUN	1
poli_klinik	NOUN	1
poliitika_parte	NOUN	1
poliseinik	NOUN	1
poliselanik	NOUN	1
politiline	ADJ	1
polits_einuk	NOUN	1
politsei_ametnik	NOUN	1
politsei_muuseum	NOUN	1
politsei_nikk	NOUN	1
politsei_paark	NOUN	1
politseimu_useumine	NOUN	1
politsein	NOUN	1
politseinik_umuuseum	NOUN	1
politseinikkut	NOUN	1
politseiniku_giid	NOUN	1
politseiniku_muuseum	NOUN	1
politseiniku_töö	NOUN	1
politseinuk	NOUN	1
politseinuu	NOUN	1
politsejnikugaelu_kutse	NOUN	1
poll	AUX	1
poll	NUM	1
polosk	X	1
polt	NOUN	1
pomama	VERB	1
ponoraam	NOUN	1
poo_lasta	NOUN	1
poodi.panen	NOUN	1
poodi_töötaja	NOUN	1
poodis	NOUN	1
poodium	NOUN	1
poodlemine	NOUN	1
poogen_pill	NOUN	1
pool_aasta	NOUN	1
pool_aastane	ADJ	1
pool_argumen	NOUN	1
pool_nõu	NOUN	1
pool_summa	NOUN	1
pool_tasu	NOUN	1
pool_tuni	NOUN	1
pool_tunn	NOUN	1
poola	ADJ	1
poola	NUM	1
poola_rgumend	NOUN	1
poolaasta	NOUN	1
poolakas	NOUN	1
poole_lining	NOUN	1
pooleli_jätmine	NOUN	1
pooleliselt	ADV	1
poolelti	ADV	1
poolenisti	ADV	1
poolest	ADV	1
poolik	ADJ	1
poolik	NOUN	1
poolitama	VERB	1
poolitik	NOUN	1
poolitika	NOUN	1
poolnud	ADJ	1
poolselt	ADV	1
poolt_argu_meen	NOUN	1
poolt_argumant	NOUN	1
poolt_argumen	NOUN	1
pooltar_gumend	NOUN	1
pooltargumenk	NOUN	1
pooltargument	NOUN	1
poolus	NOUN	1
poolõe	NOUN	1
poopularne	ADJ	1
poosi_tivne	ADJ	1
poositiive	NOUN	1
poositivne	ADJ	1
poovima	VERB	1
pop-_lugu	NOUN	1
pop-corn	NOUN	1
pop-kontsert	NOUN	1
pop-kultuur	NOUN	1
pop-staar	NOUN	1
pop-stiil	NOUN	1
pop_pžanr	NOUN	1
popkontsert	NOUN	1
popkoori_peol	NOUN	1
popkoori_pidu	NOUN	1
popkorni,_kartul	NOUN	1
popku_nink	NOUN	1
popla_ulu	NOUN	1
popolarn	NOUN	1
popp_laul	NOUN	1
popping	NOUN	1
popu_iäärne	ADJ	1
popuiaarne	ADJ	1
popula=ars	NOUN	1
populaane	NOUN	1
populaanne	ADJ	1
populaar	NOUN	1
populaarsas	ADJ	1
populaarsi	NOUN	1
populaarsus	ADJ	1
populaart	NOUN	1
popularine	ADJ	1
populariseeri=mine	NOUN	1
popularn	NOUN	1
popularne	NOUN	1
popularseim	ADJ	1
popularsus	NOUN	1
populäär	NOUN	1
porgandi_sala	NOUN	1
porgandi_salat	NOUN	1
porgandi_supp	NOUN	1
port	NOUN	1
portee	NOUN	1
portfoolio	NOUN	1
portree	NOUN	1
portreet	NOUN	1
portreit	NOUN	1
portret	NOUN	1
portugaalia	ADJ	1
posetiivne	ADJ	1
posi_tivse	ADJ	1
posiim	NOUN	1
positama	VERB	1
positiise	ADJ	1
positiiv	ADJ	1
positiiv_suga	NOUN	1
positiive	NOUN	1
positiivse=im	ADJ	1
positiivus	NOUN	1
positivn	NOUN	1
positivselt	ADV	1
positivsem	ADJ	1
positvioon	NOUN	1
poss	NOUN	1
post-nõu_kogu	NOUN	1
post_kaar	NOUN	1
poster	NOUN	1
posti=mine	NOUN	1
posti_mees	NOUN	1
postiivne	ADJ	1
postita=mine	NOUN	1
potane	NOUN	1
potantsiaal	NOUN	1
potentsiaalne	ADJ	1
potor	NOUN	1
potselan	NOUN	1
pottis	NOUN	1
pr	ADJ	1
pra-egu	ADV	1
praaegune	ADJ	1
praagu	ADV	1
praaktika_tund	NOUN	1
praaktiline	ADJ	1
praaktima	VERB	1
praaktis_seminar	NOUN	1
prae	NOUN	1
praeg_ulu	NOUN	1
praega	ADV	1
praega	NOUN	1
praegi	ADV	1
praegu	ADJ	1
praeguni	ADV	1
praetama	VERB	1
praetus	ADJ	1
praeune	ADJ	1
pragmaatiline	ADJ	1
prahi	NOUN	1
praksu=mine	NOUN	1
praktik	NOUN	1
praktikmine	NOUN	1
praktilise=m	ADJ	1
praktilisema	VERB	1
praktima	NOUN	1
praktimine	NOUN	1
prantsatama	VERB	1
prantsus_maa	NOUN	1
prantusmaa	ADJ	1
presentation	NOUN	1
presenteerima	VERB	1
presitansioon	NOUN	1
pressima	VERB	1
prestiiž	NOUN	1
pridjo	NOUN	1
priile	NOUN	1
priim	NOUN	1
priiz	NOUN	1
prijoriteet	NOUN	1
prillima	VERB	1
printi=mine	NOUN	1
printsip	NOUN	1
pritsima	VERB	1
privatsem	NOUN	1
pro	X	1
probl	NOUN	1
proble_mee	NOUN	1
problee	NOUN	1
problee=mine	NOUN	1
problee_mide	NOUN	1
probleel	NOUN	1
probleem_ilahendamine	NOUN	1
probleemd	NOUN	1
probleemi	NOUN	1
probleemi_d,siis	NOUN	1
probleemil_ahendus	NOUN	1
probleemitsema	VERB	1
probleemm	NOUN	1
probleet	NOUN	1
problem	ADJ	1
problemaatilise=m	ADJ	1
probleme	NOUN	1
prodleem	NOUN	1
produktiivselt	ADV	1
produktiivsem	ADJ	1
produktike	NOUN	1
produseerima	VERB	1
produtseerimine	NOUN	1
proeekt	NOUN	1
proekt_epakkumine	NOUN	1
proets	NOUN	1
proetseerimine	NOUN	1
profesiona	NOUN	1
profesionaalkaamerd	NOUN	1
profesionaalse=lt	ADV	1
profesioonalne	ADJ	1
profesor	NOUN	1
professionaalse=m	ADJ	1
professional	NOUN	1
professionalik	NOUN	1
professionalne	ADJ	1
professioon	NOUN	1
proff	NOUN	1
proffesioon	NOUN	1
proffessionaal	NOUN	1
proffessor	NOUN	1
profi	NOUN	1
profiil	NOUN	1
profisional	NOUN	1
profisionalne	ADJ	1
progra_merierija	NOUN	1
programa	NOUN	1
programeer	NOUN	1
programeeri=ja	NOUN	1
programeerimene	NOUN	1
programeri=mine	NOUN	1
programisti=ja	NOUN	1
programistuma	NOUN	1
programma	NOUN	1
programme=rine	NOUN	1
programme_rida	VERB	1
programmeeria	NOUN	1
programmeerimis_valdkond	NOUN	1
programmeerimis_õppeng	NOUN	1
programmema	VERB	1
programmeria	NOUN	1
programmerima	VERB	1
programmine	NOUN	1
progranmeerimine	NOUN	1
progremmeri=ja	NOUN	1
progres	NOUN	1
progresiivne	ADJ	1
progresiivsus	NOUN	1
progress_ivsus	NOUN	1
progresseerima	VERB	1
progresseeruma	VERB	1
progressiivsem	ADJ	1
progressive	NOUN	1
progressivse=m	ADJ	1
progrmammeeri=ja	NOUN	1
projekteerima	VERB	1
projkett	NOUN	1
prokurär	NOUN	1
prolbeem	NOUN	1
promblem	NOUN	1
promeen	NOUN	1
promeenat	NOUN	1
promenaa	NOUN	1
promenadt	NOUN	1
promo_kampaania	NOUN	1
proneerimis_süsteem	NOUN	1
pronksi_aeg	NOUN	1
proobleemne	ADJ	1
proobreem	NOUN	1
proogram	NOUN	1
proomen	NOUN	1
proomenad	NOUN	1
proomenat	NOUN	1
proosa	NOUN	1
proovema	VERB	1
proovida_nend	NOUN	1
proovie_ksam	NOUN	1
proovima	NOUN	1
proovint	NOUN	1
proovintma	VERB	1
proovisema	VERB	1
propagandeerimine	NOUN	1
propagondeeri=mine	NOUN	1
prord	NOUN	1
proress	NOUN	1
prospekt	NOUN	1
prossionaalne	ADJ	1
protees	NOUN	1
protesti_hood	NOUN	1
protoon	NOUN	1
protsendi=line	ADJ	1
protsesi	NOUN	1
proua/härra	NOUN	1
provotseerima	VERB	1
prožektor	NOUN	1
prsüholoogeliselt	ADV	1
prun	ADJ	1
pruni	NOUN	1
pruug	VERB	1
pruun_karu	NOUN	1
pruunid_kink	NOUN	1
pruunine	ADJ	1
präegune	ADJ	1
präsi	NOUN	1
prügi_mägi	NOUN	1
prügikas	NOUN	1
prügine	ADJ	1
prüüg	NOUN	1
ps	ADV	1
pseudonim	NOUN	1
psnna	VERB	1
psuhholoog	NOUN	1
psuholoogiline	ADJ	1
psü_ühhikas	NOUN	1
psüdonüüm	NOUN	1
psühaloogiline	ADJ	1
psühhiaater	NOUN	1
psühhiaator	NOUN	1
psühhika_häire	NOUN	1
psühhiliselt	ADV	1
psühho_tüüp	NOUN	1
psühholoogi=liselt	ADV	1
psühholoogiliselt	ADV	1
psühhopaatiline	ADJ	1
psühhosomaatilier	ADJ	1
psühiaater	NOUN	1
psühiaator	NOUN	1
psühikas	NOUN	1
psühol	NOUN	1
psühologiline	ADJ	1
psühologit	NOUN	1
psüholoogine	ADJ	1
psüühhika	NOUN	1
psüühika_tervis	NOUN	1
psüühiline	ADJ	1
psüühiliselt	ADV	1
ptsa	ADV	1
publiseerima	VERB	1
pudel	ADJ	1
pudeli,spordiasj_u,ning	NOUN	1
pudevalt	ADV	1
pudru	NOUN	1
pudrus	NOUN	1
pudutama	VERB	1
puh_klaulu_pidu	NOUN	1
puha	ADJ	1
puhamine	NOUN	1
puhang	NOUN	1
puhast_verd	ADJ	1
puhastus_aine	NOUN	1
puhata.tervitama	VERB	1
puhatama	VERB	1
puhes	NOUN	1
puhhama	VERB	1
puhk	ADJ	1
puhk	VERB	1
puhka_päev	NOUN	1
puhkamisi_dee	NOUN	1
puhkan	NOUN	1
puhkane	ADJ	1
puhkas	NOUN	1
puhke	ADJ	1
puhke_laager	NOUN	1
puhke_maja	PROPN	1
puhke_päeviti	ADV	1
puhkemis_koht	NOUN	1
puhkima	VERB	1
puhkma	VERB	1
puhkpillior_kester	NOUN	1
puhksue	NOUN	1
puht	ADJ	1
puht	ADV	1
puhta_vereline	ADJ	1
puhtuma	VERB	1
puhu	ADV	1
puhukus	NOUN	1
puhult	ADP	1
puhup	NOUN	1
puhve	NOUN	1
puhä_päev	NOUN	1
puidu_tööstus	NOUN	1
puisniit	NOUN	1
puit	NOUN	1
puit_hoone	NOUN	1
puit_maja	NOUN	1
puks	NOUN	1
pukt	NOUN	1
pukumine	NOUN	1
pulbitsema	VERB	1
puldi_auto	NOUN	1
pulju	NOUN	1
pulli=ke	PROPN	1
puna	NOUN	1
puna_lipp	NOUN	1
puna_mütsi=ke	NOUN	1
punane	PROPN	1
punase-sinine	ADJ	1
punetav	ADJ	1
pungi	NOUN	1
punkar	NOUN	1
punkl_aulu_peol	NOUN	1
punktuaalsus	NOUN	1
punktuatsioon	NOUN	1
punn	NOUN	1
punnis	ADJ	1
punuma	VERB	1
puravik	NOUN	1
purjetaja	NOUN	1
purjetama	VERB	1
purjetus_võistlus	NOUN	1
purju	ADJ	1
purjus	ADJ	1
purjus	NOUN	1
purk	NOUN	1
purri.ma	NOUN	1
purustus	NOUN	1
pusa	NOUN	1
pusastama	VERB	1
pusi	NOUN	1
pust	ADV	1
putn	ADJ	1
puttuma	VERB	1
putuma	VERB	1
putunu	ADJ	1
putur	NOUN	1
puu_oks	NOUN	1
puu_ots	NOUN	1
puu_pliit	NOUN	1
puu_raidur	NOUN	1
puu_sepp	NOUN	1
puu_vilju	NOUN	1
puud.ma	NOUN	1
puudima	VERB	1
puudma_kõik	NOUN	1
puudu	NOUN	1
puudu=nud	ADJ	1
puuduine	NOUN	1
puudumis_tõend	NOUN	1
puudus_idkool	NOUN	1
puudustus	NOUN	1
puuduta=v	ADJ	1
puudutamatu	ADJ	1
puudutav	ADJ	1
puuduv	ADJ	1
puumaja_kest	NOUN	1
puuoks	NOUN	1
puup_liit	NOUN	1
puupul_kade	NOUN	1
puur	NOUN	1
puus	NOUN	1
puusavalt	ADV	1
puut	NOUN	1
puut	VERB	1
puutakas	NOUN	1
puutee_kraan	NOUN	1
puutma	VERB	1
puutu	ADJ	1
puutu=mata	ADJ	1
puutud	VERB	1
puutumatus	NOUN	1
puuudu	ADV	1
puu“	NOUN	1
pä-ev	NOUN	1
päaev	NOUN	1
päast	ADP	1
pädav	ADJ	1
pädevalt	ADV	1
päe_val,_kell	NOUN	1
päe_vali	NOUN	1
päes	NOUN	1
päev	ADJ	1
päev,_meil	NOUN	1
päev.me	NOUN	1
päev_aprae	NOUN	1
päeva_graafik	NOUN	1
päeva_jätk	NOUN	1
päeva_kaeline	ADJ	1
päeva_kogane	ADJ	1
päeva_kord	NOUN	1
päeva_lõpk	NOUN	1
päeva_lõpp	NOUN	1
päeva_programm	NOUN	1
päeva_tõus	NOUN	1
päeva_valgus	NOUN	1
päeva_veed	NOUN	1
päeval..	NOUN	1
päevale.sünni_päev	NOUN	1
päevason	NOUN	1
päevatama	VERB	1
päevistama	VERB	1
päevitamine	NOUN	1
päevitamis_koht	NOUN	1
päevitsema	VERB	1
päevm_õelnud	VERB	1
päevpüüama	VERB	1
pägi	NOUN	1
pähama	VERB	1
pähe_kulunud	ADJ	1
pähele	ADV	1
pähene	NOUN	1
päht	NOUN	1
päik_eseg_eneraator	NOUN	1
päik_esepaiste=line	ADJ	1
päike_paistav	ADJ	1
päikeline	ADJ	1
päikepaistma	VERB	1
päikes_eloojang	NOUN	1
päikes_paisteline	ADJ	1
päikese-paiste=line	ADJ	1
päikese_kiir	NOUN	1
päikese_panee	NOUN	1
päikesel_oojang	NOUN	1
päikeseloojang	NOUN	1
päikesepa_isteline	ADJ	1
päikse_süsteem	NOUN	1
päikse_tõus	NOUN	1
päjke	NOUN	1
pära_põrgu	NOUN	1
pärandamine	NOUN	1
pärar	NOUN	1
päras	ADP	1
pärase	ADP	1
päraste	ADP	1
pärastki	ADP	1
pärastm	ADV	1
pärasts	ADV	1
pärastu	ADV	1
pärg	NOUN	1
päri	ADV	1
päri_musmuusikahuviline	NOUN	1
päri_olu	NOUN	1
päri_seksam	NOUN	1
päri_sori	NOUN	1
pärimus_muusika	NOUN	1
pärimuslik	ADJ	1
päring	NOUN	1
päris_häst	ADV	1
pärist	ADV	1
pärnu	ADJ	1
pärssima	VERB	1
pärst	ADP	1
pästma	VERB	1
päta	NOUN	1
pätt	NOUN	1
päva	ADV	1
päär	ADV	1
päär	NOUN	1
päärane	ADJ	1
pääs_teamet	NOUN	1
pääs_terõngak	NOUN	1
pääsa	VERB	1
pääset	NOUN	1
päästama	VERB	1
pääste_ametnik	NOUN	1
pääste_rõng	NOUN	1
päästeja	NOUN	1
päästj_aelukutse	NOUN	1
päästmine	NOUN	1
päästuma	VERB	1
põdemine	NOUN	1
põdev	ADJ	1
põdrar	NOUN	1
põdrasambla_tee	NOUN	1
põetav	ADJ	1
põgenik	NOUN	1
põgusalt	ADV	1
põh_kool	NOUN	1
põhal	ADP	1
põhi	ADJ	1
põhi--mõtt	NOUN	1
põhi_kanal	NOUN	1
põhi_kasu	NOUN	1
põhi_kooi	NOUN	1
põhi_kääne	NOUN	1
põhi_motteliselt	ADV	1
põhi_mäng	NOUN	1
põhi_näitleja	NOUN	1
põhi_programm	NOUN	1
põhi_rõhk	NOUN	1
põhi_sõna	NOUN	1
põhi_teadus	NOUN	1
põhi_teema	NOUN	1
põhi_tingimus	NOUN	1
põhi_vabadus	NOUN	1
põhi_vajadus	NOUN	1
põhi_valem	NOUN	1
põhi_õigus	NOUN	1
põhik_äänd	NOUN	1
põhilisem	ADJ	1
põhimõttekins	ADJ	1
põhiteadmine	NOUN	1
põhiü_lesand	NOUN	1
põhj	NOUN	1
põhja_osa	NOUN	1
põhja_rannik	NOUN	1
põhja_vesi	NOUN	1
põhjalikum	ADJ	1
põhjalikumalt	ADV	1
põhjalt	ADP	1
põhjenda=mine	NOUN	1
põhjendamatult	ADV	1
põhjendatu	ADJ	1
põhjestama	VERB	1
põhjetu	ADJ	1
põhjuse_tagi	NOUN	1
põhjusta=nud	ADJ	1
põhjusta=tud	ADJ	1
põhjustaja	NOUN	1
põhjustamine	NOUN	1
põhkuma	VERB	1
põhlakond	NOUN	1
põimitus	NOUN	1
põimu=nud	ADJ	1
põimuma	VERB	1
põitma	VERB	1
põksuma	VERB	1
põlasta=v	ADJ	1
põldkond	NOUN	1
põle_vkivi_tööstuse	NOUN	1
põlemine	NOUN	1
põletav	ADJ	1
põletik	NOUN	1
põlettamine	NOUN	1
põlevkiv_imuuseum	NOUN	1
põlevkivimuuseum	NOUN	1
põlgama	VERB	1
põllu_kultuur	NOUN	1
põllu_masin	NOUN	1
põllu_mees	NOUN	1
põllu_pidaja	NOUN	1
põllud	NOUN	1
põllum	NOUN	1
põllut_ööriist	NOUN	1
põlv_koda	NOUN	1
põlv_kondadevav	ADJ	1
põlvakond	NOUN	1
põlvest-põlv	NOUN	1
põlvest-põlve	NOUN	1
põlvk	NOUN	1
põlvkondama	NOUN	1
põnd	NOUN	1
põne_v,ja	NOUN	1
põnev,_mull	NOUN	1
põnev_admäng	NOUN	1
põnevadasju,näide	NOUN	1
põnevasti	ADV	1
põrkama	VERB	1
põrnitsema	VERB	1
põruma	VERB	1
põrutus	NOUN	1
põsemus	NOUN	1
põua_periood	NOUN	1
põõdma	VERB	1
põõrama	VERB	1
pöialt	ADV	1
pönev	ADJ	1
pörast	ADJ	1
pööramine	NOUN	1
pööranema	VERB	1
pöördeline	ADJ	1
pööris	NOUN	1
pööritama	VERB	1
pööritus_tunne	NOUN	1
püaksma	VERB	1
püama	VERB	1
püddel	NOUN	1
pühapäeval,lõduma	NOUN	1
pühenda=nud	ADJ	1
pühendamine	NOUN	1
pühendatuma	VERB	1
pühendumus	NOUN	1
pühendunu	NOUN	1
pühenduvus	NOUN	1
pühi=tud	ADJ	1
pühinda=tud	ADJ	1
pühkama	VERB	1
püiama	VERB	1
püidlema	VERB	1
pük_sid,_särk	NOUN	1
pük_sid,_veel	NOUN	1
püks_id,mus	NOUN	1
püksi_task	NOUN	1
püksid,_särg	NOUN	1
püksid,a	NOUN	1
püksid,jope,saandalid,t-särk	NOUN	1
püksid,siis	NOUN	1
püksid,t-särkja	NOUN	1
püksid,teesärk	NOUN	1
püksma	VERB	1
püppama	VERB	1
püra_miie	NOUN	1
pürgimine	NOUN	1
püsa	NOUN	1
püsi_näitus	NOUN	1
püsima_jäämine	NOUN	1
püsivam	ADJ	1
püsivus	NOUN	1
püss	NOUN	1
püssi-rohi	NOUN	1
püssi_rohi	NOUN	1
püstigi	ADV	1
püstima	VERB	1
püstine	ADJ	1
püüdlikkus	NOUN	1
püüe	NOUN	1
püükama	VERB	1
püüks_id,king	NOUN	1
püürma	VERB	1
qus	NOUN	1
raa_matupidamine	NOUN	1
raadi_park	PROPN	1
raadio_musiium	NOUN	1
raadio_saat	NOUN	1
raadio_saate	NOUN	1
raadio_tehnoloogia	NOUN	1
raadios	NOUN	1
raagi	NOUN	1
raagi	VERB	1
raagimine	NOUN	1
raagus	ADJ	1
raagus	VERB	1
raakurs	NOUN	1
raal_projekteerimis	NOUN	1
raama	NOUN	1
raamadud	NOUN	1
raamas	NOUN	1
raamat.klub@gmail.com	NOUN	1
raamatu_hoidja	NOUN	1
raamatu_id.k	NOUN	1
raamatu_kodu	NOUN	1
raamatu_pidaj	NOUN	1
raamatu_poes	NOUN	1
raamatu_sõber	NOUN	1
raamatu_teos	NOUN	1
raamatuko_gupidaja	NOUN	1
raamatukoguhoidja	NOUN	1
raaske	ADJ	1
raatatu	NOUN	1
raatus	NOUN	1
raavim	NOUN	1
rabane	NOUN	1
rabarberi_kook	NOUN	1
rabav	ADJ	1
radal	NOUN	1
radar	NOUN	1
radiaator	NOUN	1
radiatsioon	NOUN	1
radikaalne	ADJ	1
radio	NOUN	1
radio_maja	NOUN	1
rae_koda	PROPN	1
raeskama	VERB	1
raeskamine	NOUN	1
raevukam	ADJ	1
raevunud	ADJ	1
ragima	VERB	1
ragus	NOUN	1
raha	VERB	1
raha,e	ADJ	1
raha,e	NOUN	1
raha,jook	NOUN	1
raha-2euro	NOUN	1
raha._selk	NOUN	1
raha.pane	NOUN	1
raha.seal	NOUN	1
raha.sinu	NOUN	1
raha_kaotus	NOUN	1
raha_kulu	NOUN	1
raha_tulek	NOUN	1
raha_tähe	NOUN	1
rahalisne	ADJ	1
rahandus_ministeerium	NOUN	1
raharaiska=v	ADJ	1
rahas_umma	NOUN	1
rahastama	VERB	1
rahavaste_pall	NOUN	1
rahmeldama	VERB	1
rahmeldamine	NOUN	1
rahu_lolematu	ADJ	1
rahu_lolemine	NOUN	1
rahu_meeli	ADV	1
rahu_meelne	ADJ	1
rahu_olematus	NOUN	1
rahul_olek	NOUN	1
rahul_olekut_unne	NOUN	1
rahul_olematud	ADJ	1
rahuldama	ADJ	1
rahuldavalt	ADV	1
rahuldus	NOUN	1
rahulika	ADJ	1
rahulikem	ADJ	1
rahulikkult	ADV	1
rahulikkus	ADJ	1
rahulikkut	ADJ	1
rahulikuld	ADV	1
rahulikune	ADJ	1
rahulo_lut_unne	NOUN	1
rahulo_lutunne	NOUN	1
rahuma	ADJ	1
rahunemine	NOUN	1
rahustaja	NOUN	1
rahustamine	NOUN	1
rahustus	NOUN	1
rahutu	ADJ	1
rahutus	NOUN	1
rahv_akunstimuuseum	NOUN	1
rahv_aram_atukogudus	NOUN	1
rahv_arv	NOUN	1
rahv_astepall,korvpall,jalgpall,teatejooks	NOUN	1
rahv_astepalli,korvpalli,võrkpalli_,jne	NOUN	1
rahv_astepalli_mäng	NOUN	1
rahv_pall	NOUN	1
rahva_arvu	NOUN	1
rahva_hulg	NOUN	1
rahva_kogunemine	NOUN	1
rahva_laulik	NOUN	1
rahva_pargis	NOUN	1
rahva_pidu	NOUN	1
rahva_pilg	NOUN	1
rahva_pärand	NOUN	1
rahva_rõivas	NOUN	1
rahva_stespall	NOUN	1
rahva_suu	NOUN	1
rahva_vaheline	ADJ	1
rahva_viis	NOUN	1
rahvaan_sambel	NOUN	1
rahvalise_pall	NOUN	1
rahvapillian_sambel	NOUN	1
rahvariid	NOUN	1
rahvarõivas	NOUN	1
rahvas	ADJ	1
rahvas_port	NOUN	1
rahvasel	NOUN	1
rahvast_epall	NOUN	1
rahvasta_pall	NOUN	1
rahvaste_psll	NOUN	1
rahvastepa_lli.munl	NOUN	1
rahvastepall,teatejoks,kotti_joks	NOUN	1
rahvastepall.kaasa	NOUN	1
rahvastepall.kahg	NOUN	1
rahvastepalli,päk	NOUN	1
rahvastepalli,võrk_pall	NOUN	1
rahvastepalli,võrkpalli,ja	NOUN	1
rahvastepalli.auhinna	NOUN	1
rahvastepalli.mina	NOUN	1
rahvastiku_arvu	NOUN	1
rahvatan_tsuansambe	NOUN	1
rahvatus	NOUN	1
rahvu_sgrup	NOUN	1
rahvu_skaaslane	NOUN	1
rahvu_süritus	NOUN	1
rahvus_laul	NOUN	1
rahvus_lind	NOUN	1
rahvus_lipp	NOUN	1
rahvus_loom	NOUN	1
rahvus_muuseum	NOUN	1
rahvus_muusika	NOUN	1
rahvus_parkis	NOUN	1
rahvus_pill	NOUN	1
rahvus_riie	NOUN	1
rahvus_riik	NOUN	1
rahvus_roog	NOUN	1
rahvus_tants	NOUN	1
rahvus_toid	NOUN	1
rahvuspall.kaasa	NOUN	1
rahvust_pall	NOUN	1
rahvustepalli,korv_pall	NOUN	1
rahvustepallli,võrk_pall	NOUN	1
rahülikult	ADV	1
raie	NOUN	1
raisa	NOUN	1
raisa=tud	ADJ	1
raisat	ADJ	1
raisatus	NOUN	1
raisk	NOUN	1
raiskma	VERB	1
raisku	NOUN	1
raistma	VERB	1
raja	NOUN	1
raja_koda	NOUN	1
rajal	ADP	1
rajanema	VERB	1
rajatav	ADJ	1
raju	ADJ	1
raju	NOUN	1
rajuma	VERB	1
rakendus_keemia	NOUN	1
rakenduslike_nseneer	NOUN	1
raketi_katsetus	NOUN	1
raketi_teadus	NOUN	1
raketi_tehnoloogia	NOUN	1
rakkas	ADJ	1
rakke	NOUN	1
raks	NOUN	1
rakse	ADJ	1
rakse	NOUN	1
rakver	NOUN	1
rakverema	PROPN	1
ralg_ratas	NOUN	1
rall	NOUN	1
ralli	ADJ	1
ralli	NOUN	1
ralli_sõit	NOUN	1
ralli_äss	NOUN	1
rama	NOUN	1
ramat	NOUN	1
ramatu	ADJ	1
ramatu	NOUN	1
rambi_valgus	NOUN	1
ramen	NOUN	1
rand	VERB	1
rane	ADJ	1
range_võitu	ADJ	1
ranik	NOUN	1
ranna._selne	NOUN	1
ranna_ilm	NOUN	1
ranna_park	NOUN	1
ranna_peo	NOUN	1
ranna_võrkpall	NOUN	1
ranna_äärne	ADJ	1
rannaj_algpall	NOUN	1
rannastaadion	NOUN	1
rannastadiooni_l,kell	NOUN	1
raport	NOUN	1
raputama	VERB	1
raske	VERB	1
raske.mulle	ADJ	1
raske_jõustik	NOUN	1
raske_tööstus	NOUN	1
raskeim	ADJ	1
raskim	ADJ	1
raskis	NOUN	1
raskus_aste	NOUN	1
raskus_hetk	NOUN	1
raskusem	ADJ	1
rasolnik	NOUN	1
rassima	VERB	1
rassism	NOUN	1
rassistlik	ADJ	1
rasske	ADJ	1
rast	NOUN	1
rastus	NOUN	1
rasv	NOUN	1
rasvam	ADJ	1
rasvumine	NOUN	1
rata	NOUN	1
rata_sõit	NOUN	1
ratsas_pordi_kool	NOUN	1
ratsionaalse=m	ADJ	1
ratsionaalse=malt	ADV	1
ratta_sõit,nat	NOUN	1
rattaga.sa	NOUN	1
rattama	NOUN	1
rattiku-akva_park	NOUN	1
raud_tee	NOUN	1
raudselt	ADV	1
raudteemuuseumi.reis	NOUN	1
rava	NOUN	1
ravi_massaaž	NOUN	1
ravi_meetm	NOUN	1
ravi_meetod	NOUN	1
ravi_mitehnoloogia	NOUN	1
ravi_protsess	NOUN	1
ravi_toime	NOUN	1
ravi_võimalus	NOUN	1
ravim_taim	NOUN	1
ravimi_tööstus	NOUN	1
ravitseja	NOUN	1
rea_laine	NOUN	1
reaa	NOUN	1
reaal_aine	PROPN	1
reaal_fakt	NOUN	1
reaal_kool	NOUN	1
reaal_teadmine	NOUN	1
reaalgümnaasiu=mine	NOUN	1
reaalgümnaasium	NOUN	1
reaalne	NOUN	1
reaalsem	ADJ	1
reabiliteerimine	NOUN	1
reade	NOUN	1
readma	VERB	1
reagi_rida	VERB	1
reaktsion	NOUN	1
reaktsiooni_kiirus	NOUN	1
realisk	NOUN	1
realist	ADJ	1
realistlikum	ADJ	1
realistsus	NOUN	1
realivne	ADJ	1
realsem	ADJ	1
reastama	VERB	1
redakteerimine	NOUN	1
redaktor	NOUN	1
redan	NOUN	1
redee	NOUN	1
redel.sport	NOUN	1
reden	NOUN	1
redigeerima	VERB	1
reebane	ADJ	1
reede_päev	NOUN	1
reedel	NOUN	1
reedel(	NOUN	1
reedel,13.	ADJ	1
reedel,26	NOUN	1
reedel,27	NOUN	1
reedel,_19.ma	NOUN	1
reedel,_kell	NOUN	1
reedel,_park	NOUN	1
reedel,m	NOUN	1
reedel,mängu_tuba	NOUN	1
reedel._osale	NOUN	1
reedel._toimub	NOUN	1
reedel._toimub	PROPN	1
reedel.joonistuma	VERB	1
reedel.m	NOUN	1
reedel.pane	NOUN	1
reedel.selne	NOUN	1
reedel_,5.ma	NOUN	1
reedel_.ali	NOUN	1
reedell	NOUN	1
reedelspordi_päev	NOUN	1
reedes.koht	NOUN	1
reedest.eelmine	ADJ	1
reeger	NOUN	1
reegistreer	NOUN	1
reegistrerima	VERB	1
reegistreritama	VERB	1
reekel	NOUN	1
reestoraan	NOUN	1
refleks	NOUN	1
reflekseerima	VERB	1
refrään	NOUN	1
regaeerima	VERB	1
regestreeruma	VERB	1
regestrerima	VERB	1
reggae	NOUN	1
regilaul	NOUN	1
regisdreeruma	VERB	1
registererima	VERB	1
registreerama	VERB	1
registreeriema	VERB	1
registreerim	NOUN	1
registreerima	NOUN	1
registreeritud	ADJ	1
registreeru=nud	ADJ	1
registrerimine	NOUN	1
regustreerima	VERB	1
reha_bilitatsioon	NOUN	1
rehkendus	NOUN	1
rehvi_vahetus	NOUN	1
reid	NOUN	1
reima	VERB	1
reipus	NOUN	1
reis	DET	1
reis_isi_htpunkt	NOUN	1
reisi=mine	NOUN	1
reisi_büroot	NOUN	1
reisi_huviline	NOUN	1
reisi_lennuk	NOUN	1
reisi_päevik	NOUN	1
reisi_raamat	NOUN	1
reisikas	ADJ	1
reisime	VERB	1
reisimis_vahend	NOUN	1
reisma	VERB	1
rekkord	NOUN	1
rekkort	NOUN	1
reklaame_rida	VERB	1
reklaamerima	VERB	1
reklaamk_lipp	NOUN	1
reklamema	VERB	1
rekordiline	ADJ	1
rele_vaantne	ADJ	1
relevantne	ADJ	1
religioniline	ADJ	1
reliigia	NOUN	1
reliikvia	NOUN	1
relva_meister	NOUN	1
relvastus	NOUN	1
remiksi=mine	NOUN	1
remixima	VERB	1
remond	NOUN	1
remondimine	NOUN	1
rendima	VERB	1
renesants	NOUN	1
renessanss	NOUN	1
rent	NOUN	1
reost	NOUN	1
reostamata	ADJ	1
reostuma	VERB	1
reostumine	NOUN	1
replaulja	NOUN	1
reporterip_raktika	NOUN	1
res_toranis,esmas_päev	PROPN	1
reserveerima	VERB	1
reservima	VERB	1
reskus	NOUN	1
resort	NOUN	1
resstamine	NOUN	1
rest_oraanis_-salv	NOUN	1
restora	NOUN	1
restoran	PROPN	1
restoranikett	NOUN	1
restoranis,vaatama	NOUN	1
restoranis.on	NOUN	1
restoreaan	NOUN	1
restoren	NOUN	1
resul_tate	NOUN	1
result	NOUN	1
resultatiivsus	NOUN	1
retroplaat	NOUN	1
retsepti_lehe_külg	NOUN	1
retsepti_raamat	NOUN	1
retušeerima	VERB	1
reus	NOUN	1
reustoraan	NOUN	1
reval	NOUN	1
revniatse=v	ADJ	1
revo_lutsiooniline	ADJ	1
revolutsionaalne	ADJ	1
revolutsionäär	NOUN	1
revolutsioon	PROPN	1
revolutsiooni=liselt	ADV	1
revolutsioonilise=m	ADJ	1
reze_söör	NOUN	1
rezisör	NOUN	1
reže_söör	NOUN	1
reži_sõõr	NOUN	1
režiseerima	VERB	1
režiser	NOUN	1
režissor	NOUN	1
režisör	NOUN	1
ridas,12	NOUN	1
ridas,ja	NOUN	1
rided,_palun	NOUN	1
rided,ne	NOUN	1
ridee	NOUN	1
rietama	VERB	1
rietuma	VERB	1
rigi	NOUN	1
riho.tamm@gmail.com	SYM	1
rii_ded,	NOUN	1
rii_ded,_söök	NOUN	1
rii_dedsnl	NOUN	1
riid_ed,ne	ADJ	1
riid_ed,ne	NOUN	1
riid_ed.ne	ADJ	1
riid_eid.ki_rjut	NOUN	1
riid_et.me	NOUN	1
riid_et.ne	NOUN	1
riida,_spord	NOUN	1
riide,_mill	NOUN	1
riide,ne	ADJ	1
riide,sa	NOUN	1
riide.kohtumi	NOUN	1
riide_,ühe	NOUN	1
riide_d,he	NOUN	1
riide_id.m	NOUN	1
riided,e	NOUN	1
riided,kampsun,müts,kingad,kindad,_teksa	NOUN	1
riided,milline	ADJ	1
riided,selle_pärast	ADV	1
riided,tuletõr_juda	NOUN	1
riided.kell	NOUN	1
riided.kui	NOUN	1
riided.ootama	VERB	1
riided.ootanvas=tus	NOUN	1
riidee	NOUN	1
riideid,vett,ja_lats	NOUN	1
riidem	NOUN	1
riides	NOUN	1
riidestiil	NOUN	1
riidet,ja	NOUN	1
riidetk	NOUN	1
riidlemine	NOUN	1
riie	ADJ	1
riie	VERB	1
riied,_veel	NOUN	1
riietu	NOUN	1
riietuma,t-särg,tos=sud	NOUN	1
riietumiss_tiil	NOUN	1
riietus_pood	NOUN	1
riiety_hästija	NOUN	1
riigi_asja	NOUN	1
riigi_asju	NOUN	1
riigi_gümnaasium	NOUN	1
riigi_juht	NOUN	1
riigi_kaaslane	NOUN	1
riigi_kaitse	NOUN	1
riigi_kogu	PROPN	1
riigi_kokk	NOUN	1
riigi_kord	NOUN	1
riigi_korraldus	NOUN	1
riigi_nimi	NOUN	1
riigi_ots	NOUN	1
riigi_peal	ADV	1
riigi_piir	NOUN	1
riigi_pindala	NOUN	1
riigi_pööre	NOUN	1
riigi_rahvas	NOUN	1
riigi_sisene	ADJ	1
riigi_süsteem	NOUN	1
riigieksami_teaeg	NOUN	1
riigilea_bista	VERB	1
riigu_kogu	NOUN	1
riiie	NOUN	1
riik	PROPN	1
riikide_vaheline	ADJ	1
riim	NOUN	1
riin	NOUN	1
riisk	NOUN	1
riiski	ADV	1
riiskis	NOUN	1
riivama	VERB	1
rija	NOUN	1
rijda	NOUN	1
rikasta=tud	ADJ	1
rikastuma	VERB	1
rikkaim	ADJ	1
rikkastav	ADJ	1
rikkav	ADJ	1
rikkid	NOUN	1
rikkis	ADJ	1
rikuma	VERB	1
rikustatuks-viis	NOUN	1
ring.au_hind	NOUN	1
ring_reis	NOUN	1
ringi,_mina	NOUN	1
ringi,_tegi	NOUN	1
ringi,_veel	NOUN	1
ringi,h_üppasime	VERB	1
ringi.kui	NOUN	1
ringi.ma	NOUN	1
ringi_,pärane	ADJ	1
ringi_dele,koor	NOUN	1
ringi_liikumine	NOUN	1
ringi_reis	NOUN	1
ringis.ma	NOUN	1
ringis.see	NOUN	1
ringkond	NOUN	1
ringle=v	ADJ	1
ringlema	VERB	1
ringr_aeg	NOUN	1
rinn	NOUN	1
rinna_vähk	NOUN	1
rippumine	NOUN	1
riputa=mine	NOUN	1
riputama	VERB	1
ris	NOUN	1
riskama	VERB	1
riski_tegur	NOUN	1
rist	NOUN	1
rist_sõnu	NOUN	1
risti=tud	ADJ	1
risti_rahvas	NOUN	1
ristmik	NOUN	1
risto_raanis.resto_raan	NOUN	1
ristoran	NOUN	1
ristumis_koht	NOUN	1
rituaal	NOUN	1
rituus	NOUN	1
riutama	VERB	1
rižiim	NOUN	1
rkskursioonile“tartus	NOUN	1
rnb	NOUN	1
ro	ADJ	1
roa	NOUN	1
robert	NOUN	1
robi	NOUN	1
robi_n,tahan	VERB	1
robima	VERB	1
robin.sepp@kovl.ee	SYM	1
robin@gmail.com	PROPN	1
robo-insener	NOUN	1
robo_tehnika	NOUN	1
robo_tniiduk	NOUN	1
robo_ttolmui_meja	NOUN	1
robootika_huviline	NOUN	1
robootika_ring	NOUN	1
robotmur_uniiduk	NOUN	1
robott	NOUN	1
robotto_lmuimeja	NOUN	1
rock	PROPN	1
rock/punk	NOUN	1
rock_muusika	NOUN	1
rockan_sambel	NOUN	1
rohelane	ADJ	1
roheline-kollane	ADJ	1
rohelinet-särk	NOUN	1
rohelne	ADJ	1
rohelt	ADV	1
rohem	ADV	1
rohk_emmeeldis	ADJ	1
rohk_emmeeldis	NOUN	1
rohkeim	ADJ	1
rohkemini	ADV	1
rohkemm	ADV	1
rohkes	ADV	1
rohkkem	ADV	1
rohmem	ADV	1
rohrem	ADJ	1
rohtima	VERB	1
rohtuma	VERB	1
rohum	NOUN	1
rojhkem	ADJ	1
rok-	NOUN	1
roke	NOUN	1
rokhem	ADJ	1
roki	NOUN	1
roki_laul	NOUN	1
rokilikum	ADJ	1
rokima	VERB	1
rokk	ADJ	1
rokk_hiti	NOUN	1
rokk_laul	NOUN	1
rokkar	NOUN	1
rokki_klubi	NOUN	1
rokkmuusika	NOUN	1
rokkontsert	NOUN	1
rol	NOUN	1
roli	NOUN	1
rolm	ADJ	1
romaani_sari	NOUN	1
romaantik	ADJ	1
romaantiline	ADJ	1
roman	PROPN	1
romantik	NOUN	1
rong	ADJ	1
rongi_reis	NOUN	1
rongi_transport	NOUN	1
rongtee	NOUN	1
ronima,minu_aru	NOUN	1
ronimine	NOUN	1
ronitama	VERB	1
ronk	NOUN	1
ronkem	ADJ	1
ronnima	VERB	1
roober_t.spord	PROPN	1
roomama	ADJ	1
roonima	VERB	1
roos	ADJ	1
roosiline	ADJ	1
rootsis	NOUN	1
rootslane	NOUN	1
ropendamine	NOUN	1
roppendama	VERB	1
ropu	ADJ	1
rott	NOUN	1
rt	NOUN	1
rubla	NOUN	1
ruda	NOUN	1
rugodiiv	NOUN	1
rugodiiv	PROPN	1
ruhkem	ADJ	1
rukilill@gmail.com	SYM	1
rukki_leib	NOUN	1
rukki_lill	NOUN	1
rukki_põld	NOUN	1
rula.kaavas	NOUN	1
ruld	NOUN	1
rulema	VERB	1
rull_suusatama	VERB	1
rullu_isku	NOUN	1
ruluisuta=mine	NOUN	1
rumal	NOUN	1
rumalalt	ADV	1
rumalane	ADJ	1
rumalda	VERB	1
rusikas	NOUN	1
rutem	ADV	1
rutiinne	ADJ	1
rutttu-ruttu	ADV	1
ruttuma	VERB	1
rutu	NOUN	1
rutuma	VERB	1
ruumalus	NOUN	1
ruumides.siin	NOUN	1
ruumine	NOUN	1
ruut_meeter	NOUN	1
ruuter	NOUN	1
räbaldu=nud	ADJ	1
rägi	NOUN	1
rägiti,e	NOUN	1
räguma	VERB	1
rähn	NOUN	1
räigem	ADJ	1
räk	NOUN	1
räkimine	NOUN	1
räkk	NOUN	1
rämp_toit	NOUN	1
rämps	NOUN	1
ränd	NOUN	1
ränd_rahn	NOUN	1
ränd_rähn	NOUN	1
rändrahn	NOUN	1
räni_alune	NOUN	1
ränk_raske	ADJ	1
rännu_tee	NOUN	1
räpane	ADJ	1
räpane	NOUN	1
räpi_album	NOUN	1
räpmuusika	NOUN	1
räpp-grupp	NOUN	1
räppartist	NOUN	1
räppimine	NOUN	1
rätsep-stilist	NOUN	1
rää_kis,e	NOUN	1
räägi=tav	ADJ	1
räägimis	NOUN	1
räägitamine	NOUN	1
räägma	VERB	1
rääkema	VERB	1
rääki=ja	NOUN	1
rääkida/kirjutama	VERB	1
rääkidama	VERB	1
rääkidne	VERB	1
rääkim	NOUN	1
rääkim_amida	VERB	1
rääkimis	VERB	1
rääkimis_osa	NOUN	1
rääkimis_oskus	NOUN	1
rääkitama	VERB	1
rääkiv	ADJ	1
rääkma	VERB	1
räästas	NOUN	1
räät	NOUN	1
räääkima	VERB	1
róve	ADJ	1
rõhul	ADP	1
rõhuma	VERB	1
rõhutamine	NOUN	1
rõhutamis_väärne	ADJ	1
rõima	VERB	1
rõimatus	NOUN	1
rõms	NOUN	1
rõmsumeelne,sõbralik	ADJ	1
rõske	ADJ	1
rõvedam	ADJ	1
rõõm_sade	ADJ	1
rõõmna	ADJ	1
rõõmne	ADJ	1
rõõmne	NOUN	1
rõõms_ameelse=m	ADJ	1
rõõmsa_meel	NOUN	1
rõõmsa_meelnet	ADJ	1
rõõmsa_meelnt	ADJ	1
rõõmsa_meelsus	NOUN	1
rõõmsameelsem	ADJ	1
rõõmsas	ADJ	1
rõõmsasti	ADV	1
rõõmu_kilk	NOUN	1
rõõmu_täis	NOUN	1
rõõmu_vaene	ADJ	1
rõõmukalt	ADV	1
rõõmus,_kui	NOUN	1
rõõmustus	NOUN	1
röhtima	VERB	1
röndgen	NOUN	1
röntgeni_aparaat	NOUN	1
röökima	VERB	1
röömus	ADJ	1
rööv_loom	NOUN	1
rügamine	NOUN	1
rühm	ADJ	1
rühm_võimleja	NOUN	1
rühma_mäng	NOUN	1
rühma_suurus	NOUN	1
rühma_tunne	NOUN	1
rühmama	VERB	1
ründaja	NOUN	1
ründav	ADJ	1
rüpe	NOUN	1
rürm	NOUN	1
rütmi_muusika	NOUN	1
rütmi_pill	NOUN	1
rütmi_tunnetus	NOUN	1
rütmika_maid	ADJ	1
rütmikas	ADJ	1
rütmima	VERB	1
rüüdma	VERB	1
rüüstama	VERB	1
rüüstav	ADJ	1
s	ADP	1
s.mets@vam.com	NOUN	1
sa.	NOUN	1
saa.kaasama	VERB	1
saa_lis,kolma_päev	NOUN	1
saa_nud.m	VERB	1
saa_rema_ekskursioon	PROPN	1
saa_tejuhataja	NOUN	1
saaade	NOUN	1
saaama	VERB	1
saaba	NOUN	1
saabai	NOUN	1
saabema	NOUN	1
saabunud	ADJ	1
saabutama	VERB	1
saabö_eld	VERB	1
saada,kui	ADV	1
saada.oma	VERB	1
saadam	NOUN	1
saadavalt	ADV	1
saadavam	ADJ	1
saadavus	NOUN	1
saade	ADP	1
saadetud	ADJ	1
saadima	VERB	1
saadion	NOUN	1
saadus	VERB	1
saae	NOUN	1
saakma	AUX	1
saal,_hüpa	NOUN	1
saali._muuseum	NOUN	1
saali_hokk	NOUN	1
saali_töötaja	NOUN	1
saalis._mart	PROPN	1
saalis._sell	NOUN	1
saalis.huviringk	NOUN	1
saalis.kontset	NOUN	1
saam_ejalutama	VERB	1
saama_moodi	ADV	1
saama_sugune	ADJ	1
saamasugune	DET	1
saame_tutv	VERB	1
saan	NOUN	1
saapad.kaasama	NOUN	1
saar	PROPN	1
saare_male=.me	PROPN	1
saaremal	ADV	1
saarlane	NOUN	1
saas	NOUN	1
saasta=mine	NOUN	1
saastamine	NOUN	1
saastav	ADJ	1
saaste	NOUN	1
saastmine	NOUN	1
saastu=mine	NOUN	1
saata.suur	PROPN	1
saatama	VERB	1
saatan	NOUN	1
saate_juhataja	NOUN	1
saate_juhitöö	NOUN	1
saate_juht	ADJ	1
saate_juhtimine	NOUN	1
saate_juhtine	NOUN	1
saatema	VERB	1
saatev	ADJ	1
saatm	NOUN	1
saatma	PROPN	1
saatsima	VERB	1
saav	ADJ	1
saav	NOUN	1
saava	VERB	1
saavama	AUX	1
saavuma	VERB	1
saavutatu	NOUN	1
saavutatud	ADJ	1
sabas	NOUN	1
sabuma	VERB	1
sad	NOUN	1
sada	ADJ	1
sada	VERB	1
sada-euroline	ADJ	1
sadaaasta	ADV	1
sadab	VERB	1
sadakond	NUM	1
sadam	VERB	1
sadas	NOUN	1
sadev	VERB	1
sadma	AUX	1
sadu_tuhat	NUM	1
saduma	VERB	1
sae_puru	NOUN	1
sageline	ADJ	1
sagin	NOUN	1
sagind	NOUN	1
sahinemine	NOUN	1
sahisema	VERB	1
sahtel	NOUN	1
saiama	VERB	1
saieke	NOUN	1
saind	PRON	1
saine	VERB	1
saitis	NOUN	1
saitma	VERB	1
saiu	NOUN	1
saj	ADJ	1
saja-aastane	ADJ	1
saja-nt	NUM	1
saja=ke	NOUN	1
saja_aasta	NOUN	1
saja_astane	ADJ	1
saja_ndialgus	NOUN	1
saja_protsenti=line	ADV	1
sajand	NUM	1
sajandi+te_tagune	ADJ	1
sajandi_tagune	NOUN	1
sajanditepikkune	ADJ	1
sajnd	NOUN	1
saju_hoog	NOUN	1
sakala	NOUN	1
sakroi	X	1
sakrõvai(	ADJ	1
saksa	PROPN	1
saksa_köök	NOUN	1
saksa_maa	NOUN	1
saksakeeleelu_kutse	NOUN	1
saksima	VERB	1
saksofon	NOUN	1
sakusurhaal	NOUN	1
sakusuur_hall	NOUN	1
sal	PRON	1
sala_asi	NOUN	1
sala_keel	NOUN	1
sala_sõna	NOUN	1
salaja	ADJ	1
salaja	NOUN	1
salateoa	NOUN	1
salatt	NOUN	1
salatus	NOUN	1
salat“	NOUN	1
sale	ADJ	1
saledam	ADJ	1
salfett	NOUN	1
salgama	VERB	1
sall_/sall	NOUN	1
sallimatus	NOUN	1
sallis.see	NOUN	1
salmike	NOUN	1
saluut	NOUN	1
salvama	VERB	1
salvestis	NOUN	1
sam_asugune	DET	1
sama_lihtsalt	ADV	1
sama_meelne	ADJ	1
sama_sooline	ADJ	1
sama_suge	ADJ	1
sama_sugu	NOUN	1
sama_väärne	ADJ	1
samalt	ADV	1
samamoodi,_vee	NOUN	1
samane	DET	1
samas	DET	1
samastama	VERB	1
samasti	ADV	1
samee	AUX	1
samet	NOUN	1
samm	ADV	1
samm	VERB	1
samm-sammult	ADV	1
samma	DET	1
samma_moodi	ADV	1
samma_sugune	DET	1
sammal_jalg	NOUN	1
sammuke	NOUN	1
sammuma	VERB	1
samu	NOUN	1
samune	ADJ	1
samus	ADJ	1
sand	NOUN	1
sander.ma	PROPN	1
sane	NOUN	1
sankt-peterburgi_s.pil	PROPN	1
sanktsioon	NOUN	1
sant	NOUN	1
saolima	VERB	1
sap	NOUN	1
sapanedp_üks	VERB	1
sapbas	NOUN	1
sapp	VERB	1
sari	NOUN	1
sarnane	VERB	1
sarnanev	ADJ	1
sarnasem	ADJ	1
saru	NOUN	1
sassis	ADJ	1
sastus	NOUN	1
sataha	NOUN	1
sate	NOUN	1
satima	VERB	1
satma	VERB	1
sauma	VERB	1
saund	NOUN	1
sava	NOUN	1
savaad	ADJ	1
saviketta=ke	NOUN	1
savima	VERB	1
savutama	VERB	1
savutus	NOUN	1
sber	NOUN	1
scenar	NOUN	1
scenarist	NOUN	1
scrabble	NOUN	1
sdadioon	NOUN	1
sea_deldis	NOUN	1
sea_gripp	NOUN	1
sea_pärart	ADV	1
seaema	VERB	1
seal!m	NOUN	1
seal...	ADV	1
seal._oli	NOUN	1
seal.kas	NOUN	1
seal.m	NOUN	1
seal.s_podip	PROPN	1
seal.s_pordip	NOUN	1
seal.seal	ADV	1
seal:harjutuseme;jookseme	NOUN	1
seal_samas	ADV	1
seala	ADV	1
seale	NOUN	1
sealla	ADV	1
sealo_sale	VERB	1
sealt._spordip	NOUN	1
sealtsamalt	ADV	1
seans	NOUN	1
seas	NOUN	1
seatud	ADJ	1
seda,_milg	PRON	1
seda,kui	SCONJ	1
seda_laadi	ADJ	1
seda_teha	ADV	1
seda_võrd	ADV	1
sede	PRON	1
sedä	PRON	1
see,m	NOUN	1
see...	PUNCT	1
see...	SYM	1
see/nukk/auto_/pliiats	NOUN	1
see_aeg	NOUN	1
see_kaudu	ADV	1
see_mäng	NOUN	1
see_peal	ADV	1
see_sugune	PRON	1
see_tottu	ADV	1
see_tõtu	ADV	1
see_tõõttu	ADV	1
see_töttu	ADV	1
see_viis	NOUN	1
seeal	ADV	1
seeas	ADV	1
seebi_ooper	NOUN	1
seeda	NOUN	1
seede_häir	NOUN	1
seede_häire	NOUN	1
seedima	VERB	1
seee_tõttu	ADV	1
seel	ADJ	1
seel	PROPN	1
seeline	ADJ	1
seelline	ADJ	1
seen	ADV	1
seene	ADJ	1
seene	ADP	1
seenine	NOUN	1
seeol	NOUN	1
seere_meel	NOUN	1
sees	DET	1
sees.ma	NOUN	1
sees_ütlev	NOUN	1
seetoimuma	VERB	1
sega=tud	ADJ	1
sega_tea_tejooksu	NOUN	1
segadusttekitav	ADJ	1
segama	NOUN	1
segi	ADV	1
segrigatsioon	NOUN	1
segu_mahl	NOUN	1
sehkendus	NOUN	1
sei	PRON	1
seigelma	VERB	1
seiklema	VERB	1
seiklus-film	NOUN	1
seiklus_keskus	NOUN	1
seiklus_mäng	NOUN	1
seiklus_mängid	NOUN	1
seiklus_raja	NOUN	1
seiklusparki,me	NOUN	1
seiklusparkis._pidk	PRON	1
seil	PRON	1
seina_leht	NOUN	1
seisev	ADJ	1
seisu_kohalt	ADV	1
seisu_koht	ADV	1
seisu_korr	NOUN	1
seisukord	NOUN	1
seisvalt	ADV	1
seitmendaja	ADJ	1
seits_mendalmail	ADJ	1
seitse,lane	NOUN	1
seitse,mul	ADJ	1
seitse._spordip	NOUN	1
seitse.kontsert	NOUN	1
seitse.minu	NUM	1
seitse_sada	NUM	1
seitsemes	ADJ	1
seitsems	ADJ	1
seitseteistkümme	NUM	1
seitseteistkümne_aastane	ADJ	1
seitsm	ADJ	1
seitsmd	ADJ	1
seitsme_ni.ma	NOUN	1
seitsmeet	NUM	1
seitsmek_lass	NOUN	1
seitsmenda-	ADJ	1
seitsmendad,kaheksandad	ADJ	1
seitsmendik	ADJ	1
seitsmene	ADJ	1
seitsmes,kaheksas	ADJ	1
seitsmes-	ADJ	1
seitsmess	ADJ	1
seitsmeteistkümneaastane	ADJ	1
seitsmini	NUM	1
sejal	ADV	1
sek	NOUN	1
sekkumine	NOUN	1
seklus_park	NOUN	1
sekra_täär	NOUN	1
sekretar	NOUN	1
sekun	NOUN	1
sekundi=line	ADJ	1
sekundi_kiirus	NOUN	1
sel_jas_.pük	NOUN	1
sel_juht	NOUN	1
seldskond	NOUN	1
sele	DET	1
sele	VERB	1
sele_taksan	VERB	1
selell	ADJ	1
selema	DET	1
seleta=tav	ADJ	1
seletama	NOUN	1
seletamatult	ADV	1
seletuma	VERB	1
selfie	NOUN	1
selg	ADJ	1
selg	DET	1
selg_a,tek_sasedjalga	NOUN	1
selg_akleit	NOUN	1
selg_amugav	ADJ	1
selg_roog	NOUN	1
selga,tus=sud	ADJ	1
selga=ja	NOUN	1
selga_ilus	ADJ	1
selga_lühikine	ADJ	1
selga_moodsalt	ADV	1
selga_valge	ADJ	1
selgamugavadrii_ded,_võta	NOUN	1
selgas	ADJ	1
selgasoojapluus	NOUN	1
selgeja	NOUN	1
selgema	VERB	1
selgesti	ADV	1
selgetaja	NOUN	1
selgi=tav	ADJ	1
selgit	ADJ	1
selgitus	NOUN	1
selguma	NOUN	1
seli	NOUN	1
seline	NOUN	1
seliselt	ADV	1
selitama	VERB	1
selja_mets	ADJ	1
selja_valu	NOUN	1
seljanka	NOUN	1
seljat	NOUN	1
seljata=tav	ADJ	1
seljatama	NOUN	1
sell	NOUN	1
selle=stna	PRON	1
selle=tud	VERB	1
selle_alane	ADJ	1
selle_ase	NOUN	1
selle_kohane	ADJ	1
selle_olu_korr	NOUN	1
selle_paräst	ADV	1
selle_pärast,	ADJ	1
selle_pärat	ADV	1
selle_päst	ADV	1
selle_st.mene	PRON	1
selle_ära	ADV	1
selleks,et	ADV	1
selleks,et	NOUN	1
sellel_aeg	NOUN	1
sellele_probleem	NOUN	1
sellema	PRON	1
sellene	PRON	1
selles,joostama	VERB	1
selles_film	NOUN	1
selles_t.spord	NOUN	1
sellest...	ADJ	1
sellest.see	PRON	1
selletus_kiri	NOUN	1
sellgima	VERB	1
sellin	DET	1
sellinne	PRON	1
sellitama	VERB	1
sellrne	DET	1
sells	PRON	1
sellsne	DET	1
seltis	NOUN	1
seltsima	VERB	1
seltsime_hede	NOUN	1
seltskon	NOUN	1
seltskondliku=m	ADJ	1
seltskondlikum	ADJ	1
seltskonn	NOUN	1
seminaar	NOUN	1
seminaari_vorm	NOUN	1
seminar	NOUN	1
semiootika	NOUN	1
semptember	NOUN	1
semu	NOUN	1
sene	PRON	1
seni_kaua	ADV	1
seniks	ADV	1
sensore_kraan	NOUN	1
sentember	NOUN	1
senter	NOUN	1
senti.me	NOUN	1
senti.palun	NOUN	1
senti_meeter	NOUN	1
sentimentaalse=m	ADJ	1
sentit.ma	NOUN	1
sentr	NOUN	1
seobama	VERB	1
seoiiuma	ADJ	1
seok	NOUN	1
seokma	VERB	1
seota=tu	ADJ	1
seotma	VERB	1
seouma	VERB	1
seov	NOUN	1
sepp19@gmail.com	SYM	1
seppi_koda	NOUN	1
sept	NOUN	1
sept.	NOUN	1
september	PROPN	1
september._spordip	NOUN	1
septembr_il.ne	NOUN	1
septembril,_kool	NOUN	1
septembril.see	ADJ	1
septembril.teater	NOUN	1
septembril_.selne	NOUN	1
septembris,_kell	NOUN	1
septembris.sa	NOUN	1
septemder	NOUN	1
septermber	NOUN	1
sepärast	ADV	1
seretaar	NOUN	1
sergei.kuusk@gmail.com	NOUN	1
sergei.petrov111@gmail.com	SYM	1
seriaal	NOUN	1
serial	NOUN	1
serjaal	NOUN	1
serveerima	VERB	1
seset	SCONJ	1
sesse	ADV	1
sest	ADP	1
sest,_sell	PRON	1
sest,ma	VERB	1
sest,mina	NOUN	1
sestap	ADV	1
sestet	SCONJ	1
sesttäna	ADV	1
set_õttu	ADV	1
sevo_djn	NOUN	1
sh	ADV	1
shokol	NOUN	1
shokolaadi_medal	NOUN	1
shoppamine	NOUN	1
shoppima	VERB	1
shopping	NOUN	1
shoud	NOUN	1
show	NOUN	1
sia	ADV	1
sibralik	ADJ	1
sibran	NOUN	1
sibu_lisalat	NOUN	1
sibul	NOUN	1
side_pidamine	NOUN	1
sidrun	NOUN	1
sidumine	NOUN	1
sidumis_viis	NOUN	1
siduvus	NOUN	1
sie	PRON	1
siga	ADJ	1
siga	ADV	1
sigaret	NOUN	1
sigur	NOUN	1
sihi_pärane	ADJ	1
siht_kindel	ADJ	1
sihtima	VERB	1
siian	ADV	1
siide	NOUN	1
siiki	ADV	1
siili_legi	ADV	1
siilima	VERB	1
siin	NOUN	1
siin	PRON	1
siin,_sõber	NOUN	1
siin_mail	ADV	1
siine	ADJ	1
siinme	ADJ	1
siinna	ADV	1
siinnne	ADJ	1
siinu	ADV	1
siirama	VERB	1
siirdama	VERB	1
siirdi	NOUN	1
siiru_viiruline	ADJ	1
siis,_koos	ADV	1
siis_lähm	ADV	1
siisaldama	VERB	1
sillutama	VERB	1
silm-side	NOUN	1
silm_kontakt	NOUN	1
silm_märgatava=lt	ADV	1
silm_nähtavalt	ADV	1
silma_alune	NOUN	1
silma_ilu	NOUN	1
silma_paistav	ADJ	1
silma_paistvalt	ADV	1
silma_paistvamne	ADJ	1
silma_torkavam	ADJ	1
silmapaist=nud	ADJ	1
silmas-_silm	NOUN	1
silmast_silma	ADV	1
silmi_ring	NOUN	1
silmitsi	ADV	1
silna	PRON	1
silt	NOUN	1
siltuma	VERB	1
siluma	VERB	1
sima	VERB	1
sina	NOUN	1
sina,_minu	ADV	1
sina.konsert	NOUN	1
sina_puud	PROPN	1
sina_puudus	NOUN	1
sinal	ADV	1
sind	PRON	1
sind,-bell	NOUN	1
sind,_sina	PRON	1
sind,e	ADJ	1
sind,ja	NOUN	1
sind,tu	NOUN	1
sind._kui	SCONJ	1
sind.hea	NOUN	1
sind.kohtumine	NOUN	1
sind.paluma	NOUN	1
sind.sina	PRON	1
sine	PRON	1
sine	VERB	1
sine_pigaas	NOUN	1
sinepp	NOUN	1
sing	PRON	1
singe	NOUN	1
singel	NOUN	1
singi	NOUN	1
singi-juustu	ADJ	1
singi-juustu	NOUN	1
sini	ADV	1
sini-must-valge	ADJ	1
sini_lill	NOUN	1
sini_vaal	NOUN	1
sinimus_tvalgelt	ADV	1
sinine	NOUN	1
sinine“	NOUN	1
sinised.ma	NOUN	1
sinisem	ADJ	1
sinna.e_ksrursioon	NOUN	1
sinna_paika	ADV	1
sinnu	PRON	1
sinooptik	NOUN	1
sint	PRON	1
sinu	PRON	1
sinu,_sõber	NOUN	1
sinu.palun	NOUN	1
sinua	DET	1
sinule,et	ADJ	1
sinusõberdasha	NOUN	1
sipelgas	NOUN	1
sirel	NOUN	1
sireli_lõhna	NOUN	1
sirgu=nud	ADJ	1
sirgu=v	ADJ	1
sirgumine	NOUN	1
sirguv	ADJ	1
siristav	ADJ	1
sis	AUX	1
sis	DET	1
sisalduma	VERB	1
sisalduv	ADJ	1
sisama	VERB	1
sise	ADJ	1
sise_astum	NOUN	1
sise_astumine	NOUN	1
sise_kaitse_akademia	PROPN	1
sise_koht	NOUN	1
sise_organ	NOUN	1
sise_poliitika	NOUN	1
sise_poolt	ADV	1
sise_ruum	NOUN	1
sise_uudis	NOUN	1
sisea_stumis_eksam	NOUN	1
sisekait_seakadeemia	NOUN	1
sisekait_seakadeemia	PROPN	1
sisendama	VERB	1
sisene	ADJ	1
sisenemis_tasu	NOUN	1
sisestamine	NOUN	1
sisim	NOUN	1
sism	NOUN	1
siss	NOUN	1
siss_eastumiseeksam	NOUN	1
siss_eastumiskatse	NOUN	1
siss_eastus	NOUN	1
siss_euks	NOUN	1
sisse-välja	ADV	1
sisse_ast	NOUN	1
sisse_aste	NOUN	1
sisse_astmine	NOUN	1
sisse_astu	NOUN	1
sisse_astum	NOUN	1
sisse_astuma	VERB	1
sisse_astumis	NOUN	1
sisse_astumise_kstam	NOUN	1
sisse_asutama	VERB	1
sisse_elamine	NOUN	1
sisse_juht	NOUN	1
sisse_kaitse	NOUN	1
sisse_lülitatud	ADJ	1
sisse_lülitatud	VERB	1
sisse_maa_ilm	NOUN	1
sisse_ost	NOUN	1
sisse_protsess	NOUN	1
sisse_pää	NOUN	1
sisse_rändav	ADJ	1
sisse_ränna=nud	ADJ	1
sissea_stum	NOUN	1
sisseastumieksamit=ek	NOUN	1
sisseastumieksma	NOUN	1
sisseastumis_katse	NOUN	1
sisseastumiseeksa=m	NOUN	1
sisseastumiseeksam	NOUN	1
sisseastumiseks=amne	NOUN	1
sisseastumiseksam	ADJ	1
sisseastumiseksamide	NOUN	1
sisseastumiseksamil	NOUN	1
sisseastumiseksamt	NOUN	1
sisseastumisve_stlus	NOUN	1
sisses	ADV	1
sissestu=mine	NOUN	1
sissuka=v	ADJ	1
sisuka=m	ADJ	1
sisukus	NOUN	1
sisurikas	ADJ	1
sitikas	NOUN	1
sitma	VERB	1
sitse	NOUN	1
situa_stioon	NOUN	1
situa_tsoon	NOUN	1
situaatsion	NOUN	1
situatiivne	ADJ	1
situatsi-oon	NOUN	1
situatsioonine	NOUN	1
situatsoon	NOUN	1
siu_kse	ADJ	1
siuke	PRON	1
siukne	ADJ	1
siukse	ADJ	1
sivi	NOUN	1
sjal	ADV	1
skaala	NOUN	1
skaib	NOUN	1
skandaal	NOUN	1
skandal	NOUN	1
skapark	PROPN	1
skaypark	PROPN	1
skeit	NOUN	1
skeptiliselt	ADV	1
skile	NOUN	1
skool.tlvd@gmail.com	NOUN	1
sku_lptuuri.selg	NOUN	1
skulptur	NOUN	1
skulptuurid,_pärane	NOUN	1
skuuter	NOUN	1
sky-pargis,24.mail	NOUN	1
sky_park	NOUN	1
skyplus	ADJ	1
skyplus	NOUN	1
slai	NOUN	1
slaid	NOUN	1
slass	NOUN	1
sleng	NOUN	1
sllg	DET	1
slp	ADV	1
slängi_sõna	NOUN	1
smirnova@hot.ee	SYM	1
smuut	NOUN	1
sna	PRON	1
snu	NOUN	1
snäks	NOUN	1
sober	INTJ	1
sobi	NOUN	1
sobi=vaim	ADJ	1
sobi_tung	VERB	1
sobilikum	ADJ	1
sobima	ADJ	1
sobima	NOUN	1
sobindma	VERB	1
sobitu=v	ADJ	1
sodur	NOUN	1
sodustus	NOUN	1
soe,	NOUN	1
soe.ma	ADJ	1
soe/külm	NOUN	1
soe=tud	ADJ	1
soe_jopp	NOUN	1
soe_maa	NOUN	1
soe_riie	NOUN	1
soe_tee	NOUN	1
soed	ADJ	1
soed	NOUN	1
soem	ADJ	1
soendama	VERB	1
soendus	NOUN	1
soes	ADJ	1
soes	ADV	1
sofia.mägi@gmail.com	SYM	1
sofia@_mail.r	NOUN	1
soi	ADJ	1
soidu-tund	NOUN	1
soidu_kogemus	NOUN	1
soik	NOUN	1
soima	VERB	1
soitama	VERB	1
soja	NOUN	1
soja_driide	NOUN	1
sojandus	NOUN	1
soje	ADJ	1
sojendus	NOUN	1
sokolaad.auhindama	NOUN	1
sokolad	NOUN	1
sokrama	PROPN	1
solaar	ADJ	1
solfedšo	NOUN	1
solfedžo	NOUN	1
solisti_laul	NOUN	1
solisti_ring	NOUN	1
soltuma	VERB	1
solv	ADJ	1
solvaata	VERB	1
solvamine	NOUN	1
solvang	NOUN	1
solvustama	VERB	1
solvutamine	NOUN	1
solvuvus	NOUN	1
soo_bivad,_veel	NOUN	1
soo_vin,	NOUN	1
soob	NOUN	1
soobilik	ADJ	1
soobivam	ADJ	1
soodsalt	ADV	1
soodsama	VERB	1
soodsamalt	ADV	1
soodus_hind	NOUN	1
sooe	NOUN	1
sooem	ADJ	1
sooendus_t,teg	NOUN	1
sooentus	NOUN	1
sooi	ADJ	1
sooj_ad,ilus	ADJ	1
sooj_adriide	NOUN	1
sooja	NOUN	1
soojadriide_d,telef	NOUN	1
soojadriie	NOUN	1
soojama	ADJ	1
soojama	VERB	1
soojane	ADJ	1
soojas-pluusis,teni=s	NOUN	1
soojendav	ADJ	1
soojenduse_ga,siis	NOUN	1
soojendust_,pärast	NOUN	1
soojendust_.siis	NOUN	1
soojundus	NOUN	1
soojustus	NOUN	1
sook	NOUN	1
sookima	NOUN	1
sool	ADJ	1
soolo_laul	NOUN	1
soolvandma	VERB	1
soolvustamine	NOUN	1
soolvutama	VERB	1
sooma	NOUN	1
sooma.ja	NOUN	1
soomaa	NOUN	1
soome	ADV	1
sooodus_pilet	NOUN	1
sooov	NOUN	1
soor	ADJ	1
soorita=tud	ADJ	1
sooritumine	NOUN	1
soos	ADP	1
sootsial_media	NOUN	1
sootuks	ADV	1
soov	ADJ	1
soov	PROPN	1
soovi_kohaselt	ADV	1
soovidja	ADJ	1
soovikima	VERB	1
soovikma	VERB	1
soovilane	NOUN	1
soovima	PROPN	1
soovimine	NOUN	1
soovis	NOUN	1
soovita=v	ADJ	1
soovitamine	NOUN	1
soovituma	VERB	1
sooviv	ADJ	1
soovtama	VERB	1
soovude	NOUN	1
sopirdi_päev	NOUN	1
sopord	NOUN	1
sopordi_päev	NOUN	1
soprdi_päev	NOUN	1
soravalt	ADV	1
sordi_päev	PROPN	1
sorima	VERB	1
sorteerim	NOUN	1
sorteerimine	NOUN	1
sorterima	VERB	1
sortlikult	ADV	1
sots_iaalvõrgus_tikk	NOUN	1
sotsia	NOUN	1
sotsiaal_abi	NOUN	1
sotsiaal_maa_ilm	NOUN	1
sotsiaal_meed	NOUN	1
sotsiaal_meeida	NOUN	1
sotsiaal_olu_kord	NOUN	1
sotsiaal_uuring	NOUN	1
sotsiaal_võrgustike	NOUN	1
sotsiaal_võrgustikkus	NOUN	1
sotsiaal_võrgustiku	NOUN	1
sotsiaal_võrk	NOUN	1
sotsiaalhumani_taarne	ADJ	1
sotsiaalm_eedia_kanal	NOUN	1
sotsiaalsem	ADJ	1
sotsiaalsus	NOUN	1
sotsiaalv_õrgustikk	NOUN	1
sotsiaalvõrgustikk	NOUN	1
sotsiaalvõrgustikkutma	NOUN	1
sotsial_pedog	NOUN	1
sotsialiseeri=tud	ADJ	1
sotsialv_õrgustik	NOUN	1
sotsioteehni=line	ADJ	1
sotsium	NOUN	1
sound	NOUN	1
sovett	NOUN	1
soööma	VERB	1
spa-hotell	NOUN	1
spaa	NOUN	1
spane	ADJ	1
spardi_päev	NOUN	1
spas,_kell	NOUN	1
spatseerima	VERB	1
spektaakel	NOUN	1
spektaakl	NOUN	1
spekulatsioon	NOUN	1
spekuleerima	VERB	1
spet_sefekt	NOUN	1
spet_seffekt	NOUN	1
spetsiaalsus	NOUN	1
spetsiali=is	NOUN	1
spetsialiseerima	VERB	1
spetsialne	ADJ	1
spetsiifiliselt	ADV	1
spikerdama	VERB	1
spikerduma	VERB	1
spirdi_päev	NOUN	1
spirdimuuseumis.seal	ADV	1
spitsialist	NOUN	1
spjrdi_päev	NOUN	1
spo_rdijalad,_või	NOUN	1
spodi_saal	NOUN	1
spodri_päev	NOUN	1
spoirdi_päev	NOUN	1
sponseerima	VERB	1
spoordi_jälanõu	NOUN	1
spoordi_paev	NOUN	1
spoordi_ride	NOUN	1
spoordii_riie	NOUN	1
spoordlane	NOUN	1
spoorti_päev	NOUN	1
spopordi_päev	NOUN	1
spor	NOUN	1
spord_isuveniir	NOUN	1
spord_päev	NOUN	1
sporddi_päev	NOUN	1
spordholli.kell	NOUN	1
spordi-võistlus	NOUN	1
spordi=line	ADJ	1
spordi_aja_kirjanik	NOUN	1
spordi_arst	NOUN	1
spordi_bootas	NOUN	1
spordi_form	NOUN	1
spordi_hool	NOUN	1
spordi_jalats	NOUN	1
spordi_jooks	NOUN	1
spordi_kesrusel	NOUN	1
spordi_king	NOUN	1
spordi_klass	NOUN	1
spordi_komitee	NOUN	1
spordi_kompleks	PROPN	1
spordi_kostum	NOUN	1
spordi_kostümi	NOUN	1
spordi_kott	NOUN	1
spordi_maja	NOUN	1
spordi_mang	NOUN	1
spordi_mägu	NOUN	1
spordi_mängija	NOUN	1
spordi_mängut	NOUN	1
spordi_määng	NOUN	1
spordi_nõu	NOUN	1
spordi_paiv	PROPN	1
spordi_paus	NOUN	1
spordi_paävl	ADV	1
spordi_plaad	NOUN	1
spordi_päaev	PROPN	1
spordi_päeav	NOUN	1
spordi_päeavas	NOUN	1
spordi_päeb	NOUN	1
spordi_päev,ja	NOUN	1
spordi_päev,oma	NOUN	1
spordi_päev,see	ADJ	1
spordi_päev,uu	NOUN	1
spordi_päeva_kava	NOUN	1
spordi_päeval,et	NOUN	1
spordi_päeval,s	NOUN	1
spordi_päevast,mis	NOUN	1
spordi_päevkell	NOUN	1
spordi_pärv	NOUN	1
spordi_pääev	NOUN	1
spordi_pääv	NOUN	1
spordi_põev	NOUN	1
spordi_riide_d,ked	NOUN	1
spordi_rink	NOUN	1
spordi_rõiv	NOUN	1
spordi_saaal	NOUN	1
spordi_saade	NOUN	1
spordi_saalais	NOUN	1
spordi_saallis	NOUN	1
spordi_sall	NOUN	1
spordi_tegemine	NOUN	1
spordi_tegevus	NOUN	1
spordi_toss	NOUN	1
spordi_tulemus	NOUN	1
spordi_tüdruk	NOUN	1
spordi_võistkond	NOUN	1
spordi_ülikond	NOUN	1
spordi_üritus	NOUN	1
spordia_la,ne	NOUN	1
spordia_päev	NOUN	1
spordiajaloog	NOUN	1
spordialane	ADJ	1
spordialane	NOUN	1
spordiasjad.otama	NOUN	1
spordide_päev	NOUN	1
spordihallis.m=a	NOUN	1
spordihol	NOUN	1
spordihoones.seal	NOUN	1
spordii_form	NOUN	1
spordii_nimes	NOUN	1
spordij_ala_nõud	NOUN	1
spordij_alanõua	NOUN	1
spordija_lanõ	NOUN	1
spordijäald,t-s_ärk,l_ühike	ADJ	1
spordika	NOUN	1
spordikeskuses.sport	NOUN	1
spordikeskusses,_kell	NOUN	1
spordilane	NOUN	1
spordim_ängud,	NOUN	1
spordima	VERB	1
spordimu_usiumine	NOUN	1
spordimuse_umi	NOUN	1
spordimuseum	NOUN	1
spordimuuseu=mine	NOUN	1
spordimuuseum.seal	NOUN	1
spordimuuseum.sel=l	NOUN	1
spordimuuseumis.ekskursioon	NOUN	1
spordimuuseumis=.	NOUN	1
spordimuuseumisse.min	NOUN	1
spordimuusiu=mine	NOUN	1
spordimänge,jooksima	NOUN	1
spordimängud,_korv_pall	NOUN	1
spordimängud,jalpall,võrkpall,esta=feet	NOUN	1
spordimängud,konkurss	NOUN	1
spordip_oäev	NOUN	1
spordip_päev	NOUN	1
spordip_äev,tund	NOUN	1
spordip_ääev	NOUN	1
spordip_õaev	NOUN	1
spordipaev.see	NOUN	1
spordipaev.spordi_paev	NOUN	1
spordipaev@info.ee	NOUN	1
spordipav	NOUN	1
spordipäev,esmäs_paevas	NOUN	1
spordipäev,keli	NOUN	1
spordipäev,spordi_päev	NOUN	1
spordipäev,tabtoimuma	NOUN	1
spordipäev.7,8,9	NOUN	1
spordipäev.võttes	NOUN	1
spordipäevtoimuma	VERB	1
spordiriide.kui	NOUN	1
spordiriided,spord_ijalane	NOUN	1
spordiriided,tos=sud	NOUN	1
spordiriided.hea	NOUN	1
spordiriided.toit	NOUN	1
spordiriideid._kaasa	NOUN	1
spordiriideid:krossid,spordi_püks	NOUN	1
spordiriie	NOUN	1
spordiringidest._pili	NOUN	1
spordisaa_lis,_kell	NOUN	1
spordisaadejuhatada	NOUN	1
spordisaalis.see	ADJ	1
spordisaalis.spordi=p	NOUN	1
spordisaalis.spordip	NOUN	1
spordisal	NOUN	1
spordisärk,joogi_pudel	NOUN	1
spordit_egevus	NOUN	1
spordiviktoriini,hüppama	NOUN	1
spordivorm,tos=sud	NOUN	1
spordiü_les_anne	NOUN	1
spordlik	ADJ	1
spordo_päev	NOUN	1
sporgima	VERB	1
sporidi	ADV	1
sporidi_päev	NOUN	1
sporpäev	NOUN	1
sport-tantsus	NOUN	1
sport.ne	ADJ	1
sport@gmail.com	NOUN	1
sport_auto	NOUN	1
sport_film	NOUN	1
sport_holl	NOUN	1
sport_klubi	NOUN	1
sport_lane,kui	NOUN	1
sport_mang	NOUN	1
sport_mänd	NOUN	1
sport_mäne	NOUN	1
sport_sall	NOUN	1
sportane	NOUN	1
sportd_imäng	NOUN	1
sportel	NOUN	1
sporter	NOUN	1
sporti,jooksisime,mängima	NOUN	1
sporti,m	NOUN	1
sporti.sell=e	NOUN	1
sporti=mine	NOUN	1
sporti_teksased	NOUN	1
sporti_õpetaja	NOUN	1
sportid.	NOUN	1
sportimuuseu_mid,tee	NOUN	1
sportimuuseumi,seal	NOUN	1
sportini=mene	NOUN	1
sportipäev,seal	NOUN	1
sportiriine	NOUN	1
sportis	NOUN	1
sportisaal	NOUN	1
sportisttation	NOUN	1
sportitress.ma	NOUN	1
sportland	NOUN	1
sportli_ku,se	NOUN	1
sportliku=m	ADJ	1
sportlikult:jop	NOUN	1
sportlikult:t-särg	NOUN	1
sportsaalistoimuma	VERB	1
sportsmeen	NOUN	1
sportt	NOUN	1
sportüritus	NOUN	1
spotdi_päev	NOUN	1
spotlikult	ADV	1
spott	NOUN	1
spradest	NOUN	1
spreis	NOUN	1
sprinti,j_ooksine	VERB	1
sprodi_paev	NOUN	1
sprodi_päevak	NOUN	1
sprodi_võistlus	NOUN	1
sprodiriided,sõber	NOUN	1
sprotlik	ADJ	1
sqber	NOUN	1
sseal	ADV	1
ssee	PRON	1
ssina	PRON	1
staa_dionil,ja	NOUN	1
staa_dionil.soov	NOUN	1
staa_riunistus	NOUN	1
staaddio	NOUN	1
staadi_onil.seal	ADJ	1
staadi_onil.seal	ADV	1
staadi_onis.spordip	NOUN	1
staadi_umi.spordip	NOUN	1
staadia	NOUN	1
staadio_nil,	NOUN	1
staadio_nil,_kell	NOUN	1
staadio_nil,_kolm	NOUN	1
staadio_nil,_seal	NOUN	1
staadio_nil,m	NOUN	1
staadio_nil,ol	NOUN	1
staadio_nil.pea	NOUN	1
staadio_nil.t	NOUN	1
staadio_nilm	NOUN	1
staadiom	NOUN	1
staadiomi_ring	NOUN	1
staadionil,seal	ADV	1
staadionil,viskasimelendav	NOUN	1
staadionil.s_podt	NOUN	1
staadionil.sellesp	NOUN	1
staadionil.sellg	NOUN	1
staadioniltoimuma	VERB	1
staadionis.meie	NOUN	1
staadionis.see	NOUN	1
staadionissel	NOUN	1
staadionl	NOUN	1
staadoon	NOUN	1
staatistika	NOUN	1
stabiilse	ADJ	1
stabiilsem	ADJ	1
stabilsus	NOUN	1
stadeoonis_.spordip	NOUN	1
stadiion	NOUN	1
stadio_onil.kontsert	NOUN	1
stadio_onist.spordip	NOUN	1
stadion=ilno	NOUN	1
stadioni_l,ree	NOUN	1
stadioni_ring	NOUN	1
stadionil,neljapäeval.=me	NOUN	1
stadionil._siit	NOUN	1
stadionil.se=a	NOUN	1
stadionil.seal	NOUN	1
stadionille	NOUN	1
stadionis,31	NOUN	1
stadioo_nil.m	NOUN	1
stadioon	PROPN	1
stadioon_il.me	NOUN	1
stadiooni.see	NOUN	1
stadioonil,järgmine	ADJ	1
stadioonil,õpet=aja	NOUN	1
stadioonil.au_hind	NOUN	1
stadioonil.see	ADJ	1
stadioonil.see	NOUN	1
stadioonil_.pidu	NOUN	1
stadioonis._sell	NOUN	1
stadioonis.spordi_pida	NOUN	1
stadioonn	NOUN	1
stadiooon	NOUN	1
staduoon	NOUN	1
stand-up	NOUN	1
standa_artne	ADJ	1
standa_arts	NOUN	1
standard	NOUN	1
standartne	ADJ	1
stanion	NOUN	1
startid“	NOUN	1
startima	VERB	1
startma	VERB	1
statall	ADV	1
statiistika	NOUN	1
statoil	NOUN	1
ste_reotüüpima	NOUN	1
stemuleerima	VERB	1
stend	NOUN	1
stereo_tüüb	NOUN	1
stereo_tüüpne	ADJ	1
stereotiipne	ADJ	1
stereotü-üpne	ADJ	1
stereotüüpidap	NOUN	1
steriliseerimis_võte	NOUN	1
stigma	NOUN	1
stiilis._kolk	NOUN	1
stiilne	NOUN	1
stiim	NOUN	1
stile	NOUN	1
stilist	NOUN	1
still	NOUN	1
stimulaator	NOUN	1
stli	NOUN	1
stop	X	1
stoppima	VERB	1
strateeg	NOUN	1
strateegia_mäng	NOUN	1
strategia	NOUN	1
streerima	VERB	1
street	NOUN	1
streig	NOUN	1
streik	NOUN	1
strenaarium	NOUN	1
stres_simaanda=mine	NOUN	1
stres_sitaluvus	NOUN	1
stresa	NOUN	1
stresi	NOUN	1
stress_iolu_korr	NOUN	1
stressi_hoidlik	ADJ	1
stressi_kulu	NOUN	1
stressi_olu_kord	NOUN	1
stressi_rohkes	ADJ	1
stressi_seisund	NOUN	1
stressi_taluv	ADJ	1
stressia_llika	NOUN	1
stressikas	ADJ	1
stressim_aandaja	NOUN	1
stronger	NOUN	1
stronkal	NOUN	1
stroomi_rand	NOUN	1
struktura	NOUN	1
struktureeri=tud	ADJ	1
struktureerima	VERB	1
stseen	NOUN	1
stsenarist	NOUN	1
student	NOUN	1
studiot	NOUN	1
stuudium	NOUN	1
stuupor	NOUN	1
style	NOUN	1
stüa_rdess	NOUN	1
stüar_dess	NOUN	1
su,e	NOUN	1
subjekt	NOUN	1
subtiitr	NOUN	1
subtiter	NOUN	1
suda	NOUN	1
sue	PRON	1
suee	NOUN	1
sugema	VERB	1
sugemisülesannee	NOUN	1
sugk	NOUN	1
sugu_elu	NOUN	1
sugu_haru	NOUN	1
sugu_laste_leja	NOUN	1
sugu_puu	NOUN	1
sugusne	NOUN	1
suhelda/rääkima	VERB	1
suhelda=.sa	VERB	1
suheldma	VERB	1
suhestuma	VERB	1
suhhtlema	VERB	1
suhkru_vaat	NOUN	1
suhkru_vatt	NOUN	1
suhkruvatikarva	ADJ	1
suhleliselt	ADV	1
suhte	NOUN	1
suhtes	ADV	1
suhtl_usvahend	NOUN	1
suhtle_me,joom	VERB	1
suhtlemis_raskus	NOUN	1
suhtlemis_ring	NOUN	1
suhtlumi_soskus	NOUN	1
suhtlumine	NOUN	1
suhtlumis_keel	NOUN	1
suhtlus_kaaslane	NOUN	1
suhtlus_keele	NOUN	1
suhtlus_keelt	NOUN	1
suhtlus_kultuur	NOUN	1
suhtlus_tase	NOUN	1
suhtlus_tuup	NOUN	1
suhtlus_vorm	NOUN	1
suhtlus_võimalus	NOUN	1
suhtlusp_robleem	NOUN	1
suhtlusv_õrgustik	NOUN	1
suhtma	VERB	1
suhtuja	NOUN	1
suhtum	NOUN	1
suhtus	ADJ	1
suhulane	NOUN	1
suiie	ADV	1
suitma	NOUN	1
suitsegama	VERB	1
suitsetatu_d...	ADJ	1
suitsu_andur	NOUN	1
suitsu_pääsukes	NOUN	1
suitsu_signaal	NOUN	1
suja	NOUN	1
suju=v	ADJ	1
sujuma	VERB	1
sujunevalt	ADV	1
sujuvam	ADJ	1
sukeldumine	NOUN	1
sukk	NOUN	1
suks	ADJ	1
sulam	NOUN	1
sulamine	NOUN	1
sulandu=nud	ADJ	1
sulandumine	NOUN	1
sulav	ADJ	1
suld	NOUN	1
sule=tud	ADJ	1
sule=tud	VERB	1
sule_arvuti	NOUN	1
sulema	PRON	1
suletama	VERB	1
sulg_palli,rahva_pall	NOUN	1
sulg_palli_reket	NOUN	1
sulgpall,kõrv_pall	NOUN	1
sulguma	VERB	1
suli	NOUN	1
sulis_töö	NOUN	1
sulistama	VERB	1
sull	NOUN	1
sull	VERB	1
sulle,_kuit	NOUN	1
sulle,kutsuma	VERB	1
sulle,ne	PRON	1
sullg	NOUN	1
sulnis	ADJ	1
sultumatu	ADJ	1
summi	NOUN	1
summutama	VERB	1
suna	PRON	1
sunama	VERB	1
sund	NOUN	1
sundi=nud	ADJ	1
sundimatu	ADJ	1
suni	NOUN	1
suni_päev	NOUN	1
sunn_ipäeva_pidu	NOUN	1
sunni_paev	NOUN	1
sunni_viisiline	ADJ	1
sunnis	VERB	1
sunnitult	ADV	1
sunu	PRON	1
sup	NOUN	1
supeldama	VERB	1
superhea	NOUN	1
supers_tarr	NOUN	1
superstaar	NOUN	1
supl_esime,lä_leme	NOUN	1
suplem	NOUN	1
suplemine	NOUN	1
supper	ADJ	1
suppi.palun	NOUN	1
suppid	NOUN	1
suppie	NOUN	1
supplema	VERB	1
sure	NOUN	1
suremine	NOUN	1
surenema	VERB	1
surev	ADJ	1
surf	NOUN	1
surfifa	VERB	1
suri	ADJ	1
suri_vood	NOUN	1
surima	VERB	1
suriniir	NOUN	1
surisema	VERB	1
surma_patt	NOUN	1
surma_tants	NOUN	1
surma_tõbi	NOUN	1
surmavalt	ADV	1
surmlik	ADJ	1
surnu_aed	NOUN	1
surnud/surema	VERB	1
surt	NOUN	1
suru=tud	ADJ	1
sushi	NOUN	1
sushibar	NOUN	1
suss	NOUN	1
susseastuma	VERB	1
suu_pill	NOUN	1
suua	ADJ	1
suuddma	VERB	1
suugavam	ADJ	1
suul	NOUN	1
suuline	NOUN	1
suuline_osa	NOUN	1
suum	NOUN	1
suun	NOUN	1
suuna_tund	NOUN	1
suunama	NOUN	1
suunane	NOUN	1
suund	ADP	1
suund	VERB	1
suundama	VERB	1
suundima	VERB	1
suundumus	NOUN	1
suune	NOUN	1
suunima	VERB	1
suunitlus	NOUN	1
suupe_pärane	ADJ	1
suur	ADV	1
suur	NOUN	1
suur-suur	NOUN	1
suur_firma	NOUN	1
suur_hall	NOUN	1
suur_mees	NOUN	1
suur_rahvas	NOUN	1
suur_sugusus	NOUN	1
suur_teos	NOUN	1
suura_vastus	NOUN	1
suure-pärane	ADJ	1
suure_jooneliselt	ADV	1
suure_mahuline	ADJ	1
suure_mosaliselt	ADV	1
suure_päräne	ADJ	1
suure_päär	ADJ	1
suurel_hulk	NOUN	1
suurema	VERB	1
suurenisti	ADV	1
suurma	VERB	1
suurs_aavutus	NOUN	1
suurs_ugusem	ADJ	1
suurte_laul	NOUN	1
suurus	ADV	1
suuruse=lt	ADV	1
suurusema	NOUN	1
suurveneseen	NOUN	1
suus	NOUN	1
suusa_sport	NOUN	1
suusa_võistlus	NOUN	1
suusataja	NOUN	1
suusk	NOUN	1
suuskas	NOUN	1
suutlik	ADJ	1
suuur	ADJ	1
suuvi_plaan	NOUN	1
suv_eöö	NOUN	1
suvatsema	VERB	1
suve_aeg	NOUN	1
suve_ajaline	ADJ	1
suve_festiv	NOUN	1
suve_ilm	NOUN	1
suve_koju	NOUN	1
suve_laagrine	NOUN	1
suve_niri	NOUN	1
suve_pärane	ADJ	1
suve_riie	NOUN	1
suve_tuul	NOUN	1
suve_vahe_aeg	NOUN	1
suvekooli_vahe_aeg	NOUN	1
suvenduma	VERB	1
suvene	ADJ	1
suvenema	VERB	1
suvener	NOUN	1
suveniris.selga	NOUN	1
suvepe_alinn	NOUN	1
suveräänne	ADJ	1
suvev_ahe_aeg	NOUN	1
suvi	PROPN	1
suvi_abilane	NOUN	1
suvi_festival	NOUN	1
suvi_niir	NOUN	1
suvi_peok	NOUN	1
suvi_plaan	NOUN	1
suvi_vahe_aeg	NOUN	1
suvi_vaheaja	NOUN	1
suvila	ADJ	1
suvila_s,ree	NOUN	1
suvilager	NOUN	1
suvilas	NOUN	1
suvilas._seal	NOUN	1
suvitamine	NOUN	1
suvivahe_aeg	NOUN	1
sviiter,sokid,_t-särk,m	NOUN	1
svita_foor	NOUN	1
sviter	NOUN	1
säde	NOUN	1
sädele=v	ADJ	1
säe	ADJ	1
sähvatama	VERB	1
säilitus_aine	NOUN	1
säilm	NOUN	1
säima	VERB	1
sära_vadk_enasti	ADV	1
särk,püksid,raha,vesi,telefon	NOUN	1
särkama	VERB	1
särnane	ADJ	1
särtsakas	ADJ	1
sätendav	ADJ	1
sätesta=tud	ADJ	1
sätestama	VERB	1
sättima	VERB	1
säutsuma	VERB	1
sääma	VERB	1
säär	NOUN	1
säärane	PRON	1
sääsk	NOUN	1
säästama	VERB	1
säästamine	NOUN	1
säästlikumalt	ADV	1
säästmine	NOUN	1
säästuma	VERB	1
sõ-bralikult	ADV	1
sõb_er-ar	NOUN	1
sõb_er.me	NOUN	1
sõba	NOUN	1
sõbe_r,mar	NOUN	1
sõbel	NOUN	1
sõber	ADJ	1
sõber!me	NOUN	1
sõber,_sergei	NOUN	1
sõber,_täna	NOUN	1
sõber,kutsuma	VERB	1
sõber,m	NOUN	1
sõber,meie	NOUN	1
sõber,minu	NOUN	1
sõber,räägima	VERB	1
sõber,tule	NOUN	1
sõber_,anton	NOUN	1
sõber_mari	NOUN	1
sõbere	NOUN	1
sõbima	VERB	1
sõbr	NOUN	1
sõbr_aseltskond	NOUN	1
sõbra-nna	NOUN	1
sõbra_jurd	NOUN	1
sõbrad,kontsert	NOUN	1
sõbrad-sugulane	NOUN	1
sõbrael	ADJ	1
sõbrage	NOUN	1
sõbraid	NOUN	1
sõbrake	NOUN	1
sõbralikkuk	ADJ	1
sõbralikkut	NOUN	1
sõbraliselt	ADV	1
sõbrallikum	ADJ	1
sõbrama	NOUN	1
sõbrama	VERB	1
sõbran	NOUN	1
sõbranna	X	1
sõbrannne	NOUN	1
sõbrat	NOUN	1
sõbratama	VERB	1
sõbratema	NOUN	1
sõbreg	NOUN	1
sõbrlaki=dud	ADJ	1
sõbrus	NOUN	1
sõda	VERB	1
sõder	NOUN	1
sõdu	NOUN	1
sõdu_film	NOUN	1
sõer	NOUN	1
sõi	NOUN	1
sõi_dametaru	NOUN	1
sõida=v	ADJ	1
sõida_meekskursioon	NOUN	1
sõidame-said	NOUN	1
sõidamebussiga,mängu_tuba	NOUN	1
sõidamespordimuuseu=mine	NOUN	1
sõidamine	NOUN	1
sõidan_koos	NOUN	1
sõidav	ADJ	1
sõide_kursus	NOUN	1
sõidu_juhataja	NOUN	1
sõidu_kogemus	NOUN	1
sõidu_kursus	NOUN	1
sõidu_olu_kord	NOUN	1
sõidu_oskus	NOUN	1
sõidu_plaan	NOUN	1
sõidu_raha	NOUN	1
sõidu_süsteem	NOUN	1
sõidu_tee	NOUN	1
sõidu_tnde	NOUN	1
sõidu_tond	NOUN	1
sõidu_tunid	NOUN	1
sõidu_tunt	NOUN	1
sõidu_vahend	NOUN	1
sõiduk_juht	NOUN	1
sõiduki_koolitus	NOUN	1
sõidukijuhi_koolitus_anna__mägi_	NOUN	1
sõiduko_juht	NOUN	1
sõidumine	NOUN	1
sõiduta	NOUN	1
sõidutun	NOUN	1
sõie	VERB	1
sõiguki_juht	NOUN	1
sõiklus_park	NOUN	1
sõim	NOUN	1
sõima	VERB	1
sõit	VERB	1
sõitdev	VERB	1
sõitev	ADJ	1
sõitja	NOUN	1
sõitma	NOUN	1
sõitma,_kook	NOUN	1
sõitme	VERB	1
sõitsimetartuma	VERB	1
sõitsma	VERB	1
sõja_film	NOUN	1
sõja_konflikt	NOUN	1
sõja_konfliktne	NOUN	1
sõja_laev	NOUN	1
sõja_lennuk	NOUN	1
sõja_pidamine	NOUN	1
sõja_relv	NOUN	1
sõja_tarbe	NOUN	1
sõja_tegevus	NOUN	1
sõja_väke	NOUN	1
sõja_väkk	NOUN	1
sõjatehnika_valdkond	NOUN	1
sõjtama	VERB	1
sõjtima	VERB	1
sõjtma	VERB	1
sõkolaad	NOUN	1
sõlmima	VERB	1
sõlmimine	NOUN	1
sõltima	VERB	1
sõltlik	ADJ	1
sõltu_mustekitav	ADJ	1
sõltumatult	ADV	1
sõltumatus	NOUN	1
sõltuv	VERB	1
sõltuvam	ADJ	1
sõltuvu_sauk	NOUN	1
sõltuvus_tunne	NOUN	1
sõltuvustteki=tav	ADJ	1
sõna	ADJ	1
sõna	VERB	1
sõna_jalg	NOUN	1
sõna_kasutus	NOUN	1
sõna_kogune	NOUN	1
sõna_looja	NOUN	1
sõna_oskus	NOUN	1
sõna_sõda	NOUN	1
sõna_varu	NOUN	1
sõna_vihik	NOUN	1
sõnade_töö	NOUN	1
sõnaja_laõi	NOUN	1
sõnalennu_kipi_loot	NOUN	1
sõnama	VERB	1
sõnaseletamati	ADJ	1
sõnastik	NOUN	1
sõnatu	ADJ	1
sõnd!tänan,kui	NOUN	1
sõnu_miedastus_vahend	NOUN	1
sõp_ru,ne	NOUN	1
sõpa	NOUN	1
sõper	ADJ	1
sõpper	NOUN	1
sõppradegama	VERB	1
sõppru	NOUN	1
sõpr_atega,s	NOUN	1
sõpra_de/_pere	NOUN	1
sõprade-tuttav	NOUN	1
sõpralik	ADJ	1
sõprane	NOUN	1
sõprann	NOUN	1
sõpras	NOUN	1
sõpruma	NOUN	1
sõpruma	VERB	1
sõprus_ring	NOUN	1
sõprus_side	NOUN	1
sõra	NOUN	1
sõrik	NOUN	1
sõriku_kohvik	NOUN	1
sõrme_küüne	NOUN	1
sõrme_liigutus	NOUN	1
sõrmitsema	VERB	1
sõta	NOUN	1
sõtmine	NOUN	1
sõtuma	VERB	1
sõu	NOUN	1
sõud_ebaasis,_alga	PROPN	1
sõõgi_koht	NOUN	1
sõõm	VERB	1
sõõn	NOUN	1
sõõrik	ADJ	1
sõõtma	VERB	1
söber,_martin	PROPN	1
söidma	VERB	1
söija	NOUN	1
söija	VERB	1
söma	NOUN	1
söma	VERB	1
söme	DET	1
sörkmine	ADJ	1
sörkmine	NOUN	1
söö_me,meil	NOUN	1
söö_meja	NOUN	1
sööama	VERB	1
sööda_plats	NOUN	1
söödap_lats	NOUN	1
söödav	ADJ	1
söödu	NOUN	1
söödud	ADJ	1
sööema	VERB	1
söög	NOUN	1
söögi_koht	NOUN	1
söögi_kord	NOUN	1
söögi_pausas	NOUN	1
söögi_pauss	NOUN	1
söögi_produkt	NOUN	1
söögi_raha	NOUN	1
söögi_tuba	NOUN	1
söögi_vaheaja	NOUN	1
söögi_valik	NOUN	1
söögist	NOUN	1
söögivahetund	NOUN	1
sööia	NOUN	1
sööia	VERB	1
söök,_jöök	NOUN	1
söök/_jook	NOUN	1
söökima	VERB	1
sööklas	NOUN	1
sööklus	NOUN	1
sööma	ADJ	1
sööma	PROPN	1
sööma,_film	NOUN	1
sööma,mängima	VERB	1
sööma,mängima_,jalutam	VERB	1
sööma_,pärane	ADV	1
sööme,joome,mängima	VERB	1
sööme,naerame,jalutama	VERB	1
sööme,tantsime,mängima	VERB	1
sööme......	SYM	1
söömema	VERB	1
söön	NOUN	1
sööstma	VERB	1
sööt	VERB	1
söötmine	NOUN	1
sü_üa,ne	ADJ	1
süa	ADV	1
süa	VERB	1
süda_lähedane	ADJ	1
südalik	ADJ	1
südam_easi	NOUN	1
südame_kujuline	ADJ	1
südame_lähedas	ADJ	1
südame_lähedasem	ADJ	1
südame_lähedast	ADJ	1
südame_probleem	NOUN	1
südame_põksu=mine	NOUN	1
südame_rahu	NOUN	1
südame_siirdamine	NOUN	1
südamelähedaseim	ADJ	1
südamelähedasemad	ADJ	1
südamestimulaator	NOUN	1
südamlikum	ADJ	1
südan_tsoojendav	ADJ	1
südantliigu=tav	ADJ	1
südantliiguta=vam	ADJ	1
südantlõhesta=v	ADJ	1
südants_oojendavalt	ADV	1
südikas	ADJ	1
süga=vamalt	ADV	1
sügava_loomuline	ADJ	1
sügava_mõttelis	ADJ	1
sügaval	ADJ	1
sügavasti	ADV	1
sügavik	NOUN	1
sügavus	NOUN	1
sügavuti	ADV	1
sügelema	VERB	1
sügis_peo	NOUN	1
sügis_vahe_aeg	NOUN	1
sügisahe_aeg	NOUN	1
sügise_pill	NOUN	1
sügisene	ADJ	1
sühtlema	VERB	1
süia	VERB	1
süia_,vett,_sõpr	NOUN	1
süija	NOUN	1
süjama	VERB	1
sülg	NOUN	1
süli	PROPN	1
sült	NOUN	1
sümbioos	NOUN	1
sümboliseerima	VERB	1
sümboolika	NOUN	1
sümboolne	ADJ	1
sümfoonia_muusika	NOUN	1
sümpaatsem	ADJ	1
sümpotiseerima	VERB	1
sün_ipaeva_pidu	NOUN	1
sün_nipäevapidu	NOUN	1
sündi=nu	NOUN	1
sündmuste_rohk	NOUN	1
sündmustik	NOUN	1
sündroom	NOUN	1
sünduma	VERB	1
sündus	NOUN	1
süngisvahe_aeg	NOUN	1
süni_paev	NOUN	1
süni_paeva_peol	NOUN	1
süni_päeva_le,ree	NOUN	1
süni_päeva_peol	NOUN	1
süni_päiva	NOUN	1
sünii_paev	NOUN	1
sünii_päev	NOUN	1
sünipaäenva_pidu	NOUN	1
sünipäeva-ele	NOUN	1
sünn_ipaevu_pidu	NOUN	1
sünn_ipäeva_pudu	NOUN	1
sünn_ipäevale_pidu	NOUN	1
sünn_nipäevale,m	NOUN	1
sünn_päev	NOUN	1
sünni=tud	VERB	1
sünni_aasta	NOUN	1
sünni_juurestik	NOUN	1
sünni_kodu	NOUN	1
sünni_paiv	NOUN	1
sünni_päeval	NOUN	1
sünni_päevalane	NOUN	1
sünni_päevale.	NOUN	1
sünni_päevapidu=le	NOUN	1
sünni_päevenl	NOUN	1
sünni_päiv	ADJ	1
sünni_pätv	ADJ	1
sünni_raskus	NOUN	1
sünni_tunnistus	NOUN	1
sünnima	VERB	1
sünnip_aevap	NOUN	1
sünnip_aevu_peol	NOUN	1
sünnip_eava_pidu	NOUN	1
sünnip_äaeva_peol	NOUN	1
sünnip_äevale,m	NOUN	1
sünnipev	ADJ	1
sünnipev	NOUN	1
sünnipä-evpi	NOUN	1
sünnipä_ev.ne	NOUN	1
sünnipäe_vale_,ära	NOUN	1
sünnipäeema	NOUN	1
sünnipäev?ma	NOUN	1
sünnipäeva_tort	NOUN	1
sünnipäevalaud	NOUN	1
sünnipäevale!04.august	NOUN	1
sünnipäevale,skypark	NOUN	1
sünnipäevalekutsuma	NOUN	1
sünnitand	NOUN	1
sünnitus	NOUN	1
sünnitus_maja	NOUN	1
sünnni_päev	NOUN	1
süntesaator	NOUN	1
süre_pärane	ADJ	1
sürpriis	NOUN	1
süsi_hape_gaas	NOUN	1
süst	NOUN	1
süsteemiadmini_straator	NOUN	1
süstem	NOUN	1
süteem	NOUN	1
sütitav	ADJ	1
süvend	NOUN	1
süvenda=v	ADJ	1
süvene=dud	ADJ	1
süvene=nud	ADJ	1
süvi	NOUN	1
süüa_,eg	NOUN	1
süüa_kohvikus.ilm	NOUN	1
süüame,suhtlema	VERB	1
süüdastama	VERB	1
süüdi	ADP	1
süüdi_mõistetud	ADJ	1
süüia	NOUN	1
süüia	VERB	1
süüja,tantsima	VERB	1
süük	NOUN	1
süütamine	NOUN	1
süüvima	VERB	1
süšeet	NOUN	1
t	SCONJ	1
t-saark	NOUN	1
t-sark.ka=v	NOUN	1
t-sä_rk,vesi,tos=sud	NOUN	1
t-särg,trikoo,_lühikese	ADJ	1
t-särgi,_püks	NOUN	1
t-särk,a	NOUN	1
t-särk_,lühikes	ADJ	1
t-särki,püma	NOUN	1
t.jaak@gmail.com	NOUN	1
t.m.h.g.kool.ee	NOUN	1
t.saar@gmail.vom	NOUN	1
taa	ADV	1
taa_siseseisvuma	VERB	1
taa_siseseisvumispäev	NOUN	1
taabel	NOUN	1
taamal	ADV	1
taanda_renk	NOUN	1
taanduma	VERB	1
taani	ADJ	1
taas_kaal	NOUN	1
taas_kaalusta=tud	ADJ	1
taas_kalustama	VERB	1
taas_sünd	NOUN	1
taasa_kaal	ADJ	1
taasa_kalu	NOUN	1
taasakaalusta=mine	NOUN	1
taasavastamine	NOUN	1
taasi_seseisvumine	NOUN	1
taask_uul	VERB	1
taasma	VERB	1
taastamine	NOUN	1
taastu_venergia	NOUN	1
taastus_ravi	NOUN	1
taastuv	ADJ	1
taba_salu	ADV	1
tabamine	NOUN	1
tabletike	NOUN	1
tabu	NOUN	1
tae_kvondo	NOUN	1
tae_vathti	NOUN	1
tae_vätaht	NOUN	1
taega	NOUN	1
taegas	NOUN	1
taema	VERB	1
taeva_keha	NOUN	1
taeva_riik	NOUN	1
taeva_töht	NOUN	1
taevas_koda	PROPN	1
taeve	NOUN	1
taga=tud	ADJ	1
taga_hoidlik	ADJ	1
taga_hoov	NOUN	1
taga_jarg	NOUN	1
taga_jari	NOUN	1
taga_järi	NOUN	1
taga_kaamera	NOUN	1
taga_kiri	NOUN	1
taga_kius	NOUN	1
taga_kiusamine	NOUN	1
taga_mõte	NOUN	1
taga_otsas	ADJ	1
taga_plaaniline	ADJ	1
taga_plan	NOUN	1
taga_rida	NOUN	1
taga_sire	NOUN	1
taga_taust	NOUN	1
taga_tuba	NOUN	1
taga_vara_võti	NOUN	1
taga_veoline	ADJ	1
tagad	ADV	1
tagalt	ADP	1
tagas_ide	NOUN	1
tagas_pidi	ADV	1
tagasi.seal	ADV	1
tagasi_hoidlikkus	ADJ	1
tagasi_hoidliku	ADJ	1
tagasi_hoidlikult	ADV	1
tagasi_hoidlikum	ADJ	1
tagasi_tull	VERB	1
tagasiho_idli	ADJ	1
tagasima	NOUN	1
tagasis_ide.	NOUN	1
tagast	ADV	1
tagastus	NOUN	1
tagsi	ADV	1
taguma	VERB	1
tagumine	ADJ	1
tagune	NOUN	1
tagusi	ADV	1
tagutsemine	NOUN	1
tah	ADV	1
taha	VERB	1
taha-ksimt	VERB	1
tahad._kaasa	NOUN	1
tahadmima	VERB	1
tahak	VERB	1
tahakama	VERB	1
tahakuma	VERB	1
tahal	ADP	1
tahan	ADJ	1
tahan,et	NOUN	1
tahan_kut=sud	VERB	1
tahas	ADV	1
tahasi	ADV	1
tahasima	VERB	1
tahat	NOUN	1
tahatm-	VERB	1
tahatmn	VERB	1
tahav	VERB	1
tahdma	VERB	1
tahel_epan_uväärt	NOUN	1
tahele_panu	NOUN	1
tahes-tahtmata	ADV	1
tahetama	VERB	1
tahhama	VERB	1
tahmane	ADJ	1
tahst	ADJ	1
taht_suring	NOUN	1
tahtama	VERB	1
tahti	ADP	1
tahti	ADV	1
tahtis	NOUN	1
tahtlik	ADJ	1
tahtma	ADJ	1
tahtmatu	ADJ	1
tahtmd	VERB	1
tahtsid.seal	ADV	1
tahtsuma	VERB	1
tahv_elarvut=itne	NOUN	1
tahve_larvu	NOUN	1
tahvel	ADV	1
tahvel_arvutil	NOUN	1
tahvl	NOUN	1
tahvli_arvuti	NOUN	1
tahvtma	VERB	1
tai	NOUN	1
taidlemine	NOUN	1
taiga	NOUN	1
taime_liik	NOUN	1
taime_rohke	ADJ	1
taimestik	NOUN	1
taimetoitlane	NOUN	1
taimt_oitlane	NOUN	1
taip	NOUN	1
taipo_ksitreening	NOUN	1
tais	ADJ	1
tais_kasvanu	NOUN	1
tais_koolitus	NOUN	1
taitma	VERB	1
takestus	NOUN	1
takistav	ADJ	1
takistus_rada	NOUN	1
takkistus	NOUN	1
taksma	VERB	1
takti_süsteem	NOUN	1
takti_tundeliselt	ADV	1
taktika	NOUN	1
tala_antiline	ADJ	1
talama	PRON	1
taland	NOUN	1
taldrikut,hüppama	VERB	1
tale	NOUN	1
tale	PROPN	1
talendika=m	ADJ	1
talendikas	NOUN	1
talentne	ADJ	1
talf	NOUN	1
talitama	VERB	1
talitus	NOUN	1
talk	NOUN	1
tall	ADJ	1
talletama	VERB	1
talli	NOUN	1
talli_na?a	NOUN	1
tallinn	PROPN	1
tallinn.28.09.2022	PROPN	1
tallinnas.see	NOUN	1
tallinnas_,veeparg	PROPN	1
tallinnast.pal_unvaad	PROPN	1
tallutama	VERB	1
talt	PRON	1
taltsutamine	NOUN	1
talu_mees	NOUN	1
talu_muusiamine	NOUN	1
talu_pidaja	NOUN	1
talu_poja_kuub	NOUN	1
talu_pojt	NOUN	1
talu_rahva	NOUN	1
talu_uks	NOUN	1
talurahva_keel	NOUN	1
taluta=vam	ADJ	1
talutavam	ADJ	1
talve_ilm	NOUN	1
talve_jope	NOUN	1
talve_kuu	NOUN	1
talve_päev	NOUN	1
talve_vahe	NOUN	1
talvekoolivah_eaj	NOUN	1
talvine	ADJ	1
tama	VERB	1
tamburiin	NOUN	1
tame_tõri	NOUN	1
tamm.toomas@gmail.com	SYM	1
tamm_kool	PROPN	1
tamm_salu	PROPN	1
tamme_hiid	NOUN	1
tamme_leht	NOUN	1
tamme_puu	NOUN	1
tammestaadion	NOUN	1
tammuma	VERB	1
tampima	VERB	1
tana	PROPN	1
tanah	ADV	1
tanah	NOUN	1
tane	ADJ	1
tank	NOUN	1
tans	ADV	1
tansia	NOUN	1
tansime,laulame,sööme,rääkima	VERB	1
tansime,mängime,laulame,sööma	NOUN	1
tansisklema	VERB	1
tansjad.pilet	NOUN	1
tanso	NOUN	1
tanssija	NOUN	1
tanst	NOUN	1
tanstima	VERB	1
tanstu_samm	NOUN	1
tansu_trenn	NOUN	1
tansuja	NOUN	1
tansuta=mine	NOUN	1
tanti_sida	NOUN	1
tantima	VERB	1
tants_upidus	NOUN	1
tantse	NOUN	1
tantsi_da.m	NOUN	1
tantsi_me,laulame	VERB	1
tantsi_me,sõõm	NOUN	1
tantsi_me.ma	NOUN	1
tantsi_me.ma	PROPN	1
tantsi_plats	NOUN	1
tantsid,_mänk	NOUN	1
tantsid_a,kuula	VERB	1
tantsida,mängima	VERB	1
tantside_mäng	NOUN	1
tantsijad.pilet	NOUN	1
tantsim	NOUN	1
tantsima	ADJ	1
tantsima	NOUN	1
tantsima,laulma,jäätt	NOUN	1
tantsima,sööma	NOUN	1
tantsime,jalutame,laulame,võtama	VERB	1
tantsime,laulame,mängima	VERB	1
tantsime,laulame,sõitma	VERB	1
tantsime,mängime,laulma	VERB	1
tantsime.ootama	VERB	1
tantsime.paluma	VERB	1
tantsime_,mangim	VERB	1
tantsimis_oskus	NOUN	1
tantsimis_programm	NOUN	1
tantsivad.kontsert	NOUN	1
tantsivad.pilet	NOUN	1
tantsjad.pilet	NOUN	1
tantsu	NOUN	1
tantsu-treener	NOUN	1
tantsu=mine	NOUN	1
tantsu_ansambel	NOUN	1
tantsu_kava	ADJ	1
tantsu_kolektiiv	NOUN	1
tantsu_konkurss	NOUN	1
tantsu_kool	NOUN	1
tantsu_kultuur	NOUN	1
tantsu_liik	NOUN	1
tantsu_lust	NOUN	1
tantsu_oskus	NOUN	1
tantsu_peos	NOUN	1
tantsu_poiss	NOUN	1
tantsu_põrand	NOUN	1
tantsu_saal	NOUN	1
tantsu_tund	NOUN	1
tantsu_vorm	NOUN	1
tantsu_võistlus	NOUN	1
tantsu_üritus	NOUN	1
tantsukluup	NOUN	1
tantsukollektiivid.pilet	NOUN	1
tantsuliselt	ADV	1
tantsumine	NOUN	1
tantsur	NOUN	1
tantsustuudia	NOUN	1
tantsutama	VERB	1
tanu	NOUN	1
tanulik	ADJ	1
tanuma	VERB	1
taoline	DET	1
taotlema	VERB	1
tapa	NOUN	1
tapa_relv	NOUN	1
tapetama	VERB	1
tapja	NOUN	1
taplemine	NOUN	1
tappema	VERB	1
tappma	VERB	1
tapsem	ADJ	1
tapsemalt	ADV	1
taptma	VERB	1
tapvas	ADJ	1
tar_tus.kontne	PROPN	1
tarb	NOUN	1
tarbe_eseme	NOUN	1
tarbe_kaup	NOUN	1
tarbe_klaas	NOUN	1
tarbija	NOUN	1
tarbija_kultuur	NOUN	1
tarbimis_ühiskond	NOUN	1
tarbita=vam	ADJ	1
tarbiv	ADJ	1
targam	ADJ	1
targas	ADJ	1
targe	ADJ	1
targemalt	ADV	1
targus	NOUN	1
tarkuse_teri	NOUN	1
tarkuste_rade	NOUN	1
tartlane	NOUN	1
tartu	NOUN	1
tartu_muuseum	NOUN	1
tartu_mängu_asi	PROPN	1
tartu_üli_kool	PROPN	1
tartus	NOUN	1
tartus_se.me	PROPN	1
tarvis	ADP	1
taršima	VERB	1
tas	NOUN	1
tas_akaaluka=lt	ADV	1
tasa	NOUN	1
tasa_kaalukam	ADJ	1
tasa_kaalukas	ADJ	1
tasa_kaaluliikur	NOUN	1
tasa_kaaluma	VERB	1
tasa_kaalus.ma	NOUN	1
tasa_kaalusta=tud	VERB	1
tasa_kaalustatus	NOUN	1
tasa_kalu	VERB	1
tasa_kalusta	ADJ	1
tasalt	ADV	1
tasandik	NOUN	1
tase_mee	NOUN	1
tasem	NOUN	1
tashtma	VERB	1
tasku_lamp	NOUN	1
taskus_raha	NOUN	1
tasu_tav,	NOUN	1
tasuja	NOUN	1
tasumata	ADJ	1
tasus	NOUN	1
tasusta=tud	ADJ	1
tasustav	ADJ	1
tasuta.a	NOUN	1
tasuta.tulge	ADJ	1
tasutaline	ADJ	1
tasutama	VERB	1
tasutas	ADJ	1
tatar	ADJ	1
tater	NOUN	1
tatto_oväring	NOUN	1
tausta_plaan	NOUN	1
tausta_uuring	NOUN	1
taustam_uusika	NOUN	1
tava	ADJ	1
tava	VERB	1
tava_kasutus	NOUN	1
tava_päev	NOUN	1
tava_pärasem	ADJ	1
tavalikkult	ADV	1
tavaliseliselt	ADV	1
tavama	NOUN	1
tavatu	ADJ	1
tavl	NOUN	1
tcau	INTJ	1
te	NOUN	1
tea	VERB	1
tea,agama	VERB	1
tea,e	AUX	1
tea,mima	VERB	1
tea.dma	VERB	1
tea.mina	VERB	1
tea_d,me	VERB	1
tea_duseim	NOUN	1
tea_nud,e	NOUN	1
tea_tejook	NOUN	1
tea_tejookes	NOUN	1
tea_tejooks,jalg_pall	NOUN	1
teaada_saad	NOUN	1
teaater	PROPN	1
teabe_allik	NOUN	1
teabe_vahetus	NOUN	1
tead	NOUN	1
tead	PROPN	1
tead,et	VERB	1
tead,m	NOUN	1
tead,meie	NOUN	1
tead=ja	NOUN	1
teada.10.06.2017	NUM	1
teada._selk	NOUN	1
teada_saa=dud	ADJ	1
teada_saadud	ADJ	1
teada_saamine	NOUN	1
teada_tun=tud	ADJ	1
teadagi	VERB	1
teade	PROPN	1
teade._spordip	NOUN	1
teade_!13.juun	NOUN	1
teade_jugu	NOUN	1
teade_muuseum	NOUN	1
teadejookse;mängima	NOUN	1
teadlikkus	NOUN	1
teadlikult	ADV	1
teadlikus	NOUN	1
teadlkum	ADJ	1
teadlus	NOUN	1
teadlus_mäng	NOUN	1
teadme_teos	NOUN	1
teadmene	NOUN	1
teadmis	NOUN	1
teadmis_tepagasis	NOUN	1
teadmise	NOUN	1
teadmise_puudus	NOUN	1
teadmisläbimurretetas	NOUN	1
teadmiste_janul	NOUN	1
teadnik	NOUN	1
teadudse	NOUN	1
teadur	NOUN	1
teadus	ADJ	1
teadus	PROPN	1
teadus_alane	ADJ	1
teadus_emuuseum	NOUN	1
teadus_himuline	ADJ	1
teadus_keskus	NOUN	1
teadus_valdkond	NOUN	1
teadusevaldkond	NOUN	1
teaduslik-tehniline	ADJ	1
teadv	ADJ	1
teadvusta=tud	ADJ	1
teae_tejooks	NOUN	1
teagma	VERB	1
teakdma	VERB	1
teal	NOUN	1
teamaa	NOUN	1
tean,e	NOUN	1
tean,sa	NOUN	1
teankuhtuma	VERB	1
teasjo=oks	PROPN	1
teat_ejooks,_kaug	NOUN	1
teat_ejooks,kergehüppa_mine	NOUN	1
teat_riõpimine	NOUN	1
teataja	NOUN	1
teatavasi	ADV	1
teatavima	VERB	1
teate,et	NOUN	1
teate_jooksmine	NOUN	1
teate_joors	NOUN	1
teate_jugu	NOUN	1
teate_võistlus,ne	NOUN	1
teatej_ooksimine	NOUN	1
teatejoks,mängima	VERB	1
teatejooks,jalgpall,kõrvpall,rahvaste_pall	NOUN	1
teatejooks,kergejõ_ustik	NOUN	1
teatejooks,rahvas_tepa_lli(	NOUN	1
teatejooks,väike-rootsi	NOUN	1
teatejooks,võrk_pall	NOUN	1
teatejooks.au_hind	NOUN	1
teatejooks.hama	NOUN	1
teatejooks.on	NOUN	1
teatejooks2	NOUN	1
teatejooksg	NOUN	1
teatejooksu,hüppama	NOUN	1
teatejooksu.sa	NOUN	1
teathama	VERB	1
teatmine	NOUN	1
teatr	NOUN	1
teatraalne	ADJ	1
teatri-kool	NOUN	1
teatri_grupp	VERB	1
teatri_kool	NOUN	1
teatri_kunst	NOUN	1
teatri_muusium	NOUN	1
teatri_mängija	NOUN	1
teatri_näide	NOUN	1
teatri_rahvas	NOUN	1
teatri_rühm	NOUN	1
teatrigrupiliikmetelema	NOUN	1
teatris	NOUN	1
teatris,_kell	NOUN	1
teatris,kaheksas	ADJ	1
teatris._selk	NOUN	1
teatris.ekskursioon	NOUN	1
teatris.kevadkontne	NOUN	1
teatris.ma	NOUN	1
teatris_käimine	NOUN	1
teatris_se,e	NOUN	1
teatsima	VERB	1
teatu	ADJ	1
teatud	VERB	1
teaus	NOUN	1
teavaima	VERB	1
teavitamine	NOUN	1
teavitus	NOUN	1
techno-muusika	NOUN	1
technon	NOUN	1
techo	NOUN	1
ted	PRON	1
tedma	ADJ	1
tedma	VERB	1
tedus	NOUN	1
tee	ADP	1
tee	PRON	1
tee_jook	NOUN	1
tee_juht	NOUN	1
tee_midest.ol	NOUN	1
tee_märk	NOUN	1
tee_särg	NOUN	1
tee_viit	NOUN	1
teeate_jooksu	NOUN	1
teed_pidi	ADV	1
teede_võrgustik	NOUN	1
teee	NOUN	1
teega,a	NOUN	1
teek	VERB	1
teeklaasi_hoidja	NOUN	1
teelefo_ninumber	NOUN	1
teeler	NOUN	1
teema_arendaja	NOUN	1
teema_sijd	NOUN	1
teematika	NOUN	1
teen	NOUN	1
teena	NOUN	1
teenema	VERB	1
teeni=tav	ADJ	1
teeni=tud	ADJ	1
teenindamine	NOUN	1
teenindav	ADJ	1
teenindu_sosakond	NOUN	1
teenindus_juht	NOUN	1
teenindus_sektor	NOUN	1
teeninduspersonaal	NOUN	1
teeninma	VERB	1
teeoria_tunne	NOUN	1
teerveslikem	ADJ	1
teeseldama	VERB	1
teetma	VERB	1
teevama	VERB	1
teevand	NOUN	1
tefa	NOUN	1
tefefoni_number	NOUN	1
tega	NOUN	1
tege-lilk	NOUN	1
tege=mata	ADJ	1
tege_vus.algus	NOUN	1
tegele	NOUN	1
tegele	VERB	1
tegele=v	ADJ	1
tegelekult	ADV	1
tegelema	ADJ	1
tegelemis	NOUN	1
tegeletama	VERB	1
tegelikkult	ADV	1
tegelikult	ADJ	1
tegelikus	ADJ	1
tegelima	VERB	1
tegelimene	NOUN	1
tegeliult	ADV	1
tegeluma	VERB	1
tegem_eise	NOUN	1
tegema	AUX	1
tegema...	VERB	1
tegemine	PROPN	1
tegemis_võimalus	NOUN	1
tegene	ADJ	1
tegesus	NOUN	1
tegetemine	NOUN	1
tegetsema	VERB	1
tegev	ADJ	1
tegev	VERB	1
tegevus_kiirus	NOUN	1
tegevus_plaan	NOUN	1
tegevus_rikkas	ADJ	1
tegevus_sfäär	NOUN	1
tegevus_sõnu	NOUN	1
tegevusetus	NOUN	1
tegevusi.kaasa	NOUN	1
tegevust	NOUN	1
tegi	NOUN	1
tegia	NOUN	1
tegidma	VERB	1
tegimata	VERB	1
tegime:jookseme,hüppame,mängima	VERB	1
tegisimt	VERB	1
tegitamine	NOUN	1
tegkima	VERB	1
tegn	VERB	1
tegu_viis	NOUN	1
tegutsemis_viis	NOUN	1
teha,	NOUN	1
teha,laulma,muusikas	NOUN	1
teha.hu_virin	NOUN	1
teha.minu	NOUN	1
tehamine	NOUN	1
tehgema	VERB	1
tehika	NOUN	1
tehis_maa_ilm	NOUN	1
tehisin_tellekt	NOUN	1
tehma	VERB	1
tehnaline	ADJ	1
tehni_kaajastus	NOUN	1
tehnik	NOUN	1
tehnika.me	NOUN	1
tehnika_alane	NOUN	1
tehnika_asi	NOUN	1
tehnika_ese	NOUN	1
tehnika_eseme	NOUN	1
tehnika_huviline	ADJ	1
tehnika_kaaslane	NOUN	1
tehnika_riist	NOUN	1
tehnika_sajand	NOUN	1
tehnika_seadeldis	NOUN	1
tehnika_suuna	NOUN	1
tehnika_teadus	NOUN	1
tehnikas_õltuvus	NOUN	1
tehnikaü_lik_ooli	NOUN	1
tehnikumine	NOUN	1
tehniliselt	ADJ	1
tehnka	NOUN	1
tehnoloogi_aareng	NOUN	1
tehnoloogia/tehnika	NOUN	1
tehnoloogia_alane	ADV	1
tehnoloogia_seade	NOUN	1
tehnoloogia_vald	NOUN	1
tehnoloogia_valdkond	NOUN	1
tehnoloogia_vorm	NOUN	1
tehnoloogia_õpetus	NOUN	1
tehnoloogiat_sirkus	NOUN	1
tehnoloogilisem	ADJ	1
tehnoloogilisema=lt	ADV	1
tehnoloojä	NOUN	1
tehnoolgi=line	ADJ	1
tei=nud	ADJ	1
teid,reede	NOUN	1
teidma	VERB	1
teie_poolet	ADV	1
teiestmoodi	ADV	1
teigema	VERB	1
teil-	PRON	1
teild.kontsert	NOUN	1
teile,e	NOUN	1
teilon	NOUN	1
teima	NOUN	1
teima	VERB	1
teine	PROPN	1
teine-teiste	PRON	1
teine_sugune	ADJ	1
teine_teisi	PRON	1
teinet_eisse	PRON	1
teis	DET	1
teis	PRON	1
teis_eäev	NOUN	1
teis_meealine	ADJ	1
teis_meealine	NOUN	1
teis_päev	NOUN	1
teis_sugune	ADJ	1
teis_sõnu	ADV	1
teis_tsugusem	ADJ	1
teise_keel	NOUN	1
teise_maa_ilm	NOUN	1
teise_paev	NOUN	1
teise_pool	ADV	1
teise_poolest	ADV	1
teisek	PRON	1
teiseka	ADV	1
teiseks	PRON	1
teisel_pool	ADV	1
teises	ADJ	1
teisest_pool	ADV	1
teisestpoolest	ADV	1
teiseteine	PRON	1
teisetni	PRON	1
teisi_päev	ADJ	1
teisi_päev	ADV	1
teisi_päevast-reed	NOUN	1
teisi_päeviti	NOUN	1
teisi_päjv	NOUN	1
teisimene	ADJ	1
teisipäe_val,_kell	NOUN	1
teism_ealine	NOUN	1
teismeealine	NOUN	1
teismeld	NOUN	1
teismeliselt	ADV	1
teismelisi	ADJ	1
teissuguselt	ADV	1
teist_asi	NOUN	1
teist_kora	ADV	1
teist_kord	ADV	1
teist_mood	PRON	1
teista	PRON	1
teistene	PRON	1
teistmeline	ADJ	1
teistmeline	NOUN	1
teistmodi	ADV	1
teisu_päev	NOUN	1
teisugus	PRON	1
teisuguselt	PRON	1
tejatejooks.kaasama	NOUN	1
tekelema	VERB	1
tekema	VERB	1
tekgima	VERB	1
teki=tud	ADJ	1
tekidama	VERB	1
tekistama	VERB	1
tekita=tav	ADJ	1
tekkema	VERB	1
tekkemine	NOUN	1
tekki=nud	VERB	1
tekki=tud	ADJ	1
tekkimis_aja	NOUN	1
tekkinema	VERB	1
tekkitamine	NOUN	1
teksa_p,t-_särk	NOUN	1
teksad	NOUN	1
teksad,helesinine	ADJ	1
teksad.helistama	NOUN	1
teksama	NOUN	1
teksas_ed.jal	PROPN	1
teksase	NOUN	1
teksima	VERB	1
tekstiüles_anne	NOUN	1
tektima	VERB	1
tel-55556666	SYM	1
tel.+37255555555	NUM	1
tel.+37255558888	NOUN	1
tel.55	NOUN	1
tel.55443322.äitkäma	NOUN	1
tel.5555	NOUN	1
tel.55550000	NOUN	1
tel.55555444	NOUN	1
tel.5555666	NOUN	1
tel.555666	NOUN	1
tel.55566777	NOUN	1
tel.55588888	NOUN	1
tel.nr	NOUN	1
tel:54444555	SYM	1
tel_efon,_söök	NOUN	1
tel_efoniheli_nana	NOUN	1
telajaleht@fmail.com	PROPN	1
tele--viisor	NOUN	1
tele-gramm	NOUN	1
tele-meedia	NOUN	1
tele_fon,ne	ADJ	1
tele_fonihelin	NOUN	1
tele_lefon	NOUN	1
tele_maja	NOUN	1
tele_pild	NOUN	1
tele_saade	ADJ	1
tele_vaataja	NOUN	1
telef	NOUN	1
telefon	PROPN	1
telefon,raha,vesi	NOUN	1
telefoni.55557777	NOUN	1
telefoni_helin	NOUN	1
telefoni_laadne	ADJ	1
telefoni_mudel	NOUN	1
telefoni_mänk	NOUN	1
telefoni_nubmer	NOUN	1
telefoni_nubr	NOUN	1
telefoni_numbril	NOUN	1
telefoni_toru	NOUN	1
telefoniek_raane	NOUN	1
telefonig_anumbis	NOUN	1
telefoniga.ootan	NOUN	1
telefonime_nüüe	NOUN	1
telefoninumbril._minu	NOUN	1
telefoninuumber	NOUN	1
telefonitsi	ADV	1
telefonon	NOUN	1
telefooni_number	NOUN	1
telefooninumber	NOUN	1
telek	NOUN	1
teleka	NOUN	1
telema	VERB	1
telephon	NOUN	1
telephone	NOUN	1
teleri_mäng	NOUN	1
telerit	NOUN	1
teles_aatdl	NOUN	1
teles_hovi	NOUN	1
telesaate_juht	NOUN	1
teleti	NOUN	1
televiisori,mängima	NOUN	1
televisiooni_stuudio	PROPN	1
televisoor	NOUN	1
telifon	NOUN	1
telifoni_number	NOUN	1
telifooni_number	NOUN	1
telifooni_tee	NOUN	1
telistame	NOUN	1
telki	NOUN	1
telkkine	NOUN	1
tellefon	NOUN	1
tellemine	NOUN	1
teller	NOUN	1
telofon	NOUN	1
temama	PRON	1
temna	PRON	1
temp	NOUN	1
temperatur	NOUN	1
tempo_kõnd	NOUN	1
tempoka=m	ADJ	1
tena_päev	NOUN	1
tendel_pea	NOUN	1
tendentsioon	NOUN	1
tene	DET	1
tene	NOUN	1
tene	PRON	1
tenindaja	NOUN	1
tennima	VERB	1
tennis,korvpall,jooksma.võtma	NOUN	1
tennis,mängima	NOUN	1
tennise_trenn	NOUN	1
tennisekoolis,seal	NOUN	1
tennises._mull	NOUN	1
tennisev_õistlus	NOUN	1
tennisne	NOUN	1
tennist,mängima	NOUN	1
tennist_,hokkit,jalgpall	NOUN	1
tent	NOUN	1
tenu	NOUN	1
teo_ori_aõpetaja	NOUN	1
teo_samm	NOUN	1
teoor	NOUN	1
teoori_atunni	NOUN	1
teoori_tunn	NOUN	1
teooria_info	NOUN	1
teooria_kesam	NOUN	1
teooria_materjal	NOUN	1
teooria_teema	NOUN	1
teooria_test	NOUN	1
teooria_tunde	NOUN	1
teoreem	NOUN	1
teoreetik	NOUN	1
teoretiline	ADJ	1
teoria_tunn	NOUN	1
teostamatu	ADJ	1
teostatav	ADJ	1
teotama	VERB	1
teotejooks=u	NOUN	1
tera	NOUN	1
teraapia_vorm	NOUN	1
teravalt	ADV	1
teravam	ADJ	1
tere	DET	1
tere,_kall	PROPN	1
tere,_kallis	ADJ	1
tere,_tooma	NOUN	1
tere,andrema	PROPN	1
tere,armus	ADJ	1
tere,eil	NOUN	1
tere,k_allsis	ADJ	1
tere,kal	ADJ	1
tere,kevima	PROPN	1
tere,klassi_kaaslene	NOUN	1
tere,koolikaaslane	NOUN	1
tere,lugupee=tud	ADJ	1
tere,paluma	VERB	1
tere,tahama	VERB	1
tere,tä	NOUN	1
tere.e_kskursioon	NOUN	1
tere.kirjutama	VERB	1
tere.mart	PROPN	1
tere.meil	PROPN	1
tere.sina	PROPN	1
tere_tulnu	ADJ	1
tereenima	VERB	1
teretama	VERB	1
teretus	NOUN	1
terevisioon	NOUN	1
tere“	NOUN	1
teritaja	NOUN	1
termeen	NOUN	1
termin	NOUN	1
terminal	NOUN	1
terrass	NOUN	1
territooria	NOUN	1
territoriaalselt	ADV	1
terro_rirünnak	NOUN	1
terrori_rünnak	NOUN	1
terroriakt	NOUN	1
terrorioht	NOUN	1
tersvitus	NOUN	1
terve_kool	NOUN	1
terve_ks,sinu	ADJ	1
terve_näda	NOUN	1
terve_päev	NOUN	1
tervek_s.hi	VERB	1
tervelik	ADJ	1
tervelikult	ADV	1
tervendamine	NOUN	1
tervenemine	NOUN	1
tervetama	VERB	1
tervi	NOUN	1
tervi_take	NOUN	1
tervidama	VERB	1
tervie	NOUN	1
tervilik	ADJ	1
tervima	VERB	1
tervis	PROPN	1
tervis_hoiu_muuseum	PROPN	1
tervis_hoiu_süsteem	NOUN	1
tervis_hoiu_võimalus	NOUN	1
tervis_hoju	NOUN	1
tervise=m	ADJ	1
tervise_keskus	NOUN	1
tervise_keskus	PROPN	1
tervise_kontrol	NOUN	1
tervise_kontroll	NOUN	1
tervise_luba	NOUN	1
tervise_pall	NOUN	1
tervise_rada	NOUN	1
tervise_raja	NOUN	1
tervise_rike	NOUN	1
tervise_rikk	NOUN	1
tervise_süsteem	NOUN	1
tervise_toend	NOUN	1
tervise_tõnd	NOUN	1
tervise_välja_vaade	NOUN	1
tervisest.veel	NOUN	1
terviseü_levaade	NOUN	1
tervisi	INTJ	1
tervislikkus	ADJ	1
tervist,=minu	NOUN	1
tervistamine	NOUN	1
tervistu	NOUN	1
tervit	NOUN	1
tervita	NOUN	1
tervita=v	ADJ	1
tervitsema	VERB	1
tervittama	VERB	1
tese	ADJ	1
tese	NOUN	1
tese	PRON	1
tesi	NOUN	1
tesine	NOUN	1
test_moodi	ADV	1
testima	VERB	1
testimine	NOUN	1
testma	VERB	1
tesärg	NOUN	1
tesärk	NOUN	1
tetah	VERB	1
tetate_jooks	NOUN	1
tete_jookst	NOUN	1
tetriring	NOUN	1
teuraapia	NOUN	1
teus	NOUN	1
tevaline	ADJ	1
text	NOUN	1
tgaja_rja	NOUN	1
tgasi	ADV	1
tgsma	VERB	1
this	DET	1
tiab	VERB	1
tiel	NOUN	1
ties	NOUN	1
tigr	NOUN	1
tigri	NOUN	1
tihedaim	ADJ	1
tihend	NOUN	1
tihenevam	ADJ	1
tiht	ADV	1
tihti_aeg	NOUN	1
tihti_pea	ADV	1
tihtim	ADV	1
tihtimini	ADV	1
tihtsem	ADJ	1
tiigi_ring	NOUN	1
tiim,n	NOUN	1
tiimuma	VERB	1
tiin	NOUN	1
tiinekas	ADJ	1
tiitel_leht	NOUN	1
tiiu	NOUN	1
tik-tok	NOUN	1
tiki=tud	ADJ	1
tikk	NOUN	1
tikkimine	NOUN	1
tiksuma	VERB	1
tiku	NOUN	1
tina	VERB	1
tinatugev	ADJ	1
tingitud	ADJ	1
tinista=mine	NOUN	1
tint	NOUN	1
tintenpen	NOUN	1
tintjas	ADJ	1
tipp_koog	NOUN	1
tipp_tase	NOUN	1
tipp_teadus	NOUN	1
tipp_tund	NOUN	1
tippkokk	ADJ	1
tippp	NOUN	1
tipps_aavutus	NOUN	1
tipps_petsialist	NOUN	1
tippspetsial=ist	NOUN	1
tippstaar	NOUN	1
tippu	NOUN	1
tippuots	NOUN	1
tippus	NOUN	1
tiptop	NOUN	1
tiputama	VERB	1
tiramisu	NOUN	1
tirin	NOUN	1
tirts	NOUN	1
tisi	NOUN	1
tistants	NOUN	1
titanik	PROPN	1
tjimuma	VERB	1
tkaduma	VERB	1
tlema	VERB	1
tlg@läänemere.tlu.edu.ee	PROPN	1
tlus	NOUN	1
tmgk@gmail.com	NOUN	1
tmpk@elu.ee	NOUN	1
tn	ADV	1
tn.9-148),5	NUM	1
to	ADP	1
to_osu	NOUN	1
toa	NOUN	1
toa_kaasla	NOUN	1
toa_naaber	NOUN	1
toa_nurk	NOUN	1
toa_suurune	ADJ	1
toa_teenija	NOUN	1
toasuurus	NOUN	1
tobedus	NOUN	1
todred	ADJ	1
toet	ADJ	1
toeta=tud	ADJ	1
toetaja	NOUN	1
toetuma	ADJ	1
together	NOUN	1
togtima	VERB	1
togu	NOUN	1
tohutu	ADV	1
tohutus	ADJ	1
toi_mub.m	VERB	1
toi_mub.ne	VERB	1
toi_mubmeie	NOUN	1
toide	NOUN	1
toidu.ja	NOUN	1
toidu_ese	NOUN	1
toidu_kassa	NOUN	1
toidu_kasvataja	NOUN	1
toidu_kultuur	NOUN	1
toidu_pakk	NOUN	1
toidu_poel	NOUN	1
toidu_poodidesk	NOUN	1
toidu_retsept	NOUN	1
toidu_valmistamine	NOUN	1
toiduga	NOUN	1
toidul_aua	NOUN	1
toidula	NOUN	1
toiduma	VERB	1
toidutama	VERB	1
toigane	NOUN	1
toilass	NOUN	1
toilustamine	NOUN	1
toime	VERB	1
toime_tulemine	NOUN	1
toimimi-mine	NOUN	1
toimma	VERB	1
toimu_b6.ma	NOUN	1
toimu_breedel	NOUN	1
toimub,_kell	NOUN	1
toimub.ma	VERB	1
toimub12.05,alustama	VERB	1
toimub_15.ma	NOUN	1
toimubesmas_päev	NOUN	1
toimubkäsi_töö	NOUN	1
toimubspordi_päev	NOUN	1
toimubspordimuuseumis.me	NOUN	1
toimuda.kes	NOUN	1
toimug	NOUN	1
toimujs	NOUN	1
toimuma	ADJ	1
toimumis_koht	NOUN	1
toimumis_protsess	NOUN	1
toimund	VERB	1
toimune	ADJ	1
toimus.spordip	NOUN	1
toimuvama	VERB	1
toit....	PUNCT	1
toit.panen	NOUN	1
toitainete_rohk	NOUN	1
toitama	NOUN	1
toite_nupp	NOUN	1
toitev	ADJ	1
toitlustus_teenindus	PROPN	1
toitu,_kui	NOUN	1
toitu,_veel	ADV	1
toitu_festivaal	NOUN	1
toitu_festival	NOUN	1
toitustamine	NOUN	1
toiuma	VERB	1
toivuma	VERB	1
tojmuma	VERB	1
toksi=mine	NOUN	1
toksilne	ADJ	1
toksima	NOUN	1
toksima	VERB	1
toksimine	NOUN	1
tol_aeg	NOUN	1
tole_raantsus	NOUN	1
tolerants	NOUN	1
tolerantse=m	ADJ	1
tolerantsem	ADJ	1
toleratne	ADJ	1
tolereerima	VERB	1
toli	NOUN	1
toll	DET	1
toll_eaegne	ADJ	1
tolli_ametnik	NOUN	1
tolmma	VERB	1
tolmuma	VERB	1
toma	PRON	1
tomatisai	NOUN	1
tomatsai	NOUN	1
tomiuma	VERB	1
tommama	VERB	1
tomus	ADJ	1
tondi_raab	NOUN	1
tondirabajäähalis	NOUN	1
tondirabasse,kolma_päev	PROPN	1
tonealiselt	ADV	1
tonn	NOUN	1
tontlik	ADJ	1
too=v	ADJ	1
too_kord	ADV	1
too_varju_paev	NOUN	1
too_vihik	NOUN	1
toodee_sindamine	NOUN	1
toodma	VERB	1
toodu	NOUN	1
tooitu	NOUN	1
tool/_padi	NOUN	1
tooli	NOUN	1
tooli_mäng	NOUN	1
toom_pea	NOUN	1
tooma	PRON	1
toomas.mets@gmail.com	NOUN	1
toomas.saar@gmail.com	SYM	1
toomas@gmail.com	PROPN	1
toomas_.spordip	PROPN	1
toomastamm@hot.ee	SYM	1
toone	NOUN	1
toor_aine	NOUN	1
toores	ADJ	1
toort	NOUN	1
tootja	NOUN	1
tootmis_meetod	NOUN	1
tootud	ADJ	1
toov	ADJ	1
topis	NOUN	1
topp	NOUN	1
toppama	VERB	1
toppima	VERB	1
tordi	NOUN	1
tordi,mängima	NOUN	1
tore	NOUN	1
tore,e	NOUN	1
tore,ja	ADJ	1
tore,ne	ADJ	1
tore,seal	ADV	1
tore.au_hinn	NOUN	1
tore.me	NOUN	1
tore.see	ADJ	1
tore.sport	NOUN	1
tore.ta	NOUN	1
toreda	ADJ	1
torema	VERB	1
torgatama	VERB	1
torkav	ADJ	1
tormama	VERB	1
tormine	ADJ	1
torna_ado	NOUN	1
torna_ados	NOUN	1
tort,_palju	NOUN	1
tort.kuida	NOUN	1
torti,_veel	NOUN	1
torti,ja	NOUN	1
torti,joom	NOUN	1
torti,krõpsuid,joom	NOUN	1
torti,mangida,räkima	VERB	1
torti,singi_piruk	NOUN	1
torti,vaatama	VERB	1
torti.kui	NOUN	1
torti.paluma	NOUN	1
torti.peo	NOUN	1
torti.pid	NOUN	1
torti_.ott	NOUN	1
tos_sud.kas	NOUN	1
tosa	NOUN	1
toss	ADJ	1
tossud,t-särk	NOUN	1
tosuma	VERB	1
totalitaarne	ADJ	1
toumuma	VERB	1
toustma	VERB	1
tportlikult	ADV	1
tradistioon	NOUN	1
traditisoon	NOUN	1
traditsionaalne	ADJ	1
traditsiood	NOUN	1
traditsiooniliselt	ADV	1
trae_heha	ADJ	1
trageedia	NOUN	1
tragöödi_lisem	ADJ	1
tragöödia	NOUN	1
trahtiir	NOUN	1
trall	NOUN	1
tramp_liin	NOUN	1
trampima	VERB	1
trampimine	NOUN	1
trance	NOUN	1
trancei	NOUN	1
trans	NOUN	1
transfeer	NOUN	1
transformeerumine	NOUN	1
transleerima	VERB	1
translerima	VERB	1
transpordi_kulu	NOUN	1
transpordi_süsteem	NOUN	1
transpordi_viis	NOUN	1
transport_vahend	NOUN	1
transporti=mine	NOUN	1
trap	NOUN	1
trark	ADJ	1
traum	NOUN	1
traumeeri=v	ADJ	1
treen	VERB	1
treenerid,_eesti	NOUN	1
treenim	NOUN	1
treenimine	NOUN	1
treening_kava	NOUN	1
treenitama	VERB	1
trein	NOUN	1
trena_soor	NOUN	1
treni_rovk	NOUN	1
trenni,ne	NOUN	1
trenni.mee	NOUN	1
trenni_garderoob	NOUN	1
trenni_me.kaaas	NOUN	1
trenni_tehe	NOUN	1
trenni_õpetaja,n	NOUN	1
trennija	NOUN	1
trennimine	NOUN	1
trennis	NOUN	1
trennis._vali	NOUN	1
trennis.see	NOUN	1
trennisse,ne	ADJ	1
trevitama	VERB	1
tri	X	1
tribuline	ADJ	1
trigonomeetria	NOUN	1
triigima	VERB	1
triik	NOUN	1
triikima	VERB	1
trikke,tantsime,sööma	NOUN	1
triller-detektiiv	NOUN	1
trimester	NOUN	1
trimmerima	VERB	1
trip	NOUN	1
trofei	NOUN	1
trol	NOUN	1
troll	NOUN	1
tromboon	NOUN	1
tromm	NOUN	1
troopika	ADJ	1
trotsima	VERB	1
truline	ADJ	1
trummi_mängija	NOUN	1
trump	NOUN	1
truul	NOUN	1
truult	ADV	1
truus	NOUN	1
truuv	ADJ	1
trügima	VERB	1
trük	NOUN	1
trüki_koda	NOUN	1
trüki_masin	NOUN	1
trüki_vabadus	NOUN	1
trükimine	NOUN	1
trüükima	VERB	1
tsantsjas	NOUN	1
tsau	X	1
tsau,_kall	ADJ	1
tsau,_mäle	NOUN	1
tsau,_sõber	NOUN	1
tsau,see	ADJ	1
tsau_,eile	ADV	1
tsensur	NOUN	1
tshau	INTJ	1
tsirk	NOUN	1
tsiviilne	ADJ	1
tsivilisatsioon	NOUN	1
tsivilisatsioonitus	NOUN	1
tsiviliseeri=tud	ADJ	1
tst	NOUN	1
tsärk	NOUN	1
ttrk@gmail.com	NOUN	1
tu-tvuma	NOUN	1
tu_ju.m	NOUN	1
tuale	NOUN	1
tualet	NOUN	1
tualett_ruum	NOUN	1
tuba._pida	NOUN	1
tuba.see	ADJ	1
tubaka_tarbi=mine	NOUN	1
tubakas	NOUN	1
tubd	NOUN	1
tubi	ADJ	1
tublema	VERB	1
tublid.mulle	ADJ	1
tublilt	ADV	1
tublim	ADJ	1
tublim.mulle	ADJ	1
tuda	NOUN	1
tudeng@ma_il.ru	NOUN	1
tudusid.mema	NOUN	1
tuelv	ADJ	1
tuger	NOUN	1
tugeva=im	ADJ	1
tugevaim	ADJ	1
tugevama_ks.m	NOUN	1
tugi_võrgustik	NOUN	1
tugine	ADJ	1
tuglma	VERB	1
tuha_ratk	NOUN	1
tuhad	NUM	1
tuhing	NOUN	1
tuhk	ADV	1
tuhm	NOUN	1
tuhmim	ADJ	1
tuht	NOUN	1
tuiu	NOUN	1
tuj_u.mk	NOUN	1
tuj_u.s	NOUN	1
tuj_u.sa	NOUN	1
tuju,_söök	NOUN	1
tuju,_vesi	NOUN	1
tuju,spordi_riie	NOUN	1
tuju.kin_gitus	NOUN	1
tuju.kui	NOUN	1
tuju.me	NOUN	1
tuju_.ärä	NOUN	1
tuju_parandamine	NOUN	1
tuju_tõstja	NOUN	1
tuju_tõstmine	NOUN	1
tujune	NOUN	1
tujutõstev	ADJ	1
tukal	NOUN	1
tukk	VERB	1
tukkuma	VERB	1
tuks	NOUN	1
tuksuma	VERB	1
tulama	VERB	1
tuldma	VERB	1
tule,_siis	VERB	1
tule,a	NOUN	1
tule_kuplaan	NOUN	1
tule_sõuk	NOUN	1
tule_vigu	NOUN	1
tule_vikuväljavaade	NOUN	1
tule_värk	NOUN	1
tulebspordi_päev	NOUN	1
tuled,paluma	VERB	1
tulega_minu	NOUN	1
tulek_ahju	NOUN	1
tulekustu	NOUN	1
tulemuslik	ADJ	1
tulete.ootama	VERB	1
tuletikk	NOUN	1
tulev	NOUN	1
tuleva_peale	NOUN	1
tulevek	NOUN	1
tulevi_kuu	NOUN	1
tuleviku_amet	NOUN	1
tuleviku_lootus	NOUN	1
tuleviku_planis	NOUN	1
tuleviku_töö	NOUN	1
tulevikuk_arjäär	NOUN	1
tulevikune	ADJ	1
tulevikup_la-an	NOUN	1
tulevikup_laanison	NOUN	1
tulevikus,	NOUN	1
tulevus	NOUN	1
tulge	ADJ	1
tulge	NOUN	1
tuli_kuum	NOUN	1
tuli_tõrjuja	NOUN	1
tulid.pang	NOUN	1
tulidma	VERB	1
tuliema	VERB	1
tuline	VERB	1
tulinema	VERB	1
tulistama	VERB	1
tulistamis_mänk	NOUN	1
tull	ADJ	1
tull	NOUN	1
tull_a,sis	NOUN	1
tulla,ne	NOUN	1
tulla,siis	ADV	1
tulla,siis	NOUN	1
tulle,see	NOUN	1
tulle_vikkus	NOUN	1
tullem	VERB	1
tullevik	NOUN	1
tulli	ADJ	1
tullkma	VERB	1
tullla	NOUN	1
tulltma	VERB	1
tulluma	VERB	1
tulm	VERB	1
tulma	VERB	1
tulp	NOUN	1
tulsima	VERB	1
tulu	ADJ	1
tulu	NOUN	1
tulu_allika	NOUN	1
tulu_allikas	NOUN	1
tulu_deklaratsioon	NOUN	1
tulu_maks	NOUN	1
tulus	ADJ	1
tulv	NOUN	1
tuma	VERB	1
tume-pruun	ADJ	1
tumeda_nahaline	ADJ	1
tumedadteksa_püks	NOUN	1
tumi	ADJ	1
tumma.	NOUN	1
tun	NOUN	1
tund	AUX	1
tund.au_hind	NOUN	1
tund_aeg	NOUN	1
tunde.ne	ADJ	1
tunde=lisem	ADJ	1
tunde_elamus	NOUN	1
tundel	NOUN	1
tunden	NOUN	1
tundi	NOUN	1
tundi._pile	NOUN	1
tundi.m	NOUN	1
tundi.pane	NOUN	1
tundi.sa	NOUN	1
tundi.seal	NOUN	1
tundi_mahtuvus	NOUN	1
tundides.seal	ADV	1
tundine	ADJ	1
tundja	NOUN	1
tundlikult	ADV	1
tundma_õppimine	NOUN	1
tunduma	ADJ	1
tundumus	NOUN	1
tundut	VERB	1
tunduvamalt	ADV	1
tunel	NOUN	1
tungi=mine	NOUN	1
tunma	VERB	1
tunndma	VERB	1
tunnel	NOUN	1
tunnes	NOUN	1
tunni_kala	NOUN	1
tunni_kontroll	NOUN	1
tunni_palk	NOUN	1
tunni_tasu	NOUN	1
tunni_töö	NOUN	1
tunnidene	NOUN	1
tunniline	ADJ	1
tunnine	NOUN	1
tunnis_kiri	NOUN	1
tunnisdama	VERB	1
tunnivahe_aeg	NOUN	1
tunnt	NOUN	1
tunnustamine	NOUN	1
tunnustatu	ADJ	1
tuntama	VERB	1
tuntav	ADJ	1
tuntavalt	ADV	1
tuntmatu	ADJ	1
tuntu	NOUN	1
tuntuma	AUX	1
tupas	NOUN	1
tuppima	VERB	1
ture	ADJ	1
turgutama	VERB	1
turgutus	NOUN	1
turiir	NOUN	1
turiist	NOUN	1
turismi_talune	NOUN	1
turismi_tulu	NOUN	1
turismika	NOUN	1
turismikü_lastus	NOUN	1
turki	ADJ	1
turniir_,korvpall	NOUN	1
turniir_,tüdruk	NOUN	1
turnur	NOUN	1
turunduspetsial=ist	NOUN	1
turva_küsimus	NOUN	1
turva_töötaja	NOUN	1
turvuma	VERB	1
tusane	ADJ	1
tusu_juga	NOUN	1
tutavak	ADJ	1
tutev	ADJ	1
tutma	VERB	1
tutra	NOUN	1
tuttama	VERB	1
tuttar	NOUN	1
tuttvud	NOUN	1
tuttvustama	VERB	1
tutu_vume	NOUN	1
tutvemus	NOUN	1
tutvu=nud	ADJ	1
tutvud	NOUN	1
tutvudama	VERB	1
tutvuim	ADJ	1
tutvum	NOUN	1
tutvumis_ring	NOUN	1
tutvumus	NOUN	1
tutvus	ADJ	1
tutvus_ring	NOUN	1
tutvusama	VERB	1
tutvusringkond	NOUN	1
tutvusta=tud	ADJ	1
tutvustan	ADJ	1
tutvustav	ADJ	1
tutvuuma	VERB	1
tuu	NOUN	1
tuu_aks	VERB	1
tuubima	VERB	1
tuudma	VERB	1
tuul	VERB	1
tuul,siis	NOUN	1
tuule	NOUN	1
tuule_tõrjuja	NOUN	1
tuule_vihin	NOUN	1
tuulegen_eraator	NOUN	1
tuuma_pomme	NOUN	1
tuuma_sõda	NOUN	1
tuumaallveela_eva	NOUN	1
tuumakatastroof	NOUN	1
tuun	NOUN	1
tuur_niri	NOUN	1
tuurnir	NOUN	1
tuus	NOUN	1
tuutav	VERB	1
tuutu	NOUN	1
tuvasta=tav	ADJ	1
tuvastama	VERB	1
tuvi_post	NOUN	1
tuži	NOUN	1
tv	NOUN	1
tv-kanal	NOUN	1
tvaline	ADJ	1
tvaliselt	ADV	1
twenty	X	1
twerkimine	NOUN	1
twiter	NOUN	1
two	X	1
täan	NOUN	1
tädide-onu	NOUN	1
täelikult	ADV	1
täev	NOUN	1
täga_järg	NOUN	1
tähd	NOUN	1
tähe_lepaneliku=m	ADJ	1
tähe_lepanuväärne	ADJ	1
tähe_panu_väärne	ADJ	1
tähe_torn	PROPN	1
täheke	NOUN	1
tähel	ADV	1
tähel	NOUN	1
tähele_pand	VERB	1
tähele_panelikumalt	ADV	1
tähele_panema	VERB	1
tähele_panematta	VERB	1
tähele_pann	NOUN	1
tähelend	NOUN	1
täheline	ADJ	1
täheline_panu	NOUN	1
tähenama	VERB	1
tähendusrikk=am	ADJ	1
tähendusrikka=m	ADJ	1
tähetama	VERB	1
tähi	ADJ	1
tähi_staevas	NOUN	1
tähindama	VERB	1
tähista=tud	ADJ	1
tähk	VERB	1
täht	ADJ	1
täht_aja	NOUN	1
täht_sündmus	NOUN	1
tähtison	ADJ	1
tähtlik	ADJ	1
tähtma	VERB	1
tähtna	ADJ	1
tähtsama	ADJ	1
tähtsamini	ADV	1
tähtse=m	ADJ	1
tähtsemalt	ADV	1
tähtsus	ADJ	1
tähtsuse=tud	ADJ	1
tähtsusetud	ADJ	1
tähtsustama	VERB	1
tähtts	ADJ	1
täide	NOUN	1
täiduma	VERB	1
täie_sulatus	NOUN	1
täieline	ADJ	1
täien_dõpe	NOUN	1
täiendus_kursus	NOUN	1
täienduslik	ADJ	1
täiendusõ_ppe	NOUN	1
täienema	VERB	1
täienemine	NOUN	1
täiest	ADV	1
täiestama	VERB	1
täiesti_rahu	NOUN	1
täinduma	VERB	1
täis_hinne	NOUN	1
täis_häälikuterohke	NOUN	1
täis_kastanud	ADJ	1
täis_kasvane	NOUN	1
täis_kasvate	ADJ	1
täis_kavatu	NOUN	1
täis_koormus	NOUN	1
täis_kursus	NOUN	1
täis_pikk	ADJ	1
täis_pikus	ADJ	1
täis_saal	NOUN	1
täis_sööde=tud	ADJ	1
täis_väärtuslikkus	NOUN	1
täis_väärtusliku=lt	ADV	1
täisi_päev	NOUN	1
täiskasvanueelikuma	NOUN	1
täiskasvanute_elu	NOUN	1
täiskasvanutep_ile	NOUN	1
täiskusvanupi=le	NOUN	1
täismeline	ADJ	1
täisväärtuslikum	ADJ	1
täitse	ADV	1
täitumine	NOUN	1
täituv	ADJ	1
täiuslike=m	ADJ	1
täiuslikkus	NOUN	1
täiuslikult	ADV	1
täiustuma	VERB	1
täjesti	ADV	1
tämber	NOUN	1
täna	NOUN	1
täna,et	ADV	1
täna,me	NOUN	1
täna_kool	NOUN	1
täna_paevane	ADJ	1
täna_päev	ADJ	1
täna_päev	ADV	1
täna_päev_anoore	NOUN	1
täna_päevalgi	NOUN	1
täna_päevalne	NOUN	1
täna_päevani	ADJ	1
täna_päevasem	ADJ	1
täna_päevasns	ADJ	1
täna_päevasti=ilne	ADJ	1
täna_päevine	ADV	1
täna_vamuusik	NOUN	1
tänak	PROPN	1
tänapäevase=m	ADJ	1
tänapäevaühiskond	NOUN	1
tänasel_päev	NOUN	1
tänatu	ADJ	1
tänava_nimi	NOUN	1
tänava_valgustus	NOUN	1
tänaval,vanalind	NOUN	1
tänavata_ntsukultuur	NOUN	1
tänavatantsukul-tuur	NOUN	1
tänavik	NOUN	1
tändama	VERB	1
tändma	VERB	1
tänelik	ADJ	1
tänu	ADJ	1
tänu_kiri	PROPN	1
tänu_püha	NOUN	1
tänu_tunne	NOUN	1
tänul	ADP	1
tänulikum	ADJ	1
tänä	ADV	1
tänäma	VERB	1
tänäv	NOUN	1
täpike	NOUN	1
täpis	ADJ	1
täppiline	ADJ	1
täppis_teadus	NOUN	1
täpsam	ADJ	1
täpse_ustav	ADJ	1
täpseld	ADV	1
täpselt,e	ADJ	1
täpsemalt-põlvkond	NOUN	1
täpsetama	VERB	1
täpsuma	VERB	1
täpsus	ADJ	1
täpsustus_kiri	NOUN	1
täskas_vanut	NOUN	1
tätoveering	NOUN	1
tääkima	VERB	1
tääna	NOUN	1
tõde	VERB	1
tõe_hetk	NOUN	1
tõe_naosus	NOUN	1
tõe_nausus	NOUN	1
tõe_näolisem	ADJ	1
tõe_näolisus	NOUN	1
tõe_pidamine	NOUN	1
tõe_pole	NOUN	1
tõe_päraselt	ADV	1
tõeks_pidamine	NOUN	1
tõelin	ADJ	1
tõelisus	ADJ	1
tõema	ADJ	1
tõenäosuse_protsent	NOUN	1
tõesiti	ADV	1
tõesline	ADJ	1
tõestamine	NOUN	1
tõestav	ADJ	1
tõesti,mis	NOUN	1
tõesti-tõesti	ADV	1
tõet_era	NOUN	1
tõhusaim	ADJ	1
tõhusus	NOUN	1
tõke_jooks	NOUN	1
tõkge	NOUN	1
tõkke=jo	NOUN	1
tõkke_jook	NOUN	1
tõkkejooks,kolmas	NOUN	1
tõkkejooksu,hüppama	NOUN	1
tõlge	NOUN	1
tõlkama	VERB	1
tõmbe_punkt	NOUN	1
tõo_näoline	ADJ	1
tõo_näoliselt	ADV	1
tõo_vihik	NOUN	1
tõppe_töö	NOUN	1
tõrge	NOUN	1
tõrjumine	NOUN	1
tõrjutus	NOUN	1
tõsiduse_piir	NOUN	1
tõsie_luline	ADJ	1
tõsielusari	NOUN	1
tõsima	VERB	1
tõsisem	ADV	1
tõsisine	ADJ	1
tõste	NOUN	1
tõtt	NOUN	1
tõtt-öelda	ADV	1
tõtu	NOUN	1
tõuk	NOUN	1
tõukamine	NOUN	1
tõuke_ratta	NOUN	1
tõukma	VERB	1
tõuma	VERB	1
tõus_ta,ne	ADJ	1
tõuse=nud	ADJ	1
tõusema	VERB	1
tõusma	ADJ	1
tõõ	NOUN	1
tõõ_kogemus	NOUN	1
tõõ_koha	NOUN	1
tõõ_päev	NOUN	1
tõõ_tuba	NOUN	1
tõõ_vari	NOUN	1
tõõ_varju_päev	NOUN	1
tõõi_tukassa	NOUN	1
tõõkas	ADJ	1
tõõkav	NOUN	1
tõõl	NOUN	1
tõõline	ADJ	1
tõõta_rju_päev	NOUN	1
tõõtaja	NOUN	1
tõõvarju_päei	PROPN	1
tõõvarjupäev	NOUN	1
tõötama	VERB	1
töesti	ADV	1
tög	NOUN	1
tögamine	NOUN	1
tökke_jook	NOUN	1
tötöa	NOUN	1
töõ	NOUN	1
töõ_koht	NOUN	1
töõ_varju_päev	NOUN	1
töõkas	ADJ	1
töö	ADJ	1
töö_ala	NOUN	1
töö_anja	NOUN	1
töö_armastus	NOUN	1
töö_elu	NOUN	1
töö_grupp	NOUN	1
töö_jaotus	NOUN	1
töö_kandja	NOUN	1
töö_kaotus	NOUN	1
töö_kaslane	NOUN	1
töö_keel	NOUN	1
töö_koha	NOUN	1
töö_kohat	NOUN	1
töö_kohustus	NOUN	1
töö_koliktiiv	NOUN	1
töö_kollektiv	NOUN	1
töö_kontor	NOUN	1
töö_koormus	NOUN	1
töö_koos_olek	NOUN	1
töö_kord	NOUN	1
töö_kvaliteet	NOUN	1
töö_laager	NOUN	1
töö_leidmine	NOUN	1
töö_leminek	NOUN	1
töö_leping	NOUN	1
töö_mees	NOUN	1
töö_meeskond	NOUN	1
töö_mehi	NOUN	1
töö_mõte	NOUN	1
töö_nädal	NOUN	1
töö_otsing	NOUN	1
töö_paindlik	ADJ	1
töö_post	NOUN	1
töö_proekt	NOUN	1
töö_programm	NOUN	1
töö_päeviti	NOUN	1
töö_riide	NOUN	1
töö_riietus	NOUN	1
töö_rist	NOUN	1
töö_rutm	NOUN	1
töö_rõiva	NOUN	1
töö_tahe	NOUN	1
töö_tahtlik	ADJ	1
töö_toanaaber	NOUN	1
töö_toast_vahe	NOUN	1
töö_tubas	NOUN	1
töö_tunni	NOUN	1
töö_vaju_päev	NOUN	1
töö_valdkond	NOUN	1
töö_valik	NOUN	1
töö_valmis	ADJ	1
töö_varju_päeb	NOUN	1
töö_varju_päev	ADJ	1
töö_varjup_ä-ev	NOUN	1
töö_varjupäev	NOUN	1
töö_varjutamine	NOUN	1
töö_vihi_kust	NOUN	1
töö_võimalus	NOUN	1
töö_võimeline	ADJ	1
töö_võimelus	NOUN	1
töö_õpetus	PROPN	1
töö_õppetus	NOUN	1
töö_üles_anne	NOUN	1
tööbüroo	NOUN	1
tööeri_ala	NOUN	1
tööetamine	NOUN	1
tööin_strument	NOUN	1
tööinterv_juud	NOUN	1
töök	ADJ	1
töökane	ADJ	1
töölaul	NOUN	1
töölis	NOUN	1
tööm_alev	ADJ	1
töömale=v	ADJ	1
töömama	VERB	1
töörid	NOUN	1
töörist	NOUN	1
tööst_usharidus_keskus	PROPN	1
tööstlus	NOUN	1
tööstress	NOUN	1
tööstus_haru	NOUN	1
tööstus_riik	NOUN	1
tööstusr_evolutsioon	NOUN	1
tööt	VERB	1
tööta_vadsuune	ADJ	1
töötajad-ettekandjat	NOUN	1
töötajane	NOUN	1
töötajä	NOUN	1
töötakas	ADJ	1
töötamus	NOUN	1
töötao	NOUN	1
töötav	VERB	1
töötavad/õpima	VERB	1
töötja	NOUN	1
tööto_ase	NOUN	1
töötoan	NOUN	1
töötu_kassane	NOUN	1
töötua	NOUN	1
töötub	NOUN	1
töötus	NOUN	1
töötus_kaasa	NOUN	1
töötäma	VERB	1
töövari@etkl.ee	SYM	1
töövari@etl.ee	NOUN	1
töövarj_upä-ev	NOUN	1
töövarjude_päev	NOUN	1
töövarjutama	VERB	1
töövik	NOUN	1
tööötama	VERB	1
tüdimu_sohe	NOUN	1
tüdr	NOUN	1
tüdru_kud,k	NOUN	1
tüdru_kud,m	NOUN	1
tüdru_kud,n	NOUN	1
tüdruk_ulteedkleit	NOUN	1
tüdrukt	NOUN	1
tüdrukut,_dominika	NOUN	1
tügruk	ADJ	1
tühi_paljas	ADJ	1
tühimik	NOUN	1
tühjalt	ADV	1
tühjem	ADJ	1
tühjus	NOUN	1
tükeldama	VERB	1
tükike	NOUN	1
tületsema	VERB	1
tüli	ADV	1
tülikas	ADJ	1
tüline	NOUN	1
tülitama	VERB	1
tülitsemine	NOUN	1
tüll	NOUN	1
tümakas	ADJ	1
tümpsu=v	ADJ	1
tümpsus	NOUN	1
tüpp	NOUN	1
türaa_peut	NOUN	1
tütra	NOUN	1
tütrad	NOUN	1
tüttar	NOUN	1
tüttar_laps	NOUN	1
tüübi	NOUN	1
tüülitsema	VERB	1
tüütama	VERB	1
tüütasi_me,ne	VERB	1
tüütav	ADJ	1
tüütus	ADJ	1
tšau	ADJ	1
tšello	NOUN	1
tširkus	NOUN	1
tžau	INTJ	1
uba_leht	PROPN	1
udis	NOUN	1
udis_himuline	ADJ	1
udu_tule	NOUN	1
udu_tuli	NOUN	1
uduloor	NOUN	1
udune	ADJ	1
uee	ADJ	1
ugus	NOUN	1
uhe	DET	1
uheksasklass@gmail.com	NOUN	1
uhelt_poolt	ADV	1
uhi_uue	ADJ	1
uhiskond	NOUN	1
uhiuut	ADJ	1
uhkus_tunne	NOUN	1
uhkustama	VERB	1
uht	PRON	1
ui	SCONJ	1
ui	VERB	1
uimane	ADJ	1
uimas	NOUN	1
uimasti	ADJ	1
uinuma	VERB	1
uisku	NOUN	1
uisu_väljak	NOUN	1
uisuda.ootama	VERB	1
uisuplatsil,mängima	VERB	1
uisutama,_lähme	VERB	1
uisutami_ne,kell	NOUN	1
uju-treener	NOUN	1
uju_me,lane	NOUN	1
uju_me.me	NOUN	1
uju_mine,teine	NOUN	1
uju_mineko_stum	NOUN	1
uju_mistrikoo	NOUN	1
uju_mistrikood	NOUN	1
ujuda,jalgrattas	NOUN	1
ujul	NOUN	1
ujulane	NOUN	1
ujuma	NOUN	1
ujume,mängime,jalutame,söödma	VERB	1
ujumis_asi	NOUN	1
ujumis_keskus	NOUN	1
ujumis_püks	NOUN	1
ujumis_riid	NOUN	1
ujumis_trenn	NOUN	1
ujumistrikooi	NOUN	1
ujunemine	NOUN	1
ujusea	VERB	1
ujusid,hüppama	VERB	1
ujusime,jooksima	VERB	1
ujutama	VERB	1
ukas	NOUN	1
ukraina	NOUN	1
ukraini	ADJ	1
uks-kaks	NUM	1
uks_kõik	ADV	1
ukset	NOUN	1
uksetaha	ADV	1
ukul_elet	NOUN	1
ulakus	NOUN	1
ulatama	VERB	1
ulatuslik	ADJ	1
ulatuslikult	ADV	1
ulatuslikum	ADJ	1
uld	PROPN	1
ule	ADP	1
ule_eile	ADV	1
ulesa_nnne	NOUN	1
uljas	ADJ	1
ullu	VERB	1
ulm	NOUN	1
ulme	NOUN	1
ulme_jutt	NOUN	1
ulme_kirjandus	NOUN	1
ulme_kirjanik	NOUN	1
ulmeline	ADJ	1
ultra_heli	NOUN	1
ultse	ADV	1
umb_kaudu	ADV	1
umbes-täpselt	ADV	1
umbest	ADV	1
umbruskond	NOUN	1
umbrüskond	NOUN	1
umbs	ADV	1
umbse	ADV	1
umi	NOUN	1
ummik	ADJ	1
ummistus	NOUN	1
unaru	NOUN	1
undk	NOUN	1
une_häire	NOUN	1
une_laul	NOUN	1
une_probleem	NOUN	1
une_puudus	NOUN	1
uneline	ADJ	1
unelm	NOUN	1
unerežiim	NOUN	1
unikaal=sus	NOUN	1
unista=mata	ADJ	1
unistus_amet	NOUN	1
unistus_elu	NOUN	1
unistus_reis	NOUN	1
universaalne	ADJ	1
universaalse=lt	ADV	1
universaalse=m	ADJ	1
unn	NOUN	1
uno	NOUN	1
unt	NOUN	1
unus_tanud,e	VERB	1
unust-ama	VERB	1
unusta-ma	VERB	1
unustama	PROPN	1
unustuma	VERB	1
upkuma	VERB	1
uppine	NOUN	1
upu	NOUN	1
ura-a-a	NOUN	1
urg	NOUN	1
urmas.saar@gmail.com	NOUN	1
usaldav	ADJ	1
usaldus_väärsus	NOUN	1
usaldus_väärtus	ADJ	1
usaldus_väärtus	NOUN	1
usein	NOUN	1
usi	NOUN	1
usin	NOUN	1
uskk	NOUN	1
usklik	NOUN	1
uspens_kij.en	PROPN	1
uss	ADJ	1
ussi_mäng	NOUN	1
ussi_mäng	PROPN	1
ussutama	VERB	1
usta=vam	ADJ	1
ustavaim	ADJ	1
usu	NOUN	1
usu_talitus	NOUN	1
usuldav	ADJ	1
usumine	NOUN	1
usundi_õpetus	NOUN	1
usundus	NOUN	1
usutama	VERB	1
uu	X	1
uud	NOUN	1
uud._muli	NOUN	1
uudi	ADJ	1
uudi_sesitaja	NOUN	1
uudidene	NOUN	1
uudis-või	ADJ	1
uudis_hiimulik	ADJ	1
uudis_himuline	ADJ	1
uudis_lood	NOUN	1
uudis_lugu	NOUN	1
uudiste_allik	NOUN	1
uudiste_kanal	NOUN	1
uudiste_portaal	NOUN	1
uudisteallikas	NOUN	1
uudse=m	ADJ	1
uudsioon	NOUN	1
uue	NOUN	1
uue-aja	ADJ	1
uue-maa_ilm	PROPN	1
uuenda=tud	ADJ	1
uuenev	ADJ	1
uuesi	ADJ	1
uufi	NOUN	1
uui	ADJ	1
uurem	NOUN	1
uuri=tud	ADJ	1
uurija	NOUN	1
uurim	NOUN	1
uurimi_sprobleem	NOUN	1
uurimis_töi	NOUN	1
uurimis_töö	NOUN	1
uurimus_töö	NOUN	1
uuringu=ja	NOUN	1
uuritamine	NOUN	1
uuruma	VERB	1
uus_aeg	NOUN	1
uuss	ADJ	1
uusuma	VERB	1
uut._palun	NOUN	1
uut.seal	ADV	1
uutama	VERB	1
va-atamata	ADP	1
vaa_tami_ssväärsus	NOUN	1
vaaama	VERB	1
vaaatama	VERB	1
vaabalt	ADV	1
vaad	NOUN	1
vaada	NOUN	1
vaadamis_väärsus	NOUN	1
vaadane	ADJ	1
vaadata,mängima	VERB	1
vaadata.	VERB	1
vaade_ring	NOUN	1
vaadfama	VERB	1
vaadtama	VERB	1
vaaduma	VERB	1
vaae	NOUN	1
vaafama	VERB	1
vaaga	NOUN	1
vaalik	NOUN	1
vaanem	ADJ	1
vaanem	NOUN	1
vaar_vanem	NOUN	1
vaaramis_väärsus	NOUN	1
vaare_aut	NOUN	1
vaarem	NOUN	1
vaariant	NOUN	1
vaarika_moos	NOUN	1
vaarsti	ADV	1
vaast	NOUN	1
vaasta	NOUN	1
vaata_film	NOUN	1
vaata_meloom	NOUN	1
vaatam	VERB	1
vaatam_a,küp=sine	NOUN	1
vaatama.veel	ADV	1
vaatame,_kuit	VERB	1
vaatame_film	NOUN	1
vaatami_svärsus	NOUN	1
vaatamis_pilk	NOUN	1
vaatamis_varsu	NOUN	1
vaatamis_varsus	NOUN	1
vaatamis_värsis	NOUN	1
vaatamis_värsu	NOUN	1
vaatamis_värsust	NOUN	1
vaatamis_värtus	NOUN	1
vaatamis_värune	NOUN	1
vaatamisva_arsus	NOUN	1
vaatav	ADJ	1
vaate	ADJ	1
vaate	NOUN	1
vaate_maa_ilm	NOUN	1
vaate_pilk	NOUN	1
vaate_plats	NOUN	1
vaate_ring	NOUN	1
vaate_torn	NOUN	1
vaatema	NOUN	1
vaatima	VERB	1
vaatlus	NOUN	1
vaatmis_punkt	NOUN	1
vaba	NOUN	1
vaba_aeg	PROPN	1
vaba_aine	NOUN	1
vaba_ajakeskus	NOUN	1
vaba_liiklus	NOUN	1
vaba_meelne	ADJ	1
vaba_moeline	ADJ	1
vaba_päev	NOUN	1
vaba_riiklus	NOUN	1
vaba_ruum	NOUN	1
vaba_suhtlik	ADJ	1
vaba_tahtelik	ADJ	1
vaba_tahtleja	NOUN	1
vaba_tahtlik	NOUN	1
vaba_usk	NOUN	1
vaba_õhtu	NOUN	1
vaba_õhumuuseum	NOUN	1
vaba_õhusmuusem	NOUN	1
vabaaj_asündmus	NOUN	1
vabaaja_tegevus	NOUN	1
vabadusea_rmastus	NOUN	1
vabald	ADJ	1
vabald	ADV	1
vabalikult	ADV	1
vabam	VERB	1
vabanda	VERB	1
vabandama	PROPN	1
vabandus	VERB	1
vabandus_kiri	NOUN	1
vabanemis_viis	NOUN	1
vabantus	NOUN	1
vabanus	VERB	1
vabas	VERB	1
vabastamine	NOUN	1
vabastatud	ADJ	1
vabastav	ADJ	1
vabastus	NOUN	1
vabavam	ADJ	1
vabem	NOUN	1
vad	NOUN	1
vadatama	VERB	1
vadel	NOUN	1
vadtama	VERB	1
vae_aeg	NOUN	1
vaeg_kuulmis	NOUN	1
vaeldama	VERB	1
vaene	NOUN	1
vaenlama	VERB	1
vaenlastama	VERB	1
vaenlastus	NOUN	1
vaenulik	ADJ	1
vaev	ADJ	1
vaevamus	NOUN	1
vaevlema	ADJ	1
vaevu	ADV	1
vafl	NOUN	1
vagadus	NOUN	1
vagel	ADP	1
vagus	NOUN	1
vaha	ADJ	1
vahe-maa	NOUN	1
vahe_aeg,kui	NOUN	1
vahe_aig	ADV	1
vahe_jalanõ	NOUN	1
vahe_lüli	NOUN	1
vahe_paus	NOUN	1
vahe_pealt	ADV	1
vahe_päev	NOUN	1
vahe_tund	ADJ	1
vahe_tunditel	NOUN	1
vahe_tusõpilane	ADJ	1
vahe_õpilane	NOUN	1
vahea_jata	NOUN	1
vaheag	NOUN	1
vaheajal.au_hind	NOUN	1
vahel,_teeme	NOUN	1
vahel_,mängim	NOUN	1
vaheldu=v	ADJ	1
vahelduma	VERB	1
vaheldumisi	ADV	1
vaheldus_rikka=m	ADJ	1
vahelduvus	NOUN	1
vaheline	NOUN	1
vahen	NOUN	1
vahenam	NOUN	1
vahendaja	NOUN	1
vahest	ADP	1
vahet	NOUN	1
vahet_pidamata	ADJ	1
vahet_und	NOUN	1
vahete_vahel	ADV	1
vahetu	ADJ	1
vahetu_sõpelane	NOUN	1
vahetult	ADV	1
vahetun	NOUN	1
vahetund	NOUN	1
vahetunni_aeg	NOUN	1
vahetus_jalanõu	NOUN	1
vahetus_pere	NOUN	1
vahetus_riie	NOUN	1
vahetusj_alats	NOUN	1
vahetusja_lats	NOUN	1
vahtimine	NOUN	1
vahtma	VERB	1
vahu_lill	NOUN	1
vahuse_djalats	NOUN	1
vahustamine	NOUN	1
vahutama	VERB	1
vahv	ADJ	1
vahv	NOUN	1
vahva.seal	ADJ	1
vahvaim	ADJ	1
vahval	ADJ	1
vahvel	NOUN	1
vai	CCONJ	1
vaia	ADJ	1
vaibakloppi=mine	NOUN	1
vaidatu	VERB	1
vaideldav	ADJ	1
vaidlane	ADJ	1
vaidle	ADJ	1
vaidle_küsimus	NOUN	1
vaidlus_alune	ADJ	1
vaidma	VERB	1
vaidne	NOUN	1
vaidpeama	VERB	1
vaieldavalt	ADV	1
vaieldus	NOUN	1
vaienema	VERB	1
vaigune	ADJ	1
vaik	NOUN	1
vaikimine	NOUN	1
vaiksus	NOUN	1
vaikustama	VERB	1
vailma	VERB	1
vaimne_tervis	NOUN	1
vaimne_tervisest	NOUN	1
vaimu_haigus	NOUN	1
vaimu_tervis	NOUN	1
vaimulik	ADJ	1
vaimusta=v	ADJ	1
vaimustuma	VERB	1
vaitlema	VERB	1
vaitma	VERB	1
vaja	ADJ	1
vaja	ADP	1
vaja_kukk	ADJ	1
vajalikem	ADJ	1
vajalikkum	ADJ	1
vajaline	ADJ	1
vajatav	ADJ	1
vajaujumisprill	ADJ	1
vajdlema	VERB	1
vaje	ADJ	1
vak-tsineeri=tud	ADJ	1
vaka	ADJ	1
vaksal	NOUN	1
vaksiin	NOUN	1
vaktsineeri=mine	NOUN	1
vaktsineerimine	NOUN	1
vaktsineerimis_tõend	NOUN	1
valastama	VERB	1
valb	ADJ	1
valdaja	NOUN	1
valdkondama	NOUN	1
valdkonna	NOUN	1
valdkont	NOUN	1
valdne	ADJ	1
vale_jutt	NOUN	1
vale_tegevus	NOUN	1
valeja	NOUN	1
valek	NOUN	1
valem	ADJ	1
valene	ADJ	1
valestus	NOUN	1
valgalane	NOUN	1
valgama	NOUN	1
valgama	VERB	1
valge-sinine	ADJ	1
valge-sinisema	ADJ	1
valge_venelane	PROPN	1
valgepluusi,püksk	NOUN	1
valgista=tud	ADJ	1
valgu_sandur	NOUN	1
valgus_kiirus	NOUN	1
valgus_rohe	ADJ	1
valgusk_iirgav	ADJ	1
vali	ADV	1
vali.amet@gmail.com	NOUN	1
vali_kuvariant	NOUN	1
vali_sin,ne	ADJ	1
valiamet.com	NOUN	1
valiamet.ee	NOUN	1
valida,_kuht	ADV	1
valik_aine	NOUN	1
valiku_rohkus	NOUN	1
valiku_võimalus	NOUN	1
valikuv_abadus	NOUN	1
valikuvõimalusrohkus	NOUN	1
valil	NOUN	1
valim	NOUN	1
valimine	PROPN	1
valioa.ee	NOUN	1
valis_kutseline	ADJ	1
valistama	VERB	1
valitsemine	NOUN	1
valitsemis_aeg	NOUN	1
valiõigeamet.ee	NOUN	1
valiõigeamet@gmail.com	NOUN	1
valja_kutse	NOUN	1
valja_nägema	VERB	1
valjastamine	NOUN	1
valje=m	ADJ	1
valjemini	ADV	1
valjendama	VERB	1
valjendamis_oskus	NOUN	1
valju	DET	1
valjune	ADJ	1
valjus	ADJ	1
vallandama	VERB	1
vallutus	NOUN	1
valmas	ADJ	1
valminud	ADJ	1
valmis_toode	NOUN	1
valmista=tud	VERB	1
valmistasima	VERB	1
valmistu_skursus	NOUN	1
valmistuma._peol	NOUN	1
valmistus_kursus	NOUN	1
valmistus_töö	NOUN	1
valmstama	VERB	1
valu_korts	NOUN	1
valulik	ADJ	1
valus	NOUN	1
valusalt	ADV	1
valusam	ADJ	1
valutult	ADV	1
valutum	ADJ	1
valvas	ADJ	1
valvur	NOUN	1
van	ADJ	1
vana-aasta-lõpp	NOUN	1
vana-muuseum	PROPN	1
vana-vanem	NOUN	1
vana_aegnednukk	NOUN	1
vana_aegsem	ADJ	1
vana_ais	NOUN	1
vana_eema	NOUN	1
vana_ise	NOUN	1
vana_kood	NOUN	1
vana_lina	NOUN	1
vana_mehe_film	NOUN	1
vana_moedne	ADJ	1
vana_moodi	ADV	1
vana_moodne	ADJ	1
vana_moodsa	ADJ	1
vana_muine	NOUN	1
vana_naine	NOUN	1
vana_rahv	NOUN	1
vana_sõnu	NOUN	1
vana_usuline	ADJ	1
vana_vanem	ADJ	1
vana_vanev	NOUN	1
vanad_kiri	NOUN	1
vanadus	NOUN	1
vanaema	NOUN	1
vanaema-vana_isa	NOUN	1
vanajas	NOUN	1
vanake	NOUN	1
vanal_linn	NOUN	1
vanalinna.kulastama	PROPN	1
vanalinna.seal	NOUN	1
vanalinnas.minu	NOUN	1
vanalinnas.seal	NOUN	1
vanallinn	NOUN	1
vanamängu_asi	NOUN	1
vanane	ADJ	1
vananemine	NOUN	1
vananev	ADJ	1
vanapõlvkond	NOUN	1
vanas_edmäng	NOUN	1
vanase=m	ADJ	1
vanataat	NOUN	1
vanava_nais	NOUN	1
vanavan_avanem	NOUN	1
vana“	ADJ	1
vand	ADJ	1
vande_nõu	NOUN	1
vane_mad.a	NOUN	1
vane_mads	NOUN	1
vane_maid,e	NOUN	1
vane_vanem	NOUN	1
vanem	ADV	1
vanem	VERB	1
vanem_põlvkond	NOUN	1
vanema_tepine	NOUN	1
vanemalt	ADV	1
vanemane	NOUN	1
vanemat	NOUN	1
vanematel	NOUN	1
vanemed	NOUN	1
vanetama	VERB	1
vangista=tud	ADJ	1
vangla_asutus	NOUN	1
vanglane	NOUN	1
vani	NOUN	1
vani_ili	NOUN	1
vaniil	NOUN	1
vanili	ADV	1
vanker	NOUN	1
vann	NOUN	1
vanna_lina	NOUN	1
vannalinnas,tutvuma	NOUN	1
vanni_tuba	NOUN	1
vanu	NOUN	1
vanu_asju	NOUN	1
vanu_segrupp	NOUN	1
vanune	NOUN	1
vanuse_grupp	NOUN	1
vanuse_piirang	NOUN	1
vanuse_vahe	NOUN	1
vaos	NOUN	1
vaos_hoitud	ADJ	1
vapa	NOUN	1
vapp	NOUN	1
vappram	ADJ	1
vapralt	ADV	1
vapusta=v	ADJ	1
vapustavam	ADJ	1
vara	ADJ	1
vara_elu	NOUN	1
vara_kevadine	ADJ	1
varak	NOUN	1
varal	ADP	1
varandus	NOUN	1
varas	ADJ	1
varas	NOUN	1
varasemane	ADJ	1
varastamine	NOUN	1
varasti	ADV	1
varblane	ADJ	1
varem,e	ADJ	1
varema	ADV	1
varemal	ADV	1
vares	ADV	1
vargus	NOUN	1
varieeru=v	ADJ	1
varisema	VERB	1
varjand	NOUN	1
varjant	NOUN	1
varju_pool	NOUN	1
varju_poole	ADP	1
varjuja	NOUN	1
varjuline	ADJ	1
varjus	ADP	1
varjus	ADV	1
varjutamine	NOUN	1
varnane	NOUN	1
varra	ADV	1
varss	NOUN	1
vart	NOUN	1
varukas	NOUN	1
varuvariant	NOUN	1
varv	NOUN	1
varvikas	ADJ	1
varviline	ADJ	1
varvima	VERB	1
vas_tuhaku_viis	NOUN	1
vasak	ADV	1
vasakult	ADV	1
vasdu	ADV	1
vasima	VERB	1
vasitama	VERB	1
vasitav	ADJ	1
vask_toru	NOUN	1
vast	NOUN	1
vast_sündinu	NOUN	1
vasta	ADP	1
vasta=ke	NOUN	1
vasta=nu	NOUN	1
vastama	ADV	1
vastan	ADJ	1
vastandlik	ADJ	1
vastanduma	VERB	1
vastargu_ment	NOUN	1
vastas_seis	NOUN	1
vastastikk	ADJ	1
vastastikku	ADV	1
vastastikkus	NOUN	1
vastastikune	ADJ	1
vastatus	NOUN	1
vastavus	NOUN	1
vaste	NOUN	1
vaste_panu	NOUN	1
vastik	NOUN	1
vastla_päev	PROPN	1
vastu_argumant	NOUN	1
vastu_argumet	NOUN	1
vastu_armastus	NOUN	1
vastu_karv	NOUN	1
vastu_kõndiv	ADJ	1
vastu_külg	NOUN	1
vastu_meelt	NOUN	1
vastu_näide	NOUN	1
vastu_oluline	ADJ	1
vastu_oluliselt	ADV	1
vastu_pandaat	NOUN	1
vastu_panu	NOUN	1
vastu_pidavama	ADJ	1
vastu_poole	ADV	1
vastu_poolne	ADJ	1
vastu_saad	NOUN	1
vastu_st,=kus	NOUN	1
vastu_tulelikkus	NOUN	1
vastu_võte	NOUN	1
vastu_võtuke	NOUN	1
vastuargumente..	NOUN	1
vastudama	VERB	1
vastudus	NOUN	1
vastugi	ADP	1
vastuhakuvõimalus	NOUN	1
vastuja	NOUN	1
vastupi=davam	ADJ	1
vastupidama	VERB	1
vastus_kiri	NOUN	1
vastust,_sina	NOUN	1
vastust,kirjutama	NOUN	1
vastustus_pidal	ADJ	1
vastutama	NOUN	1
vastutane	NOUN	1
vastutas	NOUN	1
vastuts	NOUN	1
vastutus_kindel	ADJ	1
vastutus_kiri	NOUN	1
vastutus_meelne	ADJ	1
vastutus_tunde	ADJ	1
vastutus_tundeline	ADJ	1
vastutus_tundlikum	ADJ	1
vastutuslik	ADJ	1
vastutustu_ndlikum	ADJ	1
vasu_argument	NOUN	1
vasyus	NOUN	1
vatamata	ADP	1
vatamine	NOUN	1
vatamis_värsus	NOUN	1
vatitik	NOUN	1
vatsima	VERB	1
vatt	NOUN	1
vaäga	ADV	1
veade	NOUN	1
veatu	ADJ	1
veb-sait	NOUN	1
vebe_lehe	NOUN	1
vebi_lehe	NOUN	1
veda	ADJ	1
vedama	NOUN	1
vedamine	NOUN	1
vedelev	ADJ	1
vedu	NOUN	1
vee-park	NOUN	1
vee_keskes	NOUN	1
vee_keskus	PROPN	1
vee_nõu	NOUN	1
vee_paradiis	NOUN	1
vee_paradis	NOUN	1
vee_parg	NOUN	1
vee_pargis	NOUN	1
vee_sõja	NOUN	1
vee_toru	NOUN	1
vee_vulin	NOUN	1
veea_llikas	NOUN	1
veebi-programm_erija	NOUN	1
veebi_kaamera	NOUN	1
veebi_lehe	NOUN	1
veebi_portaal	NOUN	1
veebi_põhine	ADJ	1
veebi_raamat	NOUN	1
veebi_suhtlus	NOUN	1
veebi_tund	NOUN	1
veebibrauser	NOUN	1
veebidisain	NOUN	1
veebimine	NOUN	1
veebrua_rilm	NOUN	1
veebruari_kuu	NOUN	1
veebruaril.hakkama	VERB	1
veedang	VERB	1
veeduma	VERB	1
veekeetja	NOUN	1
veekeskusesse.eks_kursioon	NOUN	1
veel	NOUN	1
veelpaljuhuuvi=tav	ADJ	1
veemaster	NOUN	1
veen	ADJ	1
veenama	VERB	1
veendama	VERB	1
veendunud	VERB	1
veenima	VERB	1
veeparki.me	NOUN	1
veeretama	VERB	1
veestleja	NOUN	1
veestlema	VERB	1
veestluma	VERB	1
veestlus	NOUN	1
veet	NOUN	1
veet=nud	ADJ	1
veetadaae	NOUN	1
veetja	NOUN	1
veetlev	ADJ	1
veetmis_koht	NOUN	1
veetorust,mängima	NOUN	1
veetsima	VERB	1
veetud	ADJ	1
vega	NOUN	1
vegan	NOUN	1
vegan_toit	NOUN	1
vegani	NOUN	1
vehkima	VERB	1
veidra	ADJ	1
veidrik	ADJ	1
veka	ADV	1
vel_odroomis.sport	PROPN	1
vembutembu_maa	NOUN	1
vendima	VERB	1
vene-muusikand	NOUN	1
vene-teater	NOUN	1
vene_keeli	ADV	1
vene_laulja	NOUN	1
vene_maa-us	PROPN	1
vene_teater	PROPN	1
venem	NOUN	1
venemuuseumisse_.eg	NOUN	1
venestamine	NOUN	1
veneteater@gmail.com	NOUN	1
venitutus	NOUN	1
venn	NOUN	1
venna_naine	NOUN	1
vennalik	ADJ	1
vennastumine	NOUN	1
ventilatsioon	NOUN	1
veo_auto	NOUN	1
veok	NOUN	1
verand	NOUN	1
verb	NOUN	1
vere_proov	NOUN	1
vere_sookond	NOUN	1
vere_vorst	NOUN	1
verine	ADJ	1
vertualine	ADJ	1
vesi	PROPN	1
vesi	VERB	1
vesi,_toss	NOUN	1
vesi,jala_nõug	NOUN	1
vesi,mugav	ADJ	1
vesi,palli,telefon	NOUN	1
vesi,spodi_püks	NOUN	1
vesi,spordi_riie	NOUN	1
vesi,spordiriidet,toit	NOUN	1
vesi,söök,_koo_liko	NOUN	1
vesi.kell	NOUN	1
vesi.ma	NOUN	1
vesi.meie	NOUN	1
vesiga,hea	NOUN	1
vesiniku_mootor	NOUN	1
vess	NOUN	1
vestel	NOUN	1
vesteldama	VERB	1
vestelgma	VERB	1
vestl_uskaaslane	NOUN	1
vestl_uspartner	NOUN	1
vestlev	NOUN	1
vestlus_teema	NOUN	1
vestma	VERB	1
vet	NOUN	1
vetel_päästja	NOUN	1
veterenaar	NOUN	1
veterinaar	NOUN	1
vetma	NOUN	1
vett	NOUN	1
vett,_sport	NOUN	1
vett,s_pordiriid	NOUN	1
vett._artur	NOUN	1
vett.ma	NOUN	1
viaskama	VERB	1
vibu_laskmine	NOUN	1
vibutama	VERB	1
vidama	VERB	1
vide_obloger	NOUN	1
video-operaator	NOUN	1
video_film	NOUN	1
video_kaamer	NOUN	1
video_keskkond	NOUN	1
video_konkurss	NOUN	1
video_käne	NOUN	1
video_töötlus	NOUN	1
videobl_ogija	NOUN	1
videoblo	NOUN	1
videocha	NOUN	1
videofilm	NOUN	1
videok_lipp	NOUN	1
vidio	NOUN	1
vien	NUM	1
vies	NOUN	1
vieteistküme	NUM	1
viga	ADJ	1
viga	VERB	1
vigama	VERB	1
vigane	ADJ	1
vigu	VERB	1
viha_sööst	NOUN	1
vihastama	VERB	1
vihatsema	VERB	1
vihik	ADJ	1
vihikkus	NOUN	1
vihikus	NOUN	1
vihje	NOUN	1
vihkamine	NOUN	1
vihma,see	NOUN	1
vihma.pane	ADJ	1
vihma_lomp	NOUN	1
vihma_maantel	NOUN	1
vihma_mantel	NOUN	1
vihma_mets	NOUN	1
vihma_piisk	NOUN	1
vihma_pilv	NOUN	1
vihma_varik,ne	NOUN	1
vihmaneja	NOUN	1
vihmas	ADJ	1
vihmavar	NOUN	1
vihtlemine	NOUN	1
vihutama	VERB	1
vii=tud	ADJ	1
viib	NOUN	1
viibija	NOUN	1
viibikne	VERB	1
viibimis_koht	NOUN	1
viibitud	ADJ	1
viida,o_lime	NOUN	1
viido	NOUN	1
viie	NUM	1
viie-minutiline	ADJ	1
viie_aastane	ADJ	1
viie_teiskümnes	ADJ	1
viiea	NOUN	1
viiendaks	ADJ	1
viiendane	ADJ	1
viiene	ADJ	1
viies	NUM	1
viies-	ADJ	1
viiet	NUM	1
viietei_staast	ADJ	1
viieteine	ADJ	1
viieteist_minut	NOUN	1
viieteistkumnenda=l	ADJ	1
viieteistkümmne=n	ADJ	1
viieteistkümneni	ADJ	1
viietärnih_otell	NOUN	1
viiga	NOUN	1
viii	NUM	1
viik	NOUN	1
viiking	NOUN	1
viilusta=tud	ADJ	1
viima	ADJ	1
viima	NOUN	1
viima	NUM	1
viima._teise	NOUN	1
viimaselt	ADV	1
viimasti	ADV	1
viims	ADJ	1
viims	NOUN	1
viimsis	NOUN	1
viinerima	VERB	1
viip	VERB	1
viiralt	ADV	1
viiruma	VERB	1
viirus_haigus	NOUN	1
viiruse_tõtt	NOUN	1
viis	ADJ	1
viis-sada-	NUM	1
viis._huvi	NOUN	1
viis.e_kskursioon	NOUN	1
viis.k_ontsert	NOUN	1
viis.seal	ADV	1
viis.see	NUM	1
viis.sp_ordip	NOUN	1
viis_teistk	ADJ	1
viisakas	NOUN	1
viisalik	ADJ	1
viisi_rida	NOUN	1
viisike	NOUN	1
viisin	NOUN	1
viisküment	NUM	1
viiskümne	NUM	1
viistei	NUM	1
viis“	NUM	1
viitsimine	NOUN	1
viiv	ADJ	1
viivitama	VERB	1
vijama	VERB	1
vik.mets@gmail.com	SYM	1
vik_toorine	NOUN	1
vikat	NOUN	1
vikerkar	NOUN	1
viking	PROPN	1
viktariin	NOUN	1
vikteriin	NOUN	1
vikto_riini,kus	NOUN	1
vikto_riinid,konkursid,tan_tsud	NOUN	1
vikto_riinidest.	NOUN	1
viktoorin	NOUN	1
viktor	PROPN	1
viktor@gmail.com	NOUN	1
viktori_in.	NOUN	1
viktoria@gmail.com	NOUN	1
viktorii_ni,sööm	NOUN	1
viktoriiin	NOUN	1
viktoriin	PROPN	1
viktoriin.=ja	NOUN	1
viktoriin_iv,suur	NOUN	1
viktoriine,jooksima	NOUN	1
viktoriini,_võitja	NOUN	1
viktoriini,tantsime,laulama	NOUN	1
viktoriini,vaatama	VERB	1
viktoriini.ootama	NOUN	1
viktoriinid,_kingitus	NOUN	1
viktoriiniid,mängud,võistluse_d,joo	NOUN	1
viktorine	NOUN	1
viktorinii	NOUN	1
viktormets@gmail.com	NOUN	1
vile_pall	NOUN	1
viletsam	ADJ	1
vilik	NOUN	1
vilja_põll	NOUN	1
viljaka=m	ADJ	1
vilkuv	ADJ	1
villa	NOUN	1
villane	ADJ	1
villastane	ADJ	1
ville_pall	NOUN	1
viltu_vedamis	NOUN	1
vina	NOUN	1
vina	PROPN	1
vinkel	NOUN	1
vinmane	ADJ	1
vintaažne	ADJ	1
vintage	NOUN	1
vinüül_plaad	NOUN	1
vip	NOUN	1
virelema	VERB	1
virtuaal	NOUN	1
virtuaal_keskkond	NOUN	1
virtuaal_võrk	NOUN	1
virtuaaliselt	ADV	1
virtuaalsus	NOUN	1
viru	NOUN	1
viru_keskus	PROPN	1
virus	NOUN	1
virvarr	NOUN	1
virvendama	VERB	1
vis_kamine,me	NOUN	1
visa	NOUN	1
visa=tud	ADJ	1
visada._ol	NOUN	1
visadus	NOUN	1
visamine	NOUN	1
visatama	VERB	1
visatamine,60(	NOUN	1
vise	ADJ	1
vise,j_oost	NOUN	1
vise.veel	NOUN	1
viset,_kaugus	NOUN	1
visi	NOUN	1
visiidi_tasu	NOUN	1
visiit_kaart	NOUN	1
visiteerima	VERB	1
viska	ADJ	1
viskam	NOUN	1
viskama	ADJ	1
viskamine,jalgpall	NOUN	1
viske.jooksmine	NOUN	1
viske_mäng	NOUN	1
viskima	VERB	1
vispel	NOUN	1
vistes	NUM	1
vistma	VERB	1
vitamiini_rikas	ADJ	1
vitatiim	NOUN	1
vitima	VERB	1
vitsuaalne	ADJ	1
viulil_.pile	NOUN	1
vk	NOUN	1
vladimi_r@mail.ru	NOUN	1
vlogger	NOUN	1
vläis_maa	NOUN	1
vogue	NOUN	1
vohkem	ADV	1
voi	CCONJ	1
voima	NOUN	1
voimsam	ADJ	1
voistlus	NOUN	1
vokalist	NOUN	1
voll_eyball	NOUN	1
volüüm	NOUN	1
vontitama	VERB	1
voodine	NOUN	1
voog	NOUN	1
voogedastus	NOUN	1
voolamine	NOUN	1
voolu_tugevus	NOUN	1
vooot	NOUN	1
voorm	NOUN	1
voot	NOUN	1
vordlema	VERB	1
vordlus	NOUN	1
vordne	ADJ	1
vork_pall	NOUN	1
vorme	NOUN	1
vormija	NOUN	1
vormis.hea	NOUN	1
vormistaja	NOUN	1
vormistus	NOUN	1
vormitu	ADJ	1
vorsti	ADV	1
vorsti-juustu	ADJ	1
vorsti=ke	NOUN	1
vorsti_d,ik	NOUN	1
vorstisai	NOUN	1
votama	VERB	1
votima	VERB	1
vottima	VERB	1
voõtma	VERB	1
vrapp	NOUN	1
vrlema	VERB	1
vrsti	ADV	1
vuhisema	VERB	1
vulkaani_pursk	NOUN	1
vulkan	NOUN	1
vurama	VERB	1
vuramine	NOUN	1
väasima	VERB	1
väene	ADJ	1
väese	NOUN	1
väetama	VERB	1
väg	NOUN	1
väga-väga-väga	ADV	1
väga_huvitav	ADJ	1
väga_palju	ADV	1
väge	ADJ	1
vägevam	ADJ	1
vägi	ADV	1
vägi_vald	ADV	1
vägi_vald=sus	NOUN	1
vägisi	ADV	1
vägistamine	NOUN	1
vägivallasisaldus	NOUN	1
vägivallatsema	VERB	1
vägu	NOUN	1
vähe	NOUN	1
vähe_mtuntud	ADJ	1
vähe_tõe_näoline	ADJ	1
väheeduka=m	ADJ	1
väheke	ADV	1
vähenduma	VERB	1
vähera_hvastatus	NOUN	1
vähesem	ADJ	1
vähi	ADV	1
vähi	NOUN	1
vähi_rakk	NOUN	1
vähi_ravim	NOUN	1
vähk	ADV	1
vähki	ADV	1
väht	ADV	1
väi_ke,ne	ADJ	1
väid	ADV	1
väid	CCONJ	1
väidene	NOUN	1
väides	NOUN	1
väidetavalt	ADV	1
väidlus	NOUN	1
väidma	VERB	1
väie	NOUN	1
väige	NOUN	1
väik	ADJ	1
väik_e.esimene	ADJ	1
väika	ADJ	1
väike_laps	NOUN	1
väike_rahvas	NOUN	1
väikelane	NOUN	1
väikem	ADJ	1
väikese_-väikene	ADJ	1
väikest_viisi	ADJ	1
väikse_põlv	NOUN	1
väikselt	ADJ	1
väiksema	ADJ	1
väiksene	ADJ	1
väima	AUX	1
väimus	NOUN	1
väitema	NOUN	1
väitima	VERB	1
väitus	NOUN	1
väjama	VERB	1
väka	ADV	1
väke	NOUN	1
väkendama	VERB	1
väkene	ADJ	1
väkine	NOUN	1
väldima	VERB	1
välgu_kiirus	NOUN	1
väli	ADV	1
väli_maalane	NOUN	1
väli_raadio	NOUN	1
väli_smaalnt	NOUN	1
väli_tegevus	NOUN	1
välima	VERB	1
välis_keskkond	NOUN	1
välis_konflikt	NOUN	1
välis_maa	PROPN	1
välis_maadis	NOUN	1
välis_maal	NOUN	1
välis_maalne	ADJ	1
välis_maanlane	NOUN	1
välis_maareis	NOUN	1
välis_maaõpimine	NOUN	1
välis_mäine	ADJ	1
välis_määl	NOUN	1
välis_poliitika	NOUN	1
välis_reis	NOUN	1
välis_sein	NOUN	1
välis_suhe	NOUN	1
välis_uks	NOUN	1
välisma	ADJ	1
välisma_aless	NOUN	1
välismaakool	NOUN	1
välista=tud	ADJ	1
välj_arva=tud	ADJ	1
välja-mõel=dud	ADJ	1
välja_arenenud	VERB	1
välja_areng	NOUN	1
välja_heidetu	ADJ	1
välja_kujunenud	VERB	1
välja_kutsev	ADJ	1
välja_lend	NOUN	1
välja_lülitumine	NOUN	1
välja_mõeldud	VERB	1
välja_mõelnud	VERB	1
välja_mõtlema	VERB	1
välja_mõtlemine	NOUN	1
välja_nagemine	NOUN	1
välja_näha	NOUN	1
välja_pannek	NOUN	1
välja_peetud	ADJ	1
välja_pool	ADP	1
välja_saamine	NOUN	1
välja_surema	ADJ	1
välja_suremine	NOUN	1
välja_surnud	ADJ	1
välja_toodud	ADJ	1
välja_tulemine	NOUN	1
välja_tõrjun	ADJ	1
välja_töötatud	VERB	1
välja_valima	ADJ	1
välja_õppe	NOUN	1
väljaks	ADV	1
väljamõtlema	VERB	1
väljand	NOUN	1
väljandama	VERB	1
väljandamine	NOUN	1
väljapaistvma	ADJ	1
väljas	NOUN	1
väljas_käimine	NOUN	1
väljas_maa	NOUN	1
väljas_poolt	ADP	1
väljas_poolt	ADV	1
väljast_poolt	ADP	1
väljast_poolt	ADV	1
väljatöötama	VERB	1
väljea	VERB	1
väljemus	NOUN	1
väljendamis_oskus	NOUN	1
väljendamis_viis	NOUN	1
väljendumine	NOUN	1
väljendus	NOUN	1
väljendus_oksus	NOUN	1
väljide	ADJ	1
välju_päev	NOUN	1
väljutama	VERB	1
väljäs_pool	ADP	1
välk_kiirus	NOUN	1
välkk_iire	ADJ	1
välli_mägi	NOUN	1
vält	NOUN	1
vältin	ADJ	1
väna_päev	NOUN	1
vära_vaja	NOUN	1
värava_vaht	NOUN	1
värima	VERB	1
värse	ADJ	1
värsema	VERB	1
värsid-viis	NOUN	1
värske	NOUN	1
värskendus	NOUN	1
värt	NOUN	1
värtsus	NOUN	1
värv_ikireva=m	ADJ	1
värve=lina	ADJ	1
värvi=tum	ADJ	1
värvi_teadus	NOUN	1
värvi_teler	NOUN	1
värvida_sõnu	NOUN	1
värvika=malt	ADV	1
värvili	ADJ	1
värvilini	ADJ	1
värving	NOUN	1
värvitama	VERB	1
värvitu	ADJ	1
värvi~line	ADJ	1
väsidav	ADJ	1
väsima	ADJ	1
väsima	NOUN	1
väsine	ADJ	1
väsinut	ADJ	1
väsiv	ADJ	1
väti	NOUN	1
vätma	VERB	1
vääke	ADJ	1
väältus_maal	NOUN	1
väänama	VERB	1
väär_kasutamine	NOUN	1
väära_rvamus	NOUN	1
väärikam	ADJ	1
väärimine	NOUN	1
vääriv	ADJ	1
väärtne	ADJ	1
väärtus_hink	NOUN	1
väärtuse_matu	ADJ	1
väärtush_innang	NOUN	1
väärtusta=v	ADJ	1
väärtustamine	NOUN	1
vääsi=nud	ADJ	1
väätama	VERB	1
väätma	VERB	1
väätustama	VERB	1
väää	ADV	1
vóitma	VERB	1
vótma	VERB	1
võ	CCONJ	1
võ-	INTJ	1
võdab-saama	VERB	1
võde	NOUN	1
võetama	VERB	1
või	VERB	1
võib	ADV	1
võib.olla	ADV	1
võibp_olla	ADV	1
võid	CCONJ	1
võid	NOUN	1
võide	NOUN	1
võidel=dud	ADJ	1
võidetud	ADJ	1
võidlema	VERB	1
võidma	AUX	1
võidu_püha	NOUN	1
võidu_tunne	NOUN	1
võidus	NOUN	1
võikama	AUX	1
võike	ADJ	1
võikma	AUX	1
võikond	NOUN	1
võiks	NOUN	1
võilema	VERB	1
võilev	NOUN	1
võima	ADV	1
võimal	ADJ	1
võimalas	ADJ	1
võimalis	ADJ	1
võimalud	NOUN	1
võimalus_pärane	ADJ	1
võimaluste_rohk	NOUN	1
võimane	ADJ	1
võimas	NOUN	1
võimasam	ADJ	1
võimata	ADJ	1
võimatus	NOUN	1
võime	AUX	1
võime_kusi	NOUN	1
võimekam	ADJ	1
võimekus	NOUN	1
võimelik	ADJ	1
võimendama	VERB	1
võimes	ADJ	1
võimetus	NOUN	1
võimlane	NOUN	1
võimle=mine	NOUN	1
võimle_nimi	NOUN	1
võimleja	NOUN	1
võimlesime,mängima	VERB	1
võimlus	NOUN	1
võimsalt	ADV	1
võimulene	NOUN	1
võipma	VERB	1
võis_tlused,jaalgpalli=mats	NOUN	1
võiskondi_,osa	NOUN	1
võislus	NOUN	1
võist_lused,korv_pall	NOUN	1
võistkond,aga	NOUN	1
võistkonna_mäng	NOUN	1
võistlemine	NOUN	1
võistlemine,_hüpe	NOUN	1
võistlene	NOUN	1
võistlu	NOUN	1
võistlu_s,kus	NOUN	1
võistlu_sed,k	NOUN	1
võistlus,_jooksul	NOUN	1
võistlus,ja	NOUN	1
võistlus,viktorinid,tosk	NOUN	1
võistlus_,kes	NOUN	1
võistlus_jalgr_atas	NOUN	1
võistlused,_näide	NOUN	1
võistlused,mängud,viktoriin	NOUN	1
võistlused_,piknik	NOUN	1
võistlusime,pärast	ADV	1
võistlut	NOUN	1
võistma	VERB	1
võistulne	NOUN	1
võistuma	VERB	1
võistuslik	ADJ	1
võit=nud	ADJ	1
võitid	ADJ	1
võitis,_võid=nud	ADJ	1
võitis,a	NOUN	1
võitis.ja	NOUN	1
võitlane	NOUN	1
võitlemine	NOUN	1
võitlja	NOUN	1
võitlus_kunst	NOUN	1
võitma	AUX	1
võitmine	NOUN	1
võitn_ud,se	NOUN	1
võitnud,võitma	VERB	1
võitol	NOUN	1
võitsis,_sell	ADJ	1
võitslus	NOUN	1
võitte	NOUN	1
võittma	VERB	1
võitu_koht	NOUN	1
võiv	AUX	1
võjma	VERB	1
võkma	VERB	1
võks	NOUN	1
võlts	ADV	1
võltsilt	ADV	1
võlu_jõud	NOUN	1
võlu_võime	NOUN	1
võluline	ADJ	1
võlur	NOUN	1
võluvalt	ADV	1
võmalus	NOUN	1
võnge	NOUN	1
võnke	NOUN	1
võnkuma	VERB	1
võnkumine	NOUN	1
võraldama	VERB	1
võrama	VERB	1
võras	ADJ	1
võrd	ADJ	1
võrd_väärne	ADJ	1
võrd_õigustamine	NOUN	1
võrdema	VERB	1
võrdlemine	NOUN	1
võrdõiguslikkus	NOUN	1
võreldamine	NOUN	1
võrgu	NOUN	1
võrk	ADJ	1
võrk_kiige	NOUN	1
võrk_paal	NOUN	1
võrk_pall,_korvpall	NOUN	1
võrk_palli,s	NOUN	1
võrk_palli_mäng	NOUN	1
võrk_palli_mängija	NOUN	1
võrk_pallitrenn	NOUN	1
võrk_palliturniir,jalgpalli_matš	NOUN	1
võrka_pall	NOUN	1
võrkeel	NOUN	1
võrkpall,jalgpall,rahpasrepall,erins	ADJ	1
võrkpalli,andama	NOUN	1
võrkpalli,istofetti.7a	NOUN	1
võrkpalli,jall_gpall	NOUN	1
võrkpalli,korvpalli,jal_gpall	NOUN	1
võrkpalli,korvpalli,tantsisime,mängima	NOUN	1
võrkpalli,rahvast_e,peitus	NOUN	1
võrkpalli_võistlus	NOUN	1
võrkpallimängi=ja	NOUN	1
võrkpallimängimine,korvpallimängimine	NOUN	1
võrkv_alliring	NOUN	1
võrl_pall	NOUN	1
võrra	ADV	1
võrras	ADJ	1
võrras	ADV	1
võrratus	NOUN	1
võrre	ADJ	1
võrreldama	VERB	1
võrreldamatult	ADV	1
võrsuma	VERB	1
võrtma	VERB	1
võrts_järv	NOUN	1
võru	NOUN	1
võstkond	NOUN	1
võstluma	VERB	1
võstlusema	VERB	1
võt=nu	VERB	1
võt=tud	ADJ	1
võt_ta,s	VERB	1
võta_oma	NOUN	1
võtisama	VERB	1
võtma:jook,söök,spordikostüm	NOUN	1
võtma:spordi_riie	NOUN	1
võtmaspordi_püks	NOUN	1
võtme_tegur	NOUN	1
võts	ADJ	1
võts	VERB	1
võtsi	NOUN	1
võtsi_osa	VERB	1
võtsima	NOUN	1
võtta_,mid	VERB	1
võtta_spordir	NOUN	1
võtta_vesi	ADV	1
võttav	ADJ	1
võtti	ADV	1
võttmine	NOUN	1
võtuma	VERB	1
võvama	AUX	1
võõ_rinimene	NOUN	1
võõr	ADJ	1
võõr	NOUN	1
võõr_inimene	NOUN	1
võõr_keel	ADV	1
võõr_sõna	NOUN	1
võõra_maa	NOUN	1
võõra_maine	ADJ	1
võõrama_alane	NOUN	1
võõranduma	VERB	1
võõras	ADV	1
võõrdlema	VERB	1
võõrsas	NOUN	1
võõrss	ADJ	1
vöimlus	NOUN	1
vöistlus	NOUN	1
vött	VERB	1
vöttama	VERB	1
vöö_vari	NOUN	1
vürts_kilu	NOUN	1
vütma	VERB	1
waiting	NOUN	1
we	PRON	1
web-sait	NOUN	1
webileht	NOUN	1
websait	NOUN	1
weekend	NOUN	1
what	X	1
wifi......	SYM	1
wii	NOUN	1
wikipedia.com	NOUN	1
wolt	NOUN	1
workout	NOUN	1
www.25kool.ee	NOUN	1
www._kooli.infop	NOUN	1
www.ajaleht.ee	NOUN	1
www.apkool.ee	NOUN	1
www.delfi.ee	NOUN	1
www.ee	NOUN	1
www.eestifilm.ee	NOUN	1
www.ehte.ee	NOUN	1
www.el-se.ee	NOUN	1
www.elu.ee	NOUN	1
www.htgkool.ee	NOUN	1
www.humg.edu.ee	NOUN	1
www.hvginfop	NOUN	1
www.inf.p.vali	NOUN	1
www.info	NOUN	1
www.infopaev	NOUN	1
www.infopaev.ee	NOUN	1
www.jvp.edu.ee	NOUN	1
www.jvp.ope.ee	NOUN	1
www.kjag.ee	NOUN	1
www.kool17.ee	NOUN	1
www.kooliin_fop	NOUN	1
www.kooliinfo@mail.com	NOUN	1
www.koolileht@gmail.com	NOUN	1
www.koool.ee	NOUN	1
www.laanemere.tln.edu.ee	NOUN	1
www.lasgy.tln.edu	NOUN	1
www.lvg.com	NOUN	1
www.läänemere.ee	SYM	1
www.maardu.kool.ee	NOUN	1
www.malevapk.ee	NOUN	1
www.malevapk.ee	SYM	1
www.meieko_ol.ee	NOUN	1
www.meiekool	NOUN	1
www.mggn.ee	NOUN	1
www.minukool.ee	SYM	1
www.mjg.ee/koolia_jaleht	NOUN	1
www.mreal@_mail.ru	NOUN	1
www.njkool.ee	SYM	1
www.näitlejatevalimine.ee	NOUN	1
www.oigeamet.ee	NOUN	1
www.pahklimae.ee	SYM	1
www.pilet.ee	NOUN	1
www.päevamet.ee	NOUN	1
www.registreer_imine	NOUN	1
www.rekkordid.tlg@tln.ee	NOUN	1
www.spordupäevnike.jop.ru	PROPN	1
www.tallinnauuskool.ee	SYM	1
www.teadeee.com	NOUN	1
www.thumg.edu.ee	SYM	1
www.tkvg.ee	SYM	1
www.tlul.ee	NOUN	1
www.tlvl.ee	NOUN	1
www.tlvl.info.ee	NOUN	1
www.tovl.edu.ee	SYM	1
www.valgakultuur.ee	NOUN	1
www.valiamet.ee	SYM	1
www.valioigeamet.ee	NOUN	1
www.võa.ee	SYM	1
www.õige.amet.ee	NOUN	1
www.õigeamet.com	NOUN	1
www.õigeamet.ee	SYM	1
x	NOUN	1
xbox	NOUN	1
xboxi,vaatama	NOUN	1
xxtentacion	NOUN	1
y	NOUN	1
yes	PRON	1
you	X	1
youtu_bei	NOUN	1
z	NOUN	1
z-põ_lvkond	NOUN	1
zaaner	NOUN	1
zaanr	NOUN	1
zae	NOUN	1
zara	NOUN	1
zigzag	NOUN	1
zomb	NOUN	1
zomberi=tud	ADJ	1
zombiks	NOUN	1
zomp	NOUN	1
zoo-par	NOUN	1
zoo_parg	NOUN	1
zoom-keskkond	NOUN	1
zoop_arg_isse,muuseum	NOUN	1
zooparg	NOUN	1
zoopark	NOUN	1
zooparkis.ekskursioon	NOUN	1
zoos	NOUN	1
~170	NUM	1
~5	NUM	1
´.	PUNCT	1
´hkem	ADJ	1
´käsima	VERB	1
´ma	SYM	1
´s	PUNCT	1
Äitah	INTJ	1
Äkke_küla	PROPN	1
Ämari	PROPN	1
Ämaris	PROPN	1
Äri_ülikool	PROPN	1
Õismäes,sii	PROPN	1
Õpilane	PROPN	1
Õppetamine	PROPN	1
Õueson	PROPN	1
Õun	PROPN	1
Üheksanda	ADJ	1
Üheksandik	PROPN	1
Ühend_kuning_riik	NOUN	1
Ühend_kuning_riik	PROPN	1
Ühend_riik	NOUN	1
Ühiselamus	PROPN	1
Ühisgumnaasium	PROPN	1
Ühiskonnaõppetus	PROPN	1
Üle	PROPN	1
Üle-)eile	PROPN	1
Üle_jõe	PROPN	1
Üle_mestekeskus	PROPN	1
Üle_nurme	PROPN	1
Ülemis	PROPN	1
Ülo	PROPN	1
Ümera	PROPN	1
Üritus	PROPN	1
ä	NOUN	1
äbi	ADV	1
äev9a.ee	NOUN	1
äev_võe.	NOUN	1
äevnkl.ee	NOUN	1
äevtlv.ee	NOUN	1
ägeta	ADJ	1
ähvardav	ADJ	1
ähverdama	VERB	1
äitah	ADV	1
äitah	NOUN	1
äitäh	INTJ	1
äkiliselt	ADV	1
äkitselt	ADV	1
äkk	NOUN	1
älle	ADP	1
älle	ADV	1
ämbliku_võrk	NOUN	1
ämbrik	NOUN	1
äme,mängima	VERB	1
ämma_emand	NOUN	1
änalüüsima	VERB	1
äng	NOUN	1
ängime,j_aluta_meja	NOUN	1
äppis	ADV	1
ära_antud	ADJ	1
ära_eksimine	NOUN	1
ära_hoidmine	NOUN	1
ära_jäämine	NOUN	1
ära_minek	NOUN	1
ära_tapmine	NOUN	1
ära_tulemine	NOUN	1
ära_tundmatus	NOUN	1
ära_vahetamatu	ADJ	1
ära_võtt	NOUN	1
äras	ADP	1
äraseletama	VERB	1
äratundm_isrõõm	NOUN	1
äratundmisrõõa	NOUN	1
äratus_helin	NOUN	1
äratus_kelk	NOUN	1
ärda	ADP	1
ärde	ADP	1
äre_vustase	NOUN	1
ärel	ADV	1
ärev	ADJ	1
ärevam	ADJ	1
ärevil	ADJ	1
ärevus_häire	NOUN	1
ärgama	VERB	1
ärgatama	VERB	1
ärgi_päev	ADV	1
ärgitama	VERB	1
äri_asi	NOUN	1
äri_kohtumine	NOUN	1
äri_mäng	NOUN	1
äri_mänk	NOUN	1
äri_sektor	NOUN	1
äri_tegevus	NOUN	1
äri_võimalus	NOUN	1
äridene	NOUN	1
äritama	VERB	1
ärks	ADJ	1
ärkvel	ADV	1
ärritav	ADJ	1
ärritus	NOUN	1
ästi	ADV	1
äv	NOUN	1
äval	ADV	1
ääev	NOUN	1
äämarine	PROPN	1
äär_es,teisi_päev	NOUN	1
ääras	ADP	1
äärde	ADV	1
ääre	ADJ	1
ääre	ADP	1
äärene	NOUN	1
ääres	ADV	1
ääres,_kell	NOUN	1
ääres,m_uuseum	NOUN	1
ääressel	NOUN	1
äärest	ADP	1
ääretu	ADJ	1
ääretus	NOUN	1
ääriliselt	ADV	1
äärmus	NOUN	1
äärmuslik	ADJ	1
äärne	ADJ	1
ääs	NOUN	1
óus	ADJ	1
õ	INTJ	1
õ	NOUN	1
õber	NOUN	1
õbima	VERB	1
õde+d_vend	NOUN	1
õde.me	NOUN	1
õdu	NOUN	1
õed	NOUN	1
õede	NOUN	1
õel=dud	ADJ	1
ões	ADV	1
õetaja	NOUN	1
õgesti	ADV	1
õhas	VERB	1
õhe	ADJ	1
õhk	ADJ	1
õhk	PROPN	1
õhkul	NOUN	1
õhkuma	VERB	1
õhtu_aeg	NOUN	1
õhtu_ooteks	NOUN	1
õhtu_pool	NOUN	1
õhtu_poole	ADV	1
õhtu_tunne	NOUN	1
õhtul,_kell	NOUN	1
õhtul.kõiksull	NOUN	1
õhtul.m	NOUN	1
õhtuma	VERB	1
õhtuti	NOUN	1
õhtutulema	VERB	1
õhu_pall	PROPN	1
õhu_pallid,kui	NOUN	1
õhu_reostus	NOUN	1
õhu_rõhk	NOUN	1
õhu_saas	NOUN	1
õhu_saastamine	NOUN	1
õhu_saastatus	NOUN	1
õhu_sõiduk	NOUN	1
õhu_temperatuur	NOUN	1
õhukene	ADJ	1
õhustik	NOUN	1
õhutus_nõue	NOUN	1
õiendama	VERB	1
õiesti	ADV	1
õige.ee	NOUN	1
õige_pea	ADV	1
õige_pool	ADV	1
õige_usk	NOUN	1
õige_usklik	ADJ	1
õigeamet_@mail.ru	NOUN	1
õigesta=tud	ADJ	1
õigetametit.com	NOUN	1
õigselt	ADV	1
õigsus	NOUN	1
õigus	PROPN	1
õigust	NOUN	1
õigustama	VERB	1
õik	NOUN	1
õilane	NOUN	1
õilne	ADJ	1
õilus	ADJ	1
õis_mägi	NOUN	1
õitma	VERB	1
õle_väsimus	NOUN	1
õlema	AUX	1
õli	NOUN	1
õli	VERB	1
õli_kool	NOUN	1
õlu	NOUN	1
õnelik	ADJ	1
õnelikem	ADJ	1
õnellik	ADJ	1
õnne_pisar	VERB	1
õnne_päev	NOUN	1
õnne_seen	NOUN	1
õnne_seenik	NOUN	1
õnne_soov	NOUN	1
õnne_särg	NOUN	1
õnnelikkuk	ADJ	1
õnnepi_sara	NOUN	1
õnnestumine	NOUN	1
õnnestus	VERB	1
õnnets	NOUN	1
õnnetu	NOUN	1
õnnetult	ADV	1
õnne“	NOUN	1
õooima	VERB	1
õov@humg.edu.ee	SYM	1
õp	PROPN	1
õpe_eaine	NOUN	1
õpe_film	NOUN	1
õpe_hoone	NOUN	1
õpe_kaslane	NOUN	1
õpe_kava	NOUN	1
õpe_materjal	NOUN	1
õpe_programm	NOUN	1
õpe_päev	NOUN	1
õpe_suun	NOUN	1
õpea_laj_uhataja	NOUN	1
õpeaasta_lõpp	NOUN	1
õpelane	ADJ	1
õpema	VERB	1
õpemine	NOUN	1
õpet	VERB	1
õpeta=nud	ADJ	1
õpeta=tav	ADJ	1
õpeta=tud	ADJ	1
õpeta_jat,n	NOUN	1
õpetaj.	NOUN	1
õpetaj_alek	NOUN	1
õpetaja	PROPN	1
õpetaja/_treener	NOUN	1
õpetaja@gmail.com	NOUN	1
õpetaja_hakkab	VERB	1
õpetaja_päev	NOUN	1
õpetajale-emale-i=sa	NOUN	1
õpetajatega-tega	NOUN	1
õpetam	NOUN	1
õpetjaa	NOUN	1
õpetlikum	ADJ	1
õpettaja	NOUN	1
õpetuma	VERB	1
õpetuslik	ADJ	1
õpi	NOUN	1
õpi_haridus	NOUN	1
õpi_himus	NOUN	1
õpi_koht	NOUN	1
õpi_laane	NOUN	1
õpi_lanegümnaasium	NOUN	1
õpi_lased,ke	NOUN	1
õpi_lasom_avalistus	NOUN	1
õpi_mistase	NOUN	1
õpikuid,parem	NOUN	1
õpikus	NOUN	1
õpila_stevaheta=mine	NOUN	1
õpiladt	NOUN	1
õpilana	NOUN	1
õpilane.	NOUN	1
õpilane.eesti@m_ail.ru	NOUN	1
õpilane.koolitus@kool.ee	NOUN	1
õpilanna	NOUN	1
õpilas	ADJ	1
õpilas_ed,mone	NOUN	1
õpilas_ed,t	NOUN	1
õpilas_eesindaja	NOUN	1
õpilas_firma	NOUN	1
õpilase	NOUN	1
õpilase_pilet	NOUN	1
õpilased,5	NOUN	1
õpilased,vanem	NOUN	1
õpilased@gmail.com	NOUN	1
õpilasid:mart,mihkel,	NOUN	1
õpilaslik	ADJ	1
õpilasnl	NOUN	1
õpilasp	NOUN	1
õpime-eest	ADV	1
õpimene	NOUN	1
õpimis_programm	NOUN	1
õpimis_võimeline	ADJ	1
õpin	NOUN	1
õpin..	NOUN	1
õpinud	ADJ	1
õpitase	NOUN	1
õpitavaidma	VERB	1
õpitud	NOUN	1
õpitus	NOUN	1
õpkima	VERB	1
õpp	VERB	1
õppe_ala	NOUN	1
õppe_ala_juhataja	NOUN	1
õppe_edukus	NOUN	1
õppe_film	NOUN	1
õppe_juht	NOUN	1
õppe_jõud	NOUN	1
õppe_keel	NOUN	1
õppe_koht	NOUN	1
õppe_laager	NOUN	1
õppe_mäng	NOUN	1
õppe_paus	NOUN	1
õppe_prograam	NOUN	1
õppe_päevik	NOUN	1
õppe_reis	NOUN	1
õppe_retk	NOUN	1
õppe_rong	NOUN	1
õppe_sund	NOUN	1
õppe_sõit	NOUN	1
õppe_taj_a,te	NOUN	1
õppe_tegevus	NOUN	1
õppe_tulemus	NOUN	1
õppe_video	NOUN	1
õppe_viis	NOUN	1
õppelane	NOUN	1
õppeline	NOUN	1
õppeng	NOUN	1
õppenud	ADJ	1
õppes_üsteem	NOUN	1
õppetamis_viis	NOUN	1
õppetunt	NOUN	1
õppi,pannema	VERB	1
õppi=tud	ADJ	1
õppi_film	NOUN	1
õppi_kava	NOUN	1
õppi_me,ne	NOUN	1
õppi_viis	NOUN	1
õppiema	VERB	1
õppika	NOUN	1
õppimagümnaasium	NOUN	1
õppimi_sprogramm	NOUN	1
õppimis_kava	NOUN	1
õppimis_keskkond	NOUN	1
õppimis_olu_kord	NOUN	1
õppimis_soov	NOUN	1
õppimis_tase	NOUN	1
õppimis_viis	NOUN	1
õppimis_võimalus	NOUN	1
õppimise_aeg	NOUN	1
õppimise_protsess	NOUN	1
õppimma	VERB	1
õppin	NOUN	1
õppind	NOUN	1
õppine	NOUN	1
õppingu_programm	NOUN	1
õppisima	VERB	1
õppitma	VERB	1
õppli_lane,mulne	NOUN	1
õprtaja	NOUN	1
õramine	ADJ	1
õrnalt	ADV	1
õrnemalt	ADV	1
õte	NOUN	1
õtuti	ADV	1
õudma	VERB	1
õudsalt	ADV	1
õudseld	ADV	1
õudsus	ADJ	1
õudsus	NOUN	1
õudu_film	NOUN	1
õudukas	ADJ	1
õudus	ADJ	1
õudus_jutt	NOUN	1
õudus_juttud	NOUN	1
õue_mäng	NOUN	1
õue_s,seal	ADV	1
õuene	NOUN	1
õues,m	NOUN	1
õuge	NOUN	1
õuna_jäät	NOUN	1
õuna_kook	NOUN	1
õuna_moos	NOUN	1
õunu	NOUN	1
õunu,	NOUN	1
õus	ADJ	1
õustuma	VERB	1
õuts	NOUN	1
õõel=dud	ADJ	1
õõpetaja	NOUN	1
õõtund	NOUN	1
õõun	NOUN	1
õõvastavam	ADJ	1
ö	NOUN	1
ö/õelma	VERB	1
öbidas	VERB	1
öe	VERB	1
öed	NOUN	1
öel=dud	ADJ	1
öelda,e	NOUN	1
öelda,et	NOUN	1
öelda,mis	NOUN	1
öeldam	VERB	1
öeldane	VERB	1
öeldu	VERB	1
öhtune	ADJ	1
öhtuti	ADV	1
öi	NOUN	1
öigesti	ADV	1
öine	ADJ	1
öko	NOUN	1
ökoloogia	NOUN	1
ökoloogiline	ADJ	1
ökonomist	NOUN	1
ökonoomne	ADJ	1
ökonoomse=m	ADJ	1
ökonoomsem	ADJ	1
öldma	VERB	1
ölump_iamäng	NOUN	1
öpilas	NOUN	1
öra	ADV	1
öõtlema	VERB	1
öö_klubiss	NOUN	1
öö_koht	NOUN	1
öö_külm	NOUN	1
öö_matkale	NOUN	1
öö_pimedu	NOUN	1
öö_päevast	NOUN	1
ööbi_koht	NOUN	1
ööbil	ADV	1
ööbimis_koha	NOUN	1
ööbimis_maju	NOUN	1
ööbimis_paik	NOUN	1
ööbimis_tingimus	NOUN	1
ööbisema	VERB	1
ööbistamine	NOUN	1
ööbitsema	VERB	1
ööbuma	VERB	1
ööelma	VERB	1
ööl_aulu_pidu	NOUN	1
ööline	ADJ	1
ööma	VERB	1
ööpi_dudt	NOUN	1
ööseks	NOUN	1
öösi	ADV	1
üahvastepallimatš	NOUN	1
übrus	NOUN	1
ühak_sandas	ADJ	1
ühe	PRON	1
ühe_keel	ADV	1
ühe_kord	ADV	1
ühe_korruseline	ADJ	1
ühe_ksa	ADJ	1
ühe_ksaks,	NUM	1
ühe_ksandajat	ADJ	1
ühe_ksast-kuu	NUM	1
ühe_ksateise	NUM	1
ühe_kuuluvustunne	NOUN	1
ühe_moodi	ADV	1
ühe_mõtteline	ADJ	1
ühe_mõtteliselt	ADV	1
ühe_paja	ADJ	1
ühe_ruumiline	ADJ	1
ühe_sooline	ADJ	1
ühe_sugusteks	ADJ	1
ühe_tubaline	ADJ	1
ühe_tähenduslikult	ADV	1
ühea_rvamus	NOUN	1
ühedama	VERB	1
üheka	NUM	1
ühekesi	ADV	1
ühekk	DET	1
üheks_aastane	ADJ	1
üheks_anne	NUM	1
üheksakü_mnends	ADJ	1
üheksandaklassiõ_pilane	NOUN	1
üheksandik	NUM	1
üheksas	NUM	1
üheksas.b	ADJ	1
üheksas/9	NUM	1
üheksate	NUM	1
üheksateistkümmnenda=l	ADJ	1
üheksateistkümnes	ADJ	1
ühen_daklass	NOUN	1
ühend	NOUN	1
ühenda=tud	ADJ	1
ühendadama	VERB	1
ühendaja	NOUN	1
ühenduma	VERB	1
ühendus_keel	NOUN	1
ühenema	VERB	1
ühentus_tee	NOUN	1
ühepaja_toit	NOUN	1
üheradio_saade	NOUN	1
ühes_eis	NUM	1
ühes_elam	NOUN	1
ühes_külg	ADV	1
ühes_sateist	NUM	1
ühessõnas	ADV	1
ühest_külg	ADV	1
ühestrans_port	NOUN	1
ühet_eistkümnes	ADJ	1
ühet_ist	NUM	1
üheteistaastane	NOUN	1
ühik	NOUN	1
ühika_maja	NOUN	1
ühindama	VERB	1
ühindus	NOUN	1
ühis	ADJ	1
ühis_arvamus	NOUN	1
ühis_elam	NOUN	1
ühis_keel	NOUN	1
ühis_konnaareng	NOUN	1
ühis_tants	NOUN	1
ühis_transpt	NOUN	1
ühiskondlikult	ADV	1
ühiskone	NOUN	1
ühiskonna_grupp	NOUN	1
ühiskonna_liige	NOUN	1
ühiskonna_probleem	NOUN	1
ühiskonna_saas	NOUN	1
ühiskonna_õppetus	NOUN	1
ühiskonnakujunemine	NOUN	1
ühiskonnap_robleem	NOUN	1
ühiskonnaõ_ppetus	NOUN	1
ühistama	VERB	1
ühke	ADJ	1
ühks	PRON	1
ühks_eist	PRON	1
üht	ADV	1
üht	NOUN	1
üht_ehoidev	ADJ	1
üht_ehoidmistunne	NOUN	1
üht_sugune	PRON	1
ühta_inuke	ADJ	1
ühte_asi	NOUN	1
ühte_hoid	NOUN	1
ühte_hoidvus	NOUN	1
ühte_kaupa	ADV	1
ühte_koht	ADV	1
ühte_kuluvu_stunn	NOUN	1
ühte_kuuluv	ADJ	1
ühte_liitja	NOUN	1
ühte_pidi	ADV	1
ühtehoidma	ADJ	1
ühtekuulu=v	ADJ	1
ühti	ADV	1
ühtima	VERB	1
ühtis	ADJ	1
ühtk_uuluvus_tunne	NOUN	1
ühtkeelt	ADV	1
ühtlus_tunne	NOUN	1
ühtlustuma	VERB	1
ühtse	ADJ	1
üiiatus_,me	NOUN	1
üikool	NOUN	1
üks	ADJ	1
üks,spordi_päev	NOUN	1
üks-teine	PRON	1
üks_ainus	ADJ	1
üks_hetk	NOUN	1
üks_iolek	NOUN	1
üks_jagu	ADV	1
üks_kell	NOUN	1
üks_kõike	ADV	1
üks_kõikel	ADV	1
üks_kõikselt	ADV	1
üks_luisus	NOUN	1
üks_meel	NOUN	1
üks_meelselt	ADV	1
üks_meelsus	NOUN	1
üks_teist	NUM	1
üksasi	NOUN	1
üksegi	ADV	1
ükseni	NOUN	1
üksi	PRON	1
üksi_kasjalikult	ADV	1
üksi_olek	NOUN	1
üksi_olemine	NOUN	1
üksik	NOUN	1
üksikult	ADV	1
üksikumalt	ADV	1
üksindam	ADJ	1
ükstas_puha	NOUN	1
üksteisemõ_istmine	NOUN	1
ükt_eise	PRON	1
ül_ean=tud	VERB	1
ül_ema_ailns	ADJ	1
ül_ikooliadministratsioon	NOUN	1
ülal_esita=tud	ADJ	1
ülal_pidamine	NOUN	1
ülalt	ADV	1
ülbitsema	VERB	1
üld	NOUN	1
üld_aine	NOUN	1
üld_laul	NOUN	1
üld_laulu_peol	NOUN	1
üld_pilt	NOUN	1
üld_reegel	NOUN	1
üldes	ADV	1
üldima	VERB	1
üldiseld	ADV	1
üldisem	ADJ	1
üldistavalt	ADV	1
üldl_aulu_peol	NOUN	1
üldne	ADV	1
üldseks	ADV	1
üldselt	ADV	1
üldsus	NOUN	1
üle_eestiline	ADJ	1
üle_eiele	ADV	1
üle_elamine	NOUN	1
üle_haridus	NOUN	1
üle_hindama	VERB	1
üle_ilmsete	ADJ	1
üle_jaan	NOUN	1
üle_jääk	NOUN	1
üle_jäänu	ADJ	1
üle_kaalukus	NOUN	1
üle_kaaluvnd	VERB	1
üle_kann	NOUN	1
üle_kolis	NOUN	1
üle_kool	NOUN	1
üle_kuumenemine	NOUN	1
üle_kõige	ADV	1
üle_küllus	NOUN	1
üle_loomuk	ADJ	1
üle_loomulik	ADJ	1
üle_minek	NOUN	1
üle_olevalt	ADV	1
üle_rahvasta=tud	ADJ	1
üle_rahvastumine	NOUN	1
üle_rahvastus	NOUN	1
üle_sanned,jo_oks	NOUN	1
üle_soomine	NOUN	1
üle_trenn	VERB	1
üle_vaatav	VERB	1
üle_üldis	ADJ	1
üleas_anne	NOUN	1
ülee_motsionaalne	ADJ	1
ülekoormustama	VERB	1
üleks	ADV	1
ülekuumene=mine	NOUN	1
üleldine	ADJ	1
ülem_õtlemine	NOUN	1
ülema	VERB	1
ülemine	NOUN	1
ülemine	PROPN	1
ülemus_ele.	NOUN	1
üles_anne	PROPN	1
üles_kaevaja	NOUN	1
üles_kasvatatud	ADJ	1
üles_kasvatatud	VERB	1
üles_laadimine	NOUN	1
üles_laetud	ADJ	1
üles_mäge	ADV	1
üles_pool	ADV	1
üles_sanne	NOUN	1
üles_tõus	NOUN	1
ülesan_deid,auh	NOUN	1
ülesant	NOUN	1
ülese	ADV	1
ülese_hitamine	NOUN	1
ülesehitama	VERB	1
ülesl_aadimine	NOUN	1
üleslaadima	VERB	1
üless	ADV	1
ülessane	NOUN	1
ülest	ADV	1
ületamatu	ADJ	1
ülevaltoo=dud	ADJ	1
üli	ADJ	1
üli_hea	ADJ	1
üli_inimene	NOUN	1
üli_kane	NOUN	1
üli_kiire	NOUN	1
üli_koli	NOUN	1
üli_koolielus	NOUN	1
üli_koolimeedia	NOUN	1
üli_kõrg	ADJ	1
üli_kõrge	ADJ	1
üli_muugav	ADJ	1
üli_rahvasta=tud	ADJ	1
üli_range	ADJ	1
üli_suur	ADJ	1
üli_tore	ADJ	1
üli_tore	NOUN	1
üli_täht	ADJ	1
üli_tähtis	ADJ	1
üli_valjult	ADV	1
üli_viisakas	ADJ	1
üli_vähe	ADV	1
üliko_kool	NOUN	1
ülikooli_linn	NOUN	1
ülimine	NOUN	1
üliraske	ADJ	1
ülirõõmus	ADJ	1
ülis_anne	NOUN	1
ülistamine	NOUN	1
üliäge	ADJ	1
üliõ_pilaskond	NOUN	1
ülj_äänud	ADJ	1
ülla_sane	NOUN	1
üllal	ADV	1
üllastus	NOUN	1
üllatusõ_petaja	NOUN	1
ülle_sanne	NOUN	1
üllema	VERB	1
ülsanne	NOUN	1
ülse_nadde	NOUN	1
ültse	ADJ	1
ümar	ADJ	1
ümargune	ADJ	1
ümber_harjumine	NOUN	1
ümber_maa_ilma_reis	NOUN	1
ümber_mõel	VERB	1
ümber_mõlemine	NOUN	1
ümber_mõtlemine	NOUN	1
ümber_suuna	VERB	1
ümber_sõnastama	VERB	1
ümberehitama	VERB	1
ümberkujunema	VERB	1
ümbert	ADV	1
ümbres	ADP	1
ümbretus	NOUN	1
ümbri-tsev	ADJ	1
ümbrik	NOUN	1
ümbritse	NOUN	1
ümbritse=tud	ADJ	1
ümbritse=v	ADJ	1
ümbritsemine	NOUN	1
ümbrus	ADJ	1
ümbrus_ekskursioon	NOUN	1
ümbrustama	VERB	1
ümbrutsus	NOUN	1
ümer	ADP	1
ümise=tud	ADJ	1
ümiseti	ADV	1
ümisev	ADJ	1
ümpris	ADV	1
ümrutses	NOUN	1
üpetaja	NOUN	1
üprisgi	ADV	1
ürg_mets	NOUN	1
ürgaja	NOUN	1
ürgne	ADJ	1
üri=tu	NOUN	1
ürima	VERB	1
üristus	NOUN	1
ürisus	NOUN	1
ürit	NOUN	1
üritaja	NOUN	1
ürituma	VERB	1
üritus	VERB	1
üritus_ted	NOUN	1
ürste	NOUN	1
ürutus	NOUN	1
üsk	NOUN	1
üska	ADV	1
ütalema	VERB	1
üteldama	VERB	1
üteldma	VERB	1
ütelg	VERB	1
ütellma	VERB	1
üteltama	VERB	1
ütles_,et	NOUN	1
ütlesima	VERB	1
ütlevma	VERB	1
ütllema	VERB	1
ütluma	VERB	1
ütma	VERB	1
üüper	ADV	1
üüratult	ADV	1
üürgama	VERB	1
üürima	VERB	1
Škoda	PROPN	1
Šnell	PROPN	1
Šroom	PROPN	1
Šveits	NOUN	1
Šveits	PROPN	1
šanse	NOUN	1
šansne	ADJ	1
šaslõk	NOUN	1
šašlokk	NOUN	1
šašlõk=ke	NOUN	1
šašlõkk	NOUN	1
šedever	NOUN	1
šhokolaad	NOUN	1
šokeeri=v	ADJ	1
šokk	ADJ	1
šokk	NOUN	1
šokol	NOUN	1
šokolaadi_faabrika	NOUN	1
šokolaadi_piruk	NOUN	1
šokolaadi_tahvel	NOUN	1
šokolaadi_tort	NOUN	1
šokolaadika	NOUN	1
šoppamine	NOUN	1
šou	NOUN	1
štorm	NOUN	1
štuaf	NOUN	1
Ženja	PROPN	1
žaanr	NOUN	1
žaner	NOUN	1
žanres	NOUN	1
žanriline	ADJ	1
žeraf	NOUN	1
žurnal=ist	NOUN	1
победит	X	1
​​klass	NOUN	1
​​​_​​​kui	NOUN	1
​​​​​11.	ADJ	1
​​​​​​	ADV	1
–kirjutama	VERB	1
–kolma_päev	NOUN	1
–särk	NOUN	1
–tel	NOUN	1
–vesi	NOUN	1
–viktoroja1234@mail.ru	PROPN	1
‘	PUNCT	1
‘’	PUNCT	1
‘’dviga	NOUN	1
’keluke	NOUN	1
“estonia	PROPN	1
“jookse_pulk	NOUN	1
“pange_selk	NOUN	1
….(	PUNCT	1
€osalemine	NOUN	1
